tree
version=v4
num_class=1
num_tree_per_iteration=1
label_index=0
max_feature_idx=12
objective=binary sigmoid:1
feature_names=name_token_set_ratio name_token_sort_ratio name_levenshtein_ratio name_partial_ratio name_token_jaccard name_first_tok_match name_len_diff_ratio addr_token_set_ratio addr_token_sort_ratio addr_is_empty addr_num_overlap combined_score source_is_s3
feature_infos=[0:1] [0:1] [0:1] [0:1] [0:1] [0:1] [0:1] [0:1] [0:1] [0:1] [0:1] [0.12203390151262283:1] [0:1]
tree_sizes=4927 4952 4957 4976 4979 4971 4972 4989 4965 4972 5010 5003 4994 5002 4987 5003 5000 4998 5003 5023 5028 5016 5026 5021 5028 5022 5025 5029 5019 5020 5004 5025 5022 5012 5018 5030 5056 5019 5019 5015 5046 5033 5050 5034 5045 5021 5033 5032 5028 5056 5030 5029 5006 5005 5025 5022 5041 4999 5028 5027 5014 5037 5051 5027 5021 5032 5058 5043 5054 5029 5045 5039 5037 5029 5038 5019 5039 5034 5056 5060 5022 5055 5049 5036 5042 5057 5043 5053 5033 5043 5006 5043 5052 4999 5018 5050 5043 5040 5043 5023 4982 5007 5071 5061 5042 5047 5059 5009 5037 5015 5016 5023 4998 5010 5022 5026 5019 4995 5006 5026 5036 5015 5028 4979 5059 4995 5035 5003 5016 5024 5003 5035 4991 5022 4984 5000 4985 5011 5007 5008 5004 5051 4997 4943 5016 4987 5042 5022 5012 5000 4967 5021 5013 5017 4997 4990 4986 5004 4992 5021 5021 5048 4963 4976 5002 5000 5010 4983 4964 4985 4987 5015 4978 5020 4981 4957 4973 5009 4975 5008

Tree=0
num_leaves=45
num_cat=0
split_feature=7 12 3 7 11 6 4 7 4 10 7 11 1 7 12 12 2 8 4 3 4 7 3 6 4 10 8 12 3 7 7 12 8 3 4 6 1 10 4 8 1 6 4 4
split_gain=552685 12516.4 11364.2 8797.9 9440.26 6181.91 4354.78 3391.93 6078.07 3387.36 2212.67 2205.78 2062.35 1351.82 1098.41 996.263 722.625 661.324 642.85 1051.33 638.982 621.413 557.652 499.108 443.475 404.983 362.618 356.416 333.873 302.275 291.58 361.958 289.778 270.011 263.666 249.738 249.321 240.431 239.561 213.623 212.335 205.345 234.394 190.667
threshold=0.69104278087615978 1.0000000180025095e-35 0.65648320317268383 1.0000000180025095e-35 0.77690690755844127 0.60996279120445263 0.30384616553783422 1.0000000180025095e-35 0.5634920895099641 1.0000000180025095e-35 0.86287939548492443 0.84212991595268261 0.90366768836975109 0.57214644551277172 1.0000000180025095e-35 1.0000000180025095e-35 0.87206766009330761 0.62880185246467601 0.10555555671453477 0.98213717341423046 0.30384616553783422 0.51628047227859508 0.61938297748565685 0.20185185223817828 0.76388889551162731 0.75000000000000011 0.84384033083915722 1.0000000180025095e-35 0.82952776551246654 0.96476501226425182 0.76325833797454845 1.0000000180025095e-35 0.85193490982055675 0.84889996051788341 0.43650794029235845 0.97619047760963451 0.9634092152118684 1.0000000180025095e-35 0.47727273404598242 0.74203693866729747 0.21846590936183932 0.16064515709877017 0.095454547554254546 0.47727273404598242
decision_type=2 2 2 2 2 2 2 2 2 2 2 2 2 2 2 2 2 2 2 2 2 2 2 2 2 2 2 2 2 2 2 2 2 2 2 2 2 2 2 2 2 2 2 2
left_child=1 7 5 20 13 6 15 8 16 12 14 -9 18 -5 25 26 34 27 -4 23 -3 37 35 -20 33 -7 -2 29 30 -12 31 43 -17 -10 -1 -15 -14 -6 39 -8 -28 -32 -43 -11
right_child=2 3 9 4 21 10 38 11 24 28 17 -13 36 22 -16 32 -18 -19 19 -21 -22 -23 -24 -25 -26 -27 40 -29 -30 -31 41 -33 -34 -35 -36 -37 -38 -39 -40 -41 -42 42 -44 -45
leaf_value=-1.1687590154225445 -1.1500560167717275 -1.1021990615625812 -0.75569109725845729 -1.1646961111133836 -1.1526975426889101 -0.76831004067112096 -1.0714270422622918 -1.1735691354981044 -1.0776886538521435 -1.1075244388587495 -0.99751968178789219 -0.86022373219940551 -0.824771415255664 -1.1322432447037507 -0.79267221656811726 -1.0328088234315729 -0.92473184472190062 -0.78006589494406264 -0.94331239426807412 -0.84905664537306391 -0.78316048783934411 -0.77361095601696384 -0.83148361566907281 -1.0749105715122445 -0.86042889972721548 -1.0842843066108714 -0.88334132025913548 -0.76455597024813349 -0.75691400119311958 -0.85353351001801125 -0.76650886158483533 -0.77027452172670374 -0.8879196648709119 -0.94290489945422418 -1.0883214451347956 -0.8448339991589473 -0.7562286748785163 -0.82823313273912669 -0.76813546565436364 -0.81344766466075491 -1.0745997539430319 -0.75927819798975138 -0.8479126490382507 -0.82823313273912669
leaf_weight=2658.90465721488 745.78103832900524 42.289499491453171 152.96607248485088 2607.4714821577072 41.14654004573822 28.192999660968781 34.288783371448517 88633.457123339176 118.67728911340237 50.480708852410316 177.15871408581734 144.01289016008377 528.80923688411713 103.24733659625053 136.96464024484158 186.30238965153694 85.340971946716309 2056.7555225640535 559.85963515937328 618.53155337274075 804.4529565423727 545.95362856984138 108.5811473429203 275.0722399353981 395.08298173546791 327.83886767923832 42.099006250500679 122.67764717340469 22837.66317807138 197.16050438582897 2157.1454605460167 74.292363971471786 168.01503852009773 479.28099423646927 289.16873976588249 23.81165511906147 949.41831290721893 22.668695673346519 365.3660361468792 51.242681816220284 316.02828674018383 310.31348951160908 496.42538592219353 22.668695673346519
leaf_count=13958 3915 222 803 13688 216 148 180 465284 623 265 930 756 2776 542 719 978 448 10797 2939 3247 4223 2866 570 1444 2074 1721 221 644 119887 1035 11324 390 882 2516 1518 125 4984 119 1918 269 1659 1629 2606 119
internal_value=-1.06644 -1.16362 -0.788796 -1.03018 -1.08685 -0.90076 -1.01363 -1.1698 -1.09799 -0.769685 -0.830033 -1.17306 -0.84894 -1.14811 -0.985199 -1.08082 -1.15423 -0.800078 -0.911689 -0.928107 -0.799094 -0.801222 -0.964613 -0.986668 -0.9262 -1.05926 -1.11828 -0.882896 -0.760263 -0.92168 -0.784849 -0.894652 -0.964103 -0.969656 -1.16087 -1.07838 -0.780749 -1.03744 -0.796349 -0.916869 -1.05212 -0.779386 -0.813819 -1.02097
internal_weight=131093 97103.5 33989.5 4299.62 3452.88 4955.87 1909.12 92803.9 4026.46 29033.6 3046.75 88777.5 3084.66 2843.11 492.997 1458.23 3033.41 2553.75 1606.43 1453.46 846.742 609.769 235.64 834.932 993.041 356.032 1103.91 496.997 25949 374.319 3111.33 147.442 354.317 597.958 2948.07 127.059 1478.23 63.8152 450.898 85.5315 358.127 2963.88 806.739 73.1494
internal_count=688177 509748 178429 22571 18126 26016 10022 487177 21137 152413 15994 466040 16193 14925 2588 7655 15924 13406 8433 7630 4445 3201 1237 4383 5213 1869 5795 2609 136220 1965 16333 774 1860 3139 15476 667 7760 335 2367 449 1880 15559 4235 384
is_linear=0
shrinkage=1


Tree=1
num_leaves=45
num_cat=0
split_feature=7 7 4 11 11 7 12 10 12 1 6 2 10 1 8 12 7 2 12 4 12 2 12 12 4 12 10 8 5 10 7 11 6 2 6 1 2 11 2 6 10 10 4 1
split_gain=432048 10342.2 10778.5 8201.09 7276.62 5218.77 1917.43 1887.72 1692.78 1323.2 1167.5 3613.6 895.836 842.561 541.898 533.329 1653.19 971.454 531.317 471.21 430.577 419.9 411.342 409.115 348.807 343.757 357.136 340.368 271.027 263.439 222.305 204.193 191.351 183.463 261.465 180.558 151.983 145.51 140.858 123.963 115.299 114.418 111.752 111.398
threshold=0.67658114433288585 1.0000000180025095e-35 0.43650794029235845 0.81622841954231273 0.74035674333572399 0.81106579303741466 1.0000000180025095e-35 1.0000000180025095e-35 1.0000000180025095e-35 0.89377820491790783 0.58411949872970592 0.49332858622074133 1.0000000180025095e-35 0.87206766009330761 0.68438714742660534 1.0000000180025095e-35 0.52449017763137828 0.52565789222717296 1.0000000180025095e-35 0.095454547554254546 1.0000000180025095e-35 0.75513628125190746 1.0000000180025095e-35 1.0000000180025095e-35 0.19090909510850909 1.0000000180025095e-35 0.75000000000000011 0.68438714742660534 1.0000000180025095e-35 0.75000000000000011 0.97735819220542919 0.79175817966461193 0.97619047760963451 0.46841755509376531 0.59491634368896495 0.9569842815399171 0.86706829071044933 0.44829326868057257 0.26272648572921758 0.87138131260871898 1.0000000180025095e-35 1.0000000180025095e-35 0.58571431040763866 0.21846590936183932
decision_type=2 2 2 2 2 2 2 2 2 2 2 2 2 2 2 2 2 2 2 2 2 2 2 2 2 2 2 2 2 2 2 2 2 2 2 2 2 2 2 2 2 2 2 2
left_child=1 2 22 15 5 6 21 9 13 23 11 18 20 28 25 -3 31 32 29 -13 -5 43 36 27 -21 26 -12 -6 -4 -7 -29 -17 -18 34 -8 -11 -1 -24 -20 -16 -33 -19 -30 -2
right_child=4 3 8 12 7 10 33 -9 -10 35 14 19 -14 -15 39 16 17 41 38 24 -22 -23 37 -25 -26 -27 -28 30 42 -31 -32 40 -34 -35 -36 -37 -38 -39 -40 -41 -42 -43 -44 -45
leaf_value=-0.099402828878400143 -0.02260548770066189 -0.10442233688910831 -0.07563680048012611 -0.04274778153679179 -0.05142481529357075 0.20968866612199988 0.0058692528275030922 0.24623455495535879 0.23638032276903789 0.19582564570149558 0.27102957188900845 0.24877926446188689 0.2358121243152598 0.15100688213484215 0.19212215085820039 -0.097458882247132506 -0.079195057815169917 0.086736490512040798 0.1891225912427614 -0.09786653376124109 0.1893520475201757 0.2299627814657208 -0.028307317075133103 0.17964086507068963 0.17874344241220425 0.2412779835568058 0.094964678500412653 0.093689146096641973 0.0069156019761990404 -0.037670978974345681 0.21611018335682691 -0.061953298741353691 0.15012429022313645 0.2288454972050919 0.20637996610219284 0.24805289418897428 0.065696866033971735 0.1617642122056715 0.066721099479751869 0.23871438141318746 0.24297144676346738 0.2238334415646839 0.082696283762471817 -0.084905371842357802
leaf_weight=2521.3659727573395 256.26837430894375 83627.981982842088 132.06802125275135 142.08327765762806 93.134328156709671 28.890353485941887 80.943930804729462 28819.691763758659 847.51651436090469 678.76320315897465 86.933097526431084 989.66986759006977 469.95726066827774 750.36183354258537 446.59105807542801 2393.1916764378548 178.38932813704014 50.505854576826096 91.26342011988163 43.398931011557579 79.932192265987396 31.47825314104557 52.005891978740692 573.87922014296055 89.028045251965523 210.3825885206461 485.6385625898838 716.94721059501171 206.22429293394089 596.22534282505512 109.42175655066967 14.428874552249907 26.784448072314262 160.34745386242867 85.677065029740334 1127.1459108144045 36.197068333625793 51.111538112163544 176.61707235872746 2011.7857742011547 17.637590140104294 170.42782200872898 314.43603293597698 648.57312577962875
leaf_count=13940 1358 463531 692 755 474 150 417 132776 3937 3217 419 4571 2224 3655 2093 13193 972 248 451 225 370 149 266 2802 427 974 2400 3524 1091 3171 532 78 131 748 402 5189 180 242 872 9346 83 820 1579 3503
internal_value=-0.00049171 -0.0947035 0.0182495 -0.101067 0.224031 0.146974 0.000973899 0.239672 0.14711 0.182352 0.182063 0.134245 0.173248 0.0931868 0.21179 -0.103262 -0.0692386 0.0760878 0.0141564 0.229815 0.0408151 -0.0572685 -0.0907501 0.126639 0.0880929 0.153828 0.121696 0.0935591 0.0267181 -0.026239 0.109899 -0.0947719 -0.0492585 0.167759 0.108973 0.228423 -0.0970662 0.0659042 0.108422 0.23025 0.105765 0.192493 0.0526809 -0.0672609
internal_weight=130721 92082.6 4911.29 87171.3 38638.7 6519.71 1263.29 32119 2250.61 3299.29 5256.42 2015.09 691.973 1403.09 3241.33 86479.3 2851.37 426.107 892.996 1122.1 222.015 936.32 2660.68 1493.38 132.427 782.954 572.572 919.503 652.728 625.116 826.369 2425.26 205.174 326.968 166.621 1805.91 2557.56 103.117 267.88 2458.38 32.0665 220.934 520.66 904.842
internal_count=688177 507987 25582 482405 180190 31676 6577 148514 10954 15738 25099 9867 3349 7017 15232 479056 15525 2171 4644 5223 1125 5010 14628 7332 652 3793 2819 4530 3362 3321 4056 13354 1103 1567 819 8406 14120 508 1323 11439 161 1068 2670 4861
is_linear=0
shrinkage=0.08


Tree=2
num_leaves=45
num_cat=0
split_feature=7 7 4 3 7 7 3 1 10 4 12 12 1 1 6 12 12 8 12 7 3 10 12 8 2 10 12 3 5 4 12 7 3 8 12 4 6 4 4 3 2 1 4 12
split_gain=353181 9567.71 8929.06 5505.23 3985.38 3006.52 4144.23 1620.85 1593.2 1416.21 1232.05 1219.84 1081.9 640.278 558.384 534.672 433.026 586.91 409.178 1365.11 930.676 387.13 371.843 331.162 253.801 267.698 250.863 233.432 223.124 212.56 186.226 201.986 182.277 195.647 334.389 212.395 179.053 268.346 173.633 140.105 138.391 132.991 132.885 132.83
threshold=0.67658114433288585 1.0000000180025095e-35 0.43650794029235845 0.65648320317268383 0.85258609056472789 0.59940120577812206 0.82426470518112194 0.21846590936183932 1.0000000180025095e-35 0.30384616553783422 1.0000000180025095e-35 1.0000000180025095e-35 0.89377820491790783 0.86706829071044933 0.49603174626827246 1.0000000180025095e-35 1.0000000180025095e-35 0.7099788784980775 1.0000000180025095e-35 0.50872123241424572 0.76689496636390697 1.0000000180025095e-35 1.0000000180025095e-35 0.60479471087455761 0.22401433438062671 0.75000000000000011 1.0000000180025095e-35 0.54261502623558056 1.0000000180025095e-35 0.10555555671453477 1.0000000180025095e-35 0.9631328582763673 0.79469618201255809 0.68438714742660534 1.0000000180025095e-35 0.47727273404598242 0.68819445371627819 0.30384616553783422 0.30384616553783422 0.81754159927368175 0.86706829071044933 0.95488464832305919 0.47727273404598242 1.0000000180025095e-35
decision_type=2 2 2 2 2 2 2 2 2 2 2 2 2 2 2 2 2 2 2 2 2 2 2 2 2 2 2 2 2 2 2 2 2 2 2 2 2 2 2 2 2 2 2 2
left_child=1 2 22 4 11 18 15 23 12 14 13 24 16 28 27 -7 17 -5 -3 -20 -21 26 40 30 25 -2 -8 -9 -4 -19 31 -6 33 34 35 -10 37 -13 -17 -24 -1 -14 -26 -16
right_child=3 5 10 8 7 6 21 9 32 -11 -12 36 41 -15 43 38 -18 29 19 20 -22 -23 39 -25 42 -27 -28 -29 -30 -31 -32 -33 -34 -35 -36 -37 -38 -39 -40 -41 -42 -43 -44 -45
leaf_value=-0.096747558630066968 0.23730569680930749 -0.10206357044915904 -0.072621759300938116 -0.0546124168592464 0.03845677552519422 -0.094835413765704882 -0.016778907104443998 -0.042590723644529378 -0.050429258671940119 0.2003551361107245 0.20088788442161273 0.019700352509746138 0.16705422792367816 0.12982248335660942 0.065483535836342519 0.0060773002396252553 0.1576262222595797 0.22065194738486113 -0.094019034883028069 -0.067236400729929396 0.18068468527993692 0.20191754277723437 -0.021756915764514977 0.19872362745147901 -0.092393054361695134 -0.020134384305739043 0.17520149238339083 0.084673383636610075 0.04612925562585813 0.089817431836229908 0.20640330617790073 0.1544270574165113 0.21069530503534992 0.19669066171213723 0.19950449587625563 0.15855183811940624 0.19739604120766135 0.21332237867108769 0.1941978096408678 0.16426355177236576 0.058695542732039918 0.21052120605281147 0.12957882240418711 0.1699859116295302
leaf_weight=2388.7609061598778 28.108047813177109 77714.552181705832 125.69046603143215 182.73166291415691 180.47458931803703 1320.412884786725 103.94752080738544 496.4269473105669 79.364358052611351 438.07408708333969 914.20124797523022 151.4237722158432 712.91770325601101 809.17201666533947 173.94710145890713 93.795249193906784 679.15224307775497 88.283365294337273 2249.0362221449614 177.69984991848469 213.13805875182152 470.6360299885273 59.621175780892372 2539.8547483682632 565.85894486308098 321.8847412019968 74.986137583851814 113.29308232665062 521.04761050641537 796.30879428982735 145.56222918629646 205.63958311080933 29444.081815689802 2281.2574802488089 180.96955941617489 51.207674339413643 128.59786243736744 65.681138470768929 47.20365583896637 45.832632377743721 37.227165341377258 1223.7914726883173 17.803881868720055 140.89720305800438
leaf_count=13940 127 455983 684 963 874 7735 571 2621 400 1893 3937 748 3154 3721 844 490 3079 383 13052 988 956 2091 300 11017 3202 1709 329 569 2612 3756 624 942 125685 9821 778 222 559 286 210 208 180 5223 80 631
internal_value=-0.00085228 -0.0920812 0.0165087 0.191513 0.1186 -0.0985356 -0.0042927 0.154489 0.203176 0.0818716 0.128099 -0.00578893 0.153347 0.0823927 0.0257321 -0.0790229 0.107688 0.0759122 -0.101011 -0.0700372 0.0679639 0.163837 -0.0879697 0.186705 -0.0533229 0.000540722 0.0636748 -0.0189436 0.0230506 0.102875 0.129292 0.100221 0.208905 0.18857 0.129103 0.0315288 0.122588 0.0782772 0.0690563 0.0590918 -0.0943623 0.194521 -0.0856221 0.11225
internal_weight=128801 87367 4901.55 41433.6 5713.53 82465.4 2110.98 4434.17 35720.1 1362.64 2370.11 1279.36 3683.19 1455.91 924.564 1461.41 1746.48 1067.32 80354.4 2639.87 390.838 649.57 2531.44 3071.53 933.656 349.993 178.934 609.72 646.738 884.592 531.676 386.114 32036.9 2592.8 311.542 130.572 345.703 217.105 140.999 105.454 2425.99 1936.71 583.663 314.844
internal_count=688177 507987 25582 180190 26726 482405 11426 20015 153464 6558 10954 6711 16558 7017 4665 8435 8181 5102 470979 14996 1944 2991 14628 13457 5118 1836 900 3190 3296 4139 2440 1816 136906 11221 1400 622 1593 1034 700 508 14120 8377 3282 1475
is_linear=0
shrinkage=0.08


Tree=3
num_leaves=45
num_cat=0
split_feature=7 7 4 11 3 7 10 1 4 12 1 12 12 1 10 3 4 12 7 3 8 12 6 10 5 10 12 12 10 6 3 6 4 4 1 10 1 10 4 1 4 4 1 6
split_gain=296433 9095.98 7587.52 4868.7 4751.45 4019.45 1281.24 1131.83 1634.02 934.362 887.483 798.257 570.171 525.435 482.011 422.941 575.826 408.411 1082.34 728.113 348.125 336.465 319.293 245.223 239.957 236.585 244.405 221.845 176.26 156.842 139.86 156.241 188.626 227.329 128.117 171.363 119.685 109.262 108.425 162.319 107.62 106.553 106.36 105.903
threshold=0.65999397635459911 1.0000000180025095e-35 0.43650794029235845 0.81622841954231273 0.68457102775573742 0.81106579303741466 1.0000000180025095e-35 0.21846590936183932 0.30384616553783422 1.0000000180025095e-35 0.89377820491790783 1.0000000180025095e-35 1.0000000180025095e-35 0.88548010587692272 1.0000000180025095e-35 0.96178188920021068 0.095454547554254546 1.0000000180025095e-35 0.49606201052665716 0.69028213620185863 0.74203693866729747 1.0000000180025095e-35 0.21103239059448245 0.75000000000000011 1.0000000180025095e-35 0.75000000000000011 1.0000000180025095e-35 1.0000000180025095e-35 1.0000000180025095e-35 0.97619047760963451 0.83910790085792553 0.16064515709877017 0.10555555671453477 0.30384616553783422 0.21846590936183932 0.75000000000000011 0.86706829071044933 0.75000000000000011 0.27922078967094427 0.24068965017795566 0.47727273404598242 0.58571431040763866 0.9569842815399171 0.51887464523315441
decision_type=2 2 2 2 2 2 2 2 2 2 2 2 2 2 2 2 2 2 2 2 2 2 2 2 2 2 2 2 2 2 2 2 2 2 2 2 2 2 2 2 2 2 2 2
left_child=1 2 21 17 5 11 10 20 12 13 15 34 23 24 27 16 -6 -3 -19 29 25 36 -18 -9 -4 -7 -27 -5 -21 -20 31 -8 -33 -34 35 -2 -1 -13 39 -39 -36 -26 -12 -14
right_child=4 3 9 14 6 7 30 8 -10 -11 42 37 43 -15 -16 -17 22 18 19 28 -22 -23 -24 -25 41 26 -28 -29 -30 -31 -32 32 33 -35 40 -37 -38 38 -40 -41 -42 -43 -44 -45
leaf_value=-0.094025971925967552 0.23112662746125437 -0.099824603730572878 -0.071853400101305795 -0.043502236739790999 0.19499985230540254 0.19976515272118836 0.17924549932738335 0.14446983177518158 0.17559481546917996 0.1763690713614802 0.14774682639574502 0.19465064586824046 0.067920063798438499 0.12119109700177787 0.17620607809181302 0.14135146699227114 0.070766826888073842 -0.092759482735683144 -0.077038432716126024 0.018328118987947801 0.17736345796940733 0.053035354399888962 -0.029838120384702162 -0.029620808992940333 0.0033364282697520087 0.075900578276302269 0.17811444955922109 0.13878121182909303 0.17685655078141907 0.12976400916056771 0.18588145865137834 0.19084981248666388 -0.00080379710172396701 0.13653479335178262 -0.093181919334742638 -0.036760668656811581 0.056998139112022637 0.1282938631805601 0.18979458851903272 -0.035347389879506579 0.078334208713133971 0.07395161130602626 0.18565629443287773 0.1540884173660485
leaf_weight=2251.8027157187462 16.225940257310867 74296.885818913579 131.03769823908806 119.67100729048252 176.4248014241457 196.37449951469898 3001.0524594932795 55.920952960848808 749.55961149930954 963.39605316519737 753.7567276507616 55.363305702805519 218.74361892044544 768.95743100345135 420.61058858036995 737.02168545126915 601.88315398991108 2082.5010615438223 228.55946797132492 59.499757125973701 2448.7056606411934 107.52046304941177 303.8072542399168 699.85378965735435 216.82020123302937 593.35494783520699 200.2423901706934 66.46096196770668 182.76801550388336 26.157100588083267 29163.36952920258 351.70966222882271 88.587490618228912 596.63513989746571 596.32076153159142 262.82608740031719 34.092049568891525 70.368929848074913 37.322009429335594 86.457580834627151 24.370105862617493 370.35399551689625 1274.6145327538252 156.65810507535934
leaf_count=13890 72 462550 732 681 734 820 12358 266 3112 3970 3189 240 1028 3378 1775 3229 2781 12763 1328 291 10143 511 1522 3703 1111 2695 825 277 797 127 119321 1453 410 2496 3586 1456 164 309 155 432 114 1746 5218 668
internal_value=-0.00103958 -0.0903078 0.0160442 -0.0969566 0.167839 0.104576 0.178885 0.133888 0.0839904 0.114994 0.135182 -0.0310957 0.0232899 0.0752349 0.128772 0.0946109 0.0627762 -0.0987381 -0.0674441 0.0386343 0.161179 -0.0852683 0.0370196 -0.0167396 0.0260316 0.121146 0.101691 0.0215846 0.137923 -0.0558017 0.183949 0.169995 0.143224 0.118779 -0.0662064 -0.0211839 -0.0917736 0.095514 0.0672442 0.0380794 -0.0864477 0.0478762 0.171569 0.103879
internal_weight=125845 82327.1 4843.98 77483.1 43517.5 6468.67 37048.9 5319.41 1880.74 2450.57 3847.51 1149.25 1131.18 1487.17 606.743 1819.14 1082.12 76876.4 2579.49 496.984 3438.68 2393.42 905.69 755.775 718.212 989.972 793.597 186.132 242.268 254.717 33201.4 4037.98 1036.93 685.223 899.743 279.052 2285.89 249.512 194.149 156.827 620.691 587.174 2028.37 375.402
internal_count=688426 506091 25502 480589 182335 29624 152711 23260 8777 10937 16673 6364 5665 6967 2733 8266 5037 477856 15306 2543 14483 14565 4303 3969 3589 4340 3520 958 1088 1455 136038 16717 4359 2906 5228 1528 14054 1136 896 741 3700 2857 8407 1696
is_linear=0
shrinkage=0.08


Tree=4
num_leaves=45
num_cat=0
split_feature=7 7 4 3 7 7 3 12 10 12 2 4 4 12 4 12 12 8 2 12 7 2 12 8 10 2 5 10 2 7 12 4 4 12 3 6 4 4 10 4 10 0 2 7
split_gain=253332 8438.61 6457.48 3821.49 3275.72 1736.03 2577.68 1093.03 1087.89 769.518 750.842 1151.06 639.421 435.444 413.291 369.386 355.668 504.563 330.476 311.701 904.876 468.294 239.38 230.956 224.608 217.788 213.306 197.447 193.571 188.928 155.125 146.49 144.235 130.31 121.566 131.448 150.545 182.808 113.984 411.568 113.679 122.144 250.565 107.503
threshold=0.65999397635459911 1.0000000180025095e-35 0.43650794029235845 0.68457102775573742 0.85258609056472789 0.5893288552761079 0.83910790085792553 1.0000000180025095e-35 1.0000000180025095e-35 1.0000000180025095e-35 0.22401433438062671 0.30384616553783422 0.90873014926910411 1.0000000180025095e-35 0.63068181276321422 1.0000000180025095e-35 1.0000000180025095e-35 0.6683848798274995 0.86222714185714733 1.0000000180025095e-35 0.52449017763137828 0.63686314225196849 1.0000000180025095e-35 0.5219806730747224 0.75000000000000011 0.22401433438062671 1.0000000180025095e-35 0.75000000000000011 0.86706829071044933 0.97735819220542919 1.0000000180025095e-35 0.47727273404598242 0.30384616553783422 1.0000000180025095e-35 0.84475743770599376 0.16064515709877017 0.10555555671453477 0.30384616553783422 0.75000000000000011 0.47727273404598242 0.75000000000000011 0.54261502623558056 0.22401433438062671 0.96019801497459423
decision_type=2 2 2 2 2 2 2 2 2 2 2 2 2 2 2 2 2 2 2 2 2 2 2 2 2 2 2 2 2 2 2 2 2 2 2 2 2 2 2 2 2 2 2 2
left_child=1 2 18 4 7 19 15 25 12 14 23 13 16 24 26 -7 17 -5 30 -3 38 -22 28 33 -12 27 -4 -2 -8 -19 -1 -27 -17 -6 35 -10 -37 -38 -21 -40 -9 42 -42 -25
right_child=3 5 9 8 10 6 22 40 34 -11 11 -13 -14 -15 -16 32 -18 29 -20 20 21 -23 -24 43 -26 31 -28 -29 -30 -31 -32 -33 -34 -35 -36 36 37 -39 39 -41 41 -43 -44 -45
leaf_value=-0.092266672586910958 0.18408417109807432 -0.097984211306805402 -0.069411751546482756 -0.052787761347528023 0.05784655556392098 -0.092429171018477224 -0.020041281120106565 0.1751448624617617 0.16140808704804235 0.15846099401168112 0.15680541717926733 0.15988858998594999 0.16900695605571042 0.10039023837871511 0.10264997142516022 -0.012248966504857236 0.13456993673896978 0.079591936245738334 0.10188871762659886 -0.093503022010546277 -0.057460224661703328 0.14721642952459058 0.16566291618406612 0.13189531970082005 -0.025673234426034943 -0.087754816616055373 0.042840650967465782 -0.021497293392610792 0.13973633434729191 0.16421150487455927 0.015391067206092471 0.081095918033527184 0.16213975953341525 0.16265300219374765 0.16765397945500216 0.17131650899537224 0.0021281853116645925 0.12352050448821468 -0.082154060413037661 0.21273969924419056 0.13246684121524543 0.16213460400966845 -0.031539594175947303 0.16474120140633058
leaf_weight=2121.5840810984373 32.734280988574028 68682.540787056088 139.34273825585842 174.82720389962196 265.15898537635803 1232.4200096577406 102.95940744876862 98.76523619890213 3271.0174584686756 985.40339395403862 46.520998135209084 704.06493397057056 1237.1474255174398 330.37984319031239 892.09935064613819 89.921375304460526 1100.2020241171122 1229.418967589736 60.308176204562187 1856.015184789896 121.93773962557316 173.10433280467987 354.57244929671288 917.99576193094254 599.28127138316631 654.13226972520351 486.95052127540112 345.24628041684628 91.791102051734924 195.74943397939205 89.262521743774414 34.62450535595417 45.821394875645638 106.38622631132603 29481.876775845885 366.71452380716801 90.558896139264107 644.02244482934475 177.58828581869602 36.517855480313301 116.01381343603134 80.517206743359566 122.64252284169197 2088.8773288279772
leaf_count=13861 135 454601 777 937 1175 8100 568 409 13184 3970 204 2847 4975 1441 3874 484 4601 5341 278 12006 709 718 1434 3785 3169 4087 2316 1889 438 819 426 154 190 428 118325 1480 418 2631 1139 202 488 330 602 8481
internal_value=-0.00120041 -0.088231 0.0148019 0.151406 0.09496 -0.0949737 -0.0198598 -0.00952303 0.161179 0.103407 0.125625 0.0819214 0.121378 0.025688 0.067679 -0.0786336 0.0995562 0.0754798 -0.0828798 -0.0970009 -0.0684463 0.0626258 0.126524 0.147361 -0.0125282 -0.0524884 0.0178658 -0.00369331 0.0552662 0.0912146 -0.08792 -0.0792665 0.0466178 0.0878563 0.165808 0.153359 0.129454 0.108555 -0.0871272 -0.0318571 0.100141 0.0769315 0.048186 0.154713
internal_weight=122075 77740.1 4774.95 44334.9 6543.34 72965.2 1917.49 1484.68 37791.5 2503.8 5058.67 1680.25 3937.35 976.182 1518.39 1368.16 2700.2 1600 2271.15 71047.7 2365.16 295.042 549.323 3378.42 645.802 1066.74 626.293 377.981 194.751 1425.17 2210.85 688.757 135.743 371.545 33854.2 4372.31 1101.3 734.581 2070.12 214.106 417.939 319.174 238.656 3006.87
internal_count=688426 506091 25502 182335 29624 480589 11214 8094 152711 10937 21530 7661 16673 4814 6967 8774 11698 7097 14565 469375 14774 1427 2440 13869 3373 6265 3093 2024 1006 6160 14287 4241 674 1603 136038 17713 4529 3049 13347 1341 1829 1420 1090 12266
is_linear=0
shrinkage=0.08


Tree=5
num_leaves=45
num_cat=0
split_feature=7 7 4 11 3 7 10 12 12 1 8 12 7 12 7 3 1 10 3 4 12 0 3 0 10 4 5 12 0 10 3 1 4 10 3 10 1 4 1 3 7 12 4 4
split_gain=219164 7841.49 5539.79 3951.76 3211.73 2925.92 872.244 808.126 658.86 603.976 539.563 531.082 515.445 389.491 895.943 519.003 380.026 335.649 312.744 414.85 287.022 260.942 545.171 349.564 260.641 212.862 169.809 149.864 125.678 115.915 106.529 102.851 132.514 117.562 99.6258 86.9295 250.1 80.1133 117.41 74.6856 74.5735 134.187 95.4992 74.3975
threshold=0.65999397635459911 1.0000000180025095e-35 0.43650794029235845 0.81622841954231273 0.7243877947330476 0.81106579303741466 1.0000000180025095e-35 1.0000000180025095e-35 1.0000000180025095e-35 0.91545844078063976 0.83177077770233165 1.0000000180025095e-35 0.96476501226425182 1.0000000180025095e-35 0.49606201052665716 0.7243877947330476 0.88548010587692272 1.0000000180025095e-35 0.98213717341423046 0.095454547554254546 1.0000000180025095e-35 0.17267081141471866 0.53248947858810436 0.28778468072414404 0.75000000000000011 0.73030304908752453 1.0000000180025095e-35 1.0000000180025095e-35 1.0000000180025095e-35 1.0000000180025095e-35 0.90366768836975109 0.21846590936183932 0.47727273404598242 0.75000000000000011 0.82426470518112194 0.75000000000000011 0.79784947633743297 0.30384616553783422 0.18350168317556384 0.84475743770599376 0.76325833797454845 1.0000000180025095e-35 0.47727273404598242 0.58571431040763866
decision_type=2 2 2 2 2 2 2 2 2 2 2 2 2 2 2 2 2 2 2 2 2 2 2 2 2 2 2 2 2 2 2 2 2 2 2 2 2 2 2 2 2 2 2 2
left_child=1 2 20 13 5 7 9 31 16 18 11 12 24 -3 35 28 26 27 19 -6 30 -12 23 -23 -7 -21 -4 -5 -16 -17 -1 33 -33 -2 -22 -15 -37 38 -9 40 41 42 -8 -28
right_child=4 3 8 17 6 10 39 37 -10 -11 21 -13 -14 14 15 29 -18 -19 -20 25 34 22 -24 -25 -26 -27 43 -29 -30 -31 -32 32 -34 -35 -36 36 -38 -39 -40 -41 -42 -43 -44 -45
leaf_value=-0.09173530337878065 0.18065249310187928 -0.096175776759254636 -0.06663671853154246 -0.039036480139507973 0.16518524604143586 0.11266584359891148 -0.052743815783029363 0.13733333741402942 0.14468788443152658 0.14658165813740198 0.15096460624232433 0.13449770818689011 0.11598663072817486 -0.093469662068721107 0.11555081404830934 0.018662214754604337 0.098966281819113447 0.14655593838998568 0.11864040137322902 0.049895734654447702 -0.019224909334284241 0.10481131483515997 0.14253653960067469 -0.0085596204727141443 -0.0023130165101288448 -0.060558006621607804 -0.00038895942836406912 0.11037143767968882 -0.065961564388755708 0.14945883482620909 -0.0094502284351593979 -0.087611586787612022 0.057269554478425126 -0.03298686844730795 0.13490123256316014 -0.073312964738838596 0.219150478038801 0.14840623000570052 0.013897616157040354 0.15380621024012769 0.14447472227593092 0.15089384565596928 0.11867576628967438 0.057635236294244878
leaf_weight=1935.9086423963308 17.62783208489418 65621.396815568209 122.13301756978035 113.83212476968765 188.33198457956314 151.00582149624825 50.033437207341194 79.975399047136307 992.469652146101 1784.8902054876089 2008.3429591059685 784.74185580015182 524.64217603206635 1715.2088162600994 27.355841189622879 57.083910331130028 809.23429155349731 434.51226912438869 906.81034515798092 872.36000393331051 64.467043876647949 386.15471239387989 1191.7519282251596 316.91136945784092 767.45415939390659 128.05670541524887 221.44503535330296 69.017590716481209 226.95829091966152 180.41944432258606 106.21932785212994 598.92660644650459 43.326072409749031 254.2438982129097 45.988460257649422 123.98619164526463 22.039830893278122 99.66220335662365 128.65248069167137 29558.968725457788 3511.8262155354023 114.59220241010189 35.59885548055172 391.3594166636467
leaf_count=13374 72 462550 732 681 758 640 245 326 3970 7168 8039 3203 2220 11805 129 273 3378 1775 3739 3906 317 1693 4861 1598 3682 578 1111 277 1396 745 680 3933 195 1456 194 838 120 401 621 118325 14072 459 145 1746
internal_value=-0.00131414 -0.0863567 0.0137307 -0.0931991 0.138716 0.0904098 0.148277 -0.0226045 0.0938314 0.112383 0.112943 0.0815297 0.0527264 -0.0950291 -0.0630495 0.0329819 0.061145 0.10829 0.0832552 0.0562624 -0.0806614 0.130873 0.109577 0.0537087 0.0165909 0.0357573 0.0195002 0.0173583 -0.0464368 0.118022 -0.0874553 -0.0603789 -0.077838 -0.0191348 0.0449459 -0.088425 -0.0291712 0.089402 0.0612155 0.152463 0.141767 0.0942793 0.0185183 0.0366674
internal_weight=117786 73281 4689.22 68591.8 44504.9 7353.42 37151.5 1222.41 2536.64 3880.45 6131 2227.84 1443.1 67974.4 2353.05 491.817 1544.17 617.362 2095.56 1188.75 2152.58 3903.16 1894.82 703.066 918.46 1000.42 734.937 182.85 254.314 237.503 2042.13 914.124 642.253 271.872 110.456 1861.23 146.026 308.29 208.628 33271 3712.05 200.224 85.6323 612.804
internal_count=688426 506091 25502 480589 182335 32940 149395 7004 10937 16149 25936 9745 6542 477856 15306 2543 6967 2733 8981 5242 14565 16191 8152 3291 4322 4484 3589 958 1525 1018 14054 5656 4128 1528 511 12763 958 1348 947 133246 14921 849 390 2857
is_linear=0
shrinkage=0.08


Tree=6
num_leaves=45
num_cat=0
split_feature=7 7 4 11 3 7 12 12 6 4 12 12 7 2 1 12 12 1 7 12 8 8 7 12 4 3 7 12 7 6 2 4 2 3 3 3 4 11 4 2 3 2 8 1
split_gain=191345 7155.37 4701.2 3555.34 2822.41 2389.84 754.804 580.872 481.54 1258.33 380.662 379.461 831.816 458.026 318.266 283.787 269.217 247.378 255.006 259.983 228.066 210.072 156.654 276.99 161.75 150.904 147.923 139.953 211.399 127.576 119.933 93.1212 123.938 92.8067 85.4526 82.9356 80.5654 69.6454 64.368 125.27 62.3859 58.6557 54.8246 50.3672
threshold=0.65999397635459911 1.0000000180025095e-35 0.43650794029235845 0.81622841954231273 0.7243877947330476 0.81106579303741466 1.0000000180025095e-35 1.0000000180025095e-35 0.64549729228019725 0.30384616553783422 1.0000000180025095e-35 1.0000000180025095e-35 0.49606201052665716 0.54923510551452648 0.86706829071044933 1.0000000180025095e-35 1.0000000180025095e-35 0.86526826024055492 0.73721536993980419 1.0000000180025095e-35 0.77442070841789257 0.8657626509666444 0.98974332213401806 1.0000000180025095e-35 0.11805555596947671 0.84889996051788341 0.59940120577812206 1.0000000180025095e-35 0.96636754274368297 0.97619047760963451 0.88273492455482494 0.47727273404598242 0.22401433438062671 0.56980520486831676 0.81754159927368175 0.96051946282386791 0.73030304908752453 0.77690690755844127 0.30384616553783422 0.22401433438062671 0.58578637242317211 0.7243877947330476 0.65586885809898388 0.87206766009330761
decision_type=2 2 2 2 2 2 2 2 2 2 2 2 2 2 2 2 2 2 2 2 2 2 2 2 2 2 2 2 2 2 2 2 2 2 2 2 2 2 2 2 2 2 2 2
left_child=1 2 15 11 5 6 31 14 9 10 21 -3 37 29 35 30 26 18 19 25 27 -7 23 24 -20 42 -5 28 -10 -14 -1 32 -2 -12 -17 -4 -16 -13 39 -8 -41 -37 -6 -28
right_child=4 3 7 16 17 8 38 -9 20 -11 33 12 13 -15 36 34 -18 -19 22 -21 -22 -23 -24 -25 -26 -27 43 -29 -30 -31 -32 -33 -34 -35 -36 41 -38 -39 -40 40 -42 -43 -44 -45
leaf_value=-0.088165904825672645 -0.019915647596529508 -0.094637730491809333 -0.01455944530984536 -0.039076129342789118 -0.086601694042930666 -0.047932488930755482 0.12698936532148647 0.13268936751935273 0.03845119003152319 0.13377939613089537 0.057924935201901236 -0.089262808477788544 -0.074646539503383527 0.103018839149065 0.053183057777659422 -0.018312187022296433 0.13950675484762137 0.14247071432194383 0.14654913402094388 0.12429514832149886 0.13669878364884619 0.031273255215962574 0.14352738686824365 0.13657721896354028 0.098893682448524492 0.076126269697335283 0.010830209680305063 0.13872642855799619 0.12048386373518526 0.10578615152871558 0.075633383142116026 0.055593419687062086 -0.085568618383230821 0.13667751541087417 0.12229056013813909 -0.0062759709356540504 0.1031008967855685 0.01726744365647195 0.13832574973793355 -0.030932558868253173 0.10244753678308437 0.066844059492695798 0.041502731310917855 0.124110177215285
leaf_weight=1903.1670249551535 273.10068295896053 61527.231511682272 351.01744386553764 105.8804022371769 86.768196865916252 436.47592471539974 99.125737920403481 980.11830669641495 444.90751041471958 1282.2389665544033 325.94845700263977 1725.290758907795 199.50058944523335 262.35294343531132 322.96278131008148 60.959178775548935 391.60311843454838 23785.492144823074 545.42413611710072 281.66750940680504 2393.4026345312595 421.02808798849583 4231.560843527317 4960.1906251460314 2774.7743782699108 109.55670903623104 35.699961438775063 309.78069581091404 366.81595101952553 28.685451254248619 29.045170113444328 43.732032015919685 564.20864897966385 135.61692255735397 50.649806544184685 106.21113039553165 575.94060884416103 40.190899863839149 101.64522345364094 84.82688544690609 30.517320156097412 207.16120354831219 28.372312903404236 84.763954758644104
leaf_count=13951 1564 462600 1829 635 471 2352 407 3938 1962 5171 1388 12585 1300 1134 1358 302 1573 96163 2203 1139 9629 2045 17099 20065 11428 476 167 1245 1491 130 131 196 3907 553 209 517 2349 253 410 427 129 931 136 366
internal_value=-0.00152054 -0.0847299 0.0118062 -0.091606 0.128598 0.0832059 -0.0201609 0.0844054 0.103438 0.0773453 0.022487 -0.0934562 -0.0612319 0.0309247 0.0541334 -0.0785391 0.0993622 0.137618 0.128753 0.0730961 0.122749 -0.00904306 0.131005 0.124606 0.106722 0.00891599 0.0299071 0.0929799 0.0755216 -0.0519642 -0.0857037 -0.058211 -0.0641549 0.081064 0.0454954 0.0121469 0.0851662 -0.0868377 0.0858882 0.0610362 0.00435663 0.0420615 -0.0550349 0.0905392
internal_weight=113106 68988.4 4587.23 64401.2 44117.2 7313.37 1197.16 2543.41 6116.22 2601.31 1319.07 63783.3 2256.02 490.539 1563.29 2043.82 617.947 36803.8 13018.3 506.365 3514.91 857.504 12511.9 8280.39 3320.2 224.697 226.344 1121.5 811.723 228.186 1932.21 881.041 837.309 461.565 111.609 664.39 898.903 1765.48 316.115 214.47 115.344 313.372 115.141 120.464
internal_count=688314 506258 25515 480743 182056 32876 7040 10922 25836 11509 6338 478002 15402 2564 6984 14593 2741 149180 53017 2222 14327 4397 50795 33696 13631 1083 1168 4698 3453 1430 14082 5667 5471 1941 511 3277 3707 12838 1373 963 556 1448 607 533
is_linear=0
shrinkage=0.08


Tree=7
num_leaves=45
num_cat=0
split_feature=7 7 4 3 7 11 12 12 7 12 12 7 3 4 0 1 12 12 1 7 12 3 7 12 3 6 3 12 5 2 6 6 4 4 2 11 3 4 4 11 4 0 5 3
split_gain=168207 6740.88 4084.65 2802.32 2424.44 2399.76 529.162 517.727 508.854 783.985 320.143 670.079 391.192 275.793 452.411 264.122 259.727 257.37 254.557 261.545 276.457 166.65 151.99 271.468 193.047 149.073 389.014 130.224 117.514 108.786 90.0597 87.298 75.5391 73.6726 84.9736 68.6213 253.426 67.1581 65.9494 65.9277 56.2198 91.3147 47.7093 46.1311
threshold=0.64624765515327465 1.0000000180025095e-35 0.43650794029235845 0.7243877947330476 0.78389188647270214 0.81622841954231273 1.0000000180025095e-35 1.0000000180025095e-35 0.9631328582763673 1.0000000180025095e-35 1.0000000180025095e-35 0.49606201052665716 0.70926907658576976 0.47727273404598242 0.24440020322799685 0.86706829071044933 1.0000000180025095e-35 1.0000000180025095e-35 0.89377820491790783 0.73721536993980419 1.0000000180025095e-35 0.87026646733284008 0.98974332213401806 1.0000000180025095e-35 0.98076212406158458 0.53410854935646068 0.52419984340667736 1.0000000180025095e-35 1.0000000180025095e-35 0.88273492455482494 0.22335600852966311 0.97619047760963451 0.30384616553783422 0.47727273404598242 0.22401433438062671 0.42873120307922369 0.53248947858810436 0.73030304908752453 0.095454547554254546 0.77690690755844127 0.47727273404598242 0.20601238310337069 1.0000000180025095e-35 0.99397590756416332
decision_type=2 2 2 2 2 2 2 2 2 2 2 2 2 2 2 2 2 2 2 2 2 2 2 2 2 2 2 2 2 2 2 2 2 2 2 2 2 2 2 2 2 2 2 2
left_child=1 2 16 4 6 10 33 15 9 13 -3 39 31 14 -6 28 29 30 19 20 21 38 23 24 -21 26 27 -10 43 -1 -7 -13 -18 34 -2 -11 -37 42 -5 -12 41 -8 -17 -4
right_child=3 5 7 18 8 17 40 -9 25 35 11 12 -14 -15 -16 37 32 -19 -20 22 -22 -23 -24 -25 -26 -27 -28 -29 -30 -31 -32 -33 -34 -35 -36 36 -38 -39 -40 -41 -42 -43 -44 -45
leaf_value=-0.086382340203464983 -0.029518064144484601 -0.093312253965840794 -0.078744186649318287 0.18091491755258904 0.055575141779445072 0.058597008312089714 0.11911113445585779 0.12376153307301781 -0.021377048656415886 0.13544611636490611 -0.087511336004977264 -0.070020357116073045 0.097870345047513629 0.11533175341833241 -0.038618649911664596 -0.035777078149243413 -0.043828616495243493 0.12970030194992266 0.13448703652645214 0.085886533955192773 0.11671705032453797 0.078943260971980414 0.13476540946458465 0.12832809216754101 0.12078122524095027 0.12677788106214544 0.12191628715749459 0.10475973828563646 0.025878167684118339 0.067857273762368678 -0.052919124137552676 0.087633467779231825 0.092228673437182579 0.040389014770412394 -0.085950886492054776 0.039956428228046702 0.12986077300232121 0.093719986299833274 -0.055664405090658689 0.015728454051857348 0.13698723290218051 0.0040108342457872773 0.05950655165074209 0.14073340403664408
leaf_weight=1791.6385986208916 242.31720589101315 57450.639331907034 101.05617168545723 7.9482542574405661 814.04109682142735 108.92682176828384 70.835841462016106 967.2482048869133 210.74016688764095 539.44618301093578 1623.2183530628681 192.59781202673912 230.42536209523678 214.97410045564175 544.70371149480343 38.072575360536575 41.537410125136375 306.88097316026688 20671.430909648538 2243.8706313818693 378.9407102316618 131.17466050386429 4869.7092872858047 6059.5225152075291 1852.2502359300852 2303.472345918417 681.52151431143284 69.70993272960186 558.43205708265305 29.751778498291969 80.676244184374809 25.449199989438057 70.343787387013435 41.163814917206764 578.31534770131111 303.89540407061577 590.72123850882053 582.58802545070648 147.23246882855892 40.576660871505737 58.947276830673218 116.93374887108803 288.31698946654797 6.5247871875762931
leaf_count=13951 1463 461398 647 36 3564 548 292 3938 1096 2194 12585 1297 977 875 2974 165 213 1248 85105 9322 1547 571 20057 24881 7577 9400 2809 293 2593 131 467 113 298 193 4310 1288 2409 2349 843 253 241 573 1193 37
internal_value=-0.00157758 -0.0836697 0.0110456 0.119532 0.0745919 -0.0907277 -0.0344746 0.0776932 0.0938646 0.0701241 -0.0921876 -0.0615999 0.0251883 0.0311352 0.017814 0.0494013 -0.0765955 0.0844257 0.128655 0.120973 0.0718876 0.0125638 0.123146 0.117574 0.101666 0.115732 0.0892816 0.00997608 0.0111287 -0.0838629 0.0111468 -0.0516199 0.0417156 -0.0640486 -0.0692873 0.11291 0.0993209 0.0774439 -0.043547 -0.0849935 0.0688294 0.0474323 0.0483919 -0.0654329
internal_weight=108279 64534.9 4475.51 43743.8 7381.74 60059.4 1108.51 2542.24 6273.23 3007.78 59562.9 2112.27 448.472 1573.72 1358.74 1574.99 1933.27 496.484 36362.1 15690.6 665.296 286.355 15025.4 10155.6 4096.12 3265.44 961.972 280.45 666.013 1821.39 189.603 218.047 111.881 861.796 820.633 1434.06 894.617 908.978 155.181 1663.8 246.717 187.77 326.39 107.581
internal_count=688314 504401 25515 183913 33974 478886 7072 10922 26902 13304 476623 15225 2387 7413 6538 6984 14593 2263 149939 64834 2997 1450 61837 41780 16899 13598 4198 1389 3277 14082 1015 1410 511 5966 5773 5891 3697 3707 879 12838 1106 865 1358 684
is_linear=0
shrinkage=0.08


Tree=8
num_leaves=45
num_cat=0
split_feature=8 12 10 8 4 11 8 3 10 11 11 1 2 6 11 3 6 11 0 3 6 3 6 4 12 11 10 3 0 4 4 4 8 10 10 4 2 10 3 11 8 10 2 1
split_gain=139220 11799.9 3522.29 2309.21 2085.49 1817.64 1813.44 1196.93 961.581 912.049 670.309 604.614 532.406 524.042 778.726 494.624 428.251 505.059 321.325 1006.38 451.199 240.873 260.598 227.978 219.425 172.665 169.227 168.93 155.797 150.361 136.699 136.67 136.05 135.749 123.909 113.016 101.608 98.6633 91.179 80.1203 206.205 243.166 67.9628 60.2417
threshold=0.5827293097972871 1.0000000180025095e-35 1.0000000180025095e-35 1.0000000180025095e-35 0.43650794029235845 0.74035674333572399 0.72148045897483837 0.78526219725608837 1.0000000180025095e-35 0.82952332496643078 0.80284366011619579 0.92805382609367382 0.18677325546741488 0.97619047760963451 0.28814046084880834 0.79205974936485302 0.97619047760963451 0.69050872325897228 0.17267081141471866 0.59516963362693798 0.44862772524356848 0.98213717341423046 0.18274582922458651 0.63068181276321422 1.0000000180025095e-35 0.31306675076484686 0.75000000000000011 0.908033847808838 0.29818989336490637 0.10555555671453477 0.30384616553783422 0.12916667014360431 1.0000000180025095e-35 0.75000000000000011 0.35000000149011617 0.73030304908752453 0.86706829071044933 0.75000000000000011 0.53248947858810436 0.76415356993675243 1.0000000180025095e-35 0.75000000000000011 0.93957647681236278 0.93405798077583324
decision_type=2 2 2 2 2 2 2 2 2 2 2 2 2 2 2 2 2 2 2 2 2 2 2 2 2 2 2 2 2 2 2 2 2 2 2 2 2 2 2 2 2 2 2 2
left_child=1 3 10 4 36 6 12 16 11 13 28 21 25 -5 -15 24 17 32 -8 20 33 22 27 42 -14 -2 -16 -7 -3 -21 -31 -17 -4 -20 -11 -24 -1 -22 -26 40 -9 -42 -6 -25
right_child=5 2 7 9 23 8 18 39 -10 34 -12 -13 15 14 26 31 -18 -19 19 29 37 -23 35 43 38 -27 -28 -29 -30 30 -32 -33 -34 -35 -36 -37 -38 -39 -40 -41 41 -43 -44 -45
leaf_value=-0.085125489347042241 -0.02568564680940456 0.15525659644175099 0.029149247946680151 -0.091978020717404033 -0.00016233918099546144 0.08503451285292192 0.12030100916514146 0.11704275464874182 0.1262370264257977 -0.0013517015185456613 0.10023063107917438 0.12192035149764857 -0.077734633475541728 -0.08557842816984558 0.15614506288128518 0.14043588911599517 0.11240273161445608 0.10887583235198731 0.1559148057558615 0.13370035350119 0.1663250747860954 0.086012024798445857 0.00569522581995605 0.04987665198823929 -0.028231502857645516 0.088838713562509886 0.018603565625077988 0.012125878536107689 -0.086575801808606578 -0.034911919930593623 0.11587423576944145 -0.020383386122368209 -0.069912681643693214 -0.041104446769413557 0.11303150054993834 -0.091262344296510187 0.043946324303852452 0.059801491053672405 0.093726956899093536 0.12908469034158507 -0.037816417810939522 0.12692937880601987 0.085644142006402857 0.090444161117753219
leaf_weight=1675.8086044117808 105.97259111702442 17.290698356926441 108.75157360732555 53039.494706273079 578.53848086297512 537.80432502180338 2333.352789670229 951.27488893270493 30359.869794696569 106.96643002331257 142.12472121417522 1554.7115693986416 700.67258260399103 980.01522003859282 65.727504476904869 115.54142881929874 206.9677757397294 159.20052626729012 23.418050989508629 1195.7497967332602 63.596122592687607 1010.5176209062338 263.88236498087645 462.7218783646822 87.476161360740662 411.09073583781719 443.91364815831184 327.09044449776411 1221.690569780767 68.064206033945084 88.524457171559334 47.816862881183624 481.91753327101469 505.87971599400043 139.86691175401211 108.60841390490532 39.965113908052444 445.21865080296993 71.13850811123848 1333.6707153767347 133.0407193377614 100.77123172581196 65.794392466545105 474.51432785391808
leaf_count=13902 670 73 498 454613 2870 2250 9702 3951 128249 519 585 6527 5306 8267 266 485 896 701 106 5027 263 4083 1190 1942 458 1767 2009 1345 9861 319 364 289 3490 2672 585 479 180 1966 304 5654 1000 459 271 1901
internal_value=-0.00161986 -0.0760371 0.0437523 -0.0860552 -0.0210353 0.114223 0.0746067 0.086699 0.121487 -0.0899692 -0.0643246 0.0835627 -0.000791203 -0.0906637 -0.043867 -0.0342416 0.0105292 -0.0175884 0.0991824 0.0785681 0.0193232 0.0570335 0.0333681 0.0452317 -0.0585002 0.0653668 0.036342 0.0574615 -0.0832009 0.124047 0.0503322 0.0933622 -0.0516738 -0.0323876 0.063463 -0.022575 -0.082119 0.0731157 0.0264667 0.115635 0.100499 0.0331878 0.00859957 0.0704156
internal_weight=103356 62930 4856.7 58073.3 3297.34 40426 6263.51 3475.59 34162.5 54776 1381.11 3802.61 1539.71 54529.2 1489.66 1022.65 956.837 749.87 4723.8 2390.45 1038.11 2247.9 1237.39 1581.57 859.287 517.063 509.641 864.895 1238.98 1352.34 156.589 163.358 590.669 529.298 246.833 372.491 1715.77 508.815 158.615 2518.76 1185.09 233.812 644.333 937.236
internal_count=688314 514493 27168 487325 21066 173821 29698 16649 144123 466259 10519 15874 9279 465155 10542 6842 5585 4689 20419 10717 5007 9347 5264 6984 6068 2437 2275 3595 9934 5710 683 774 3988 2778 1104 1669 14082 2229 762 11064 5410 1459 3141 3843
is_linear=0
shrinkage=0.08


Tree=9
num_leaves=45
num_cat=0
split_feature=7 7 4 3 7 12 7 10 12 1 8 12 12 2 7 2 1 3 4 6 10 6 3 2 10 3 12 5 7 1 2 3 0 7 10 4 6 10 4 2 3 3 6 4
split_gain=132069 5997.55 3143.42 2275.4 2025.7 1008.06 1523.6 837.688 572.994 492.637 463.701 488.745 435.862 408.563 363.712 230.012 207.96 161.884 267.379 183.162 151.17 148.572 351.614 323.461 120.739 307.641 112.011 103.549 92.2817 348.646 71.0649 60.9944 59.1541 52.1877 54.3062 51.4013 48.31 75.4039 47.3274 61.1833 47.9634 46.4406 46.3253 46.7825
threshold=0.64624765515327465 1.0000000180025095e-35 0.47727273404598242 0.77694860100746166 0.77345910668373119 1.0000000180025095e-35 0.52449017763137828 1.0000000180025095e-35 1.0000000180025095e-35 0.92805382609367382 0.82774659991264354 1.0000000180025095e-35 1.0000000180025095e-35 0.55834907293319713 0.97570812702178966 0.86222714185714733 0.88548010587692272 0.98213717341423046 0.12916667014360431 0.16064515709877017 0.75000000000000011 0.87138131260871898 0.54261502623558056 0.28759399056434637 0.75000000000000011 0.78086888790130626 1.0000000180025095e-35 1.0000000180025095e-35 0.59940120577812206 0.84028983116149913 0.78305691480636608 0.99397590756416332 0.96922349929809581 0.47769485414028173 1.0000000180025095e-35 0.70714285969734203 0.67799538373947155 0.75000000000000011 0.30384616553783422 0.22401433438062671 0.58102023601531994 0.908033847808838 0.97619047760963451 0.47727273404598242
decision_type=2 2 2 2 2 2 2 2 2 2 2 2 2 2 2 2 2 2 2 2 2 2 2 2 2 2 2 2 2 2 2 2 2 2 2 2 2 2 2 2 2 2 2 2
left_child=1 2 15 4 8 28 24 9 32 17 11 14 16 42 20 26 27 18 -5 -20 -6 22 23 -12 33 -26 41 31 -3 -30 -24 -4 36 -7 -35 -19 -2 -38 39 -10 -41 -1 43 -8
right_child=3 5 12 7 10 6 13 -9 38 -11 21 -13 -14 -15 -16 -17 -18 35 19 -21 -22 -23 30 -25 25 -27 -28 -29 29 -31 -32 -33 -34 34 -36 -37 37 -39 -40 40 -42 -43 -44 -45
leaf_value=-0.086542198461399988 -0.077271426371295998 -0.091000049475933861 -0.075693793520508465 0.13144710012684468 0.069828750675112086 -0.088726504689981653 -0.074930121608538847 0.12074169558913038 0.09763397713588258 0.11578102571081722 0.085264383684168304 0.10134831959404933 0.11061324497190743 0.10581011667786878 0.088401838806995828 0.075324929935015245 0.069196561151574951 0.095375763776742159 0.045636463653785868 -0.025841678981836789 -0.005673656852615813 0.11852048749160643 0.11137784841796648 -0.015284929428697903 -0.077914721749499871 0.15444186156146641 0.0052776453288311629 0.023899602443371148 -0.08184668350146905 0.093450137987506884 0.045936798558212748 0.13765715230202502 0.1374502560398102 -0.059220684615826608 0.11151685782696261 0.059313038293132191 0.17471746874853533 -0.043690163759193754 0.11345246500226745 -0.038875742551166298 0.082206004752320483 -0.018094916914975424 0.06410528278452883 0.16756450971459619
leaf_weight=1497.4905725941062 627.54558478295803 49591.227737218142 106.18267460167408 160.75269539654255 205.80457589775324 1328.6356240510941 121.07423120737076 29435.775664336979 75.946661397814751 1484.9518259316683 530.78060844540596 1064.2925215065479 938.26388996839523 480.55422532558441 511.46568919718266 64.646106719970703 838.72699445486069 566.78039081394672 647.54892268776894 355.34590443223715 967.8671891912818 1780.0200026631355 1864.4502273052931 333.3587938696146 139.7965495288372 49.339116588234901 96.245509907603264 633.36216560006142 660.82755328714848 81.577318772673607 112.61733685433865 9.3294175416231138 9.2079950124025327 43.4632428586483 16.429448641836643 456.83403584361076 10.701837822794912 185.02267620712519 100.14922672510147 63.244220033288002 31.300223976373672 66.246903195977211 20.800868481397629 5.315176010131835
leaf_count=13254 4908 455794 698 677 912 11629 878 128628 319 6404 2270 4542 3995 2040 2157 289 3377 2292 2667 1594 4861 7619 7945 1677 1129 246 448 2863 5835 405 477 48 38 307 90 1853 46 1191 424 343 132 552 86 26
internal_value=-0.00154821 -0.0808666 0.0105371 0.106779 0.0697885 -0.0882614 -0.0353221 0.116247 -0.0313185 0.0802192 0.0849206 0.0589062 0.067385 0.0700914 0.0321008 -0.0727214 0.0418373 0.056076 0.0356634 0.0203103 0.00756577 0.100398 0.0890442 0.0464755 -0.0772656 -0.0173007 -0.0784869 0.0111955 -0.0905809 -0.0625846 0.10765 -0.0584624 -0.0641934 -0.0854336 -0.0123849 0.0792811 -0.0664487 -0.0317481 0.0698032 0.0441629 0.00121002 -0.0836425 -0.046525 -0.0647323
internal_weight=98371.3 56789.5 4250.49 41581.8 8473.78 52539 2205.41 33108 1103.12 3672.21 7370.66 2749.43 2525.87 627.745 1685.14 1724.63 1587.6 2187.26 1163.65 1002.89 1173.67 4621.23 2841.21 864.139 1577.66 189.136 1659.98 748.874 50333.6 742.405 1977.07 115.512 832.478 1388.53 59.8927 1023.61 823.27 195.725 270.64 170.491 94.5444 1563.74 147.19 126.389
internal_count=687965 503989 25524 183976 39861 478465 16431 144115 7401 15487 32460 12472 10981 3030 7930 14543 6986 9083 4938 4261 5773 19988 12369 3947 13401 1375 14254 3609 462034 6240 8422 746 6183 12026 397 4145 6145 1237 1218 794 475 13806 990 904
is_linear=0
shrinkage=0.08


Tree=10
num_leaves=45
num_cat=0
split_feature=7 7 4 11 11 8 12 10 6 4 10 12 10 12 7 7 4 2 4 6 2 6 4 4 2 2 10 2 11 10 5 4 12 6 4 10 12 12 12 0 2 2 6 0
split_gain=117674 5612.81 2757.88 2068.31 1881.71 1533.03 875.391 777.862 613.501 472.182 404.313 402.985 246.152 231.992 395.251 218.289 197.343 191.835 183.441 181.485 636.078 419.486 179.89 267.956 172.743 154.478 126.002 125.6 122.08 130.119 112.145 96.8775 96.6666 77.8737 77.3948 76.4957 75.5032 70.5603 62.8901 60.1606 55.8997 55.0647 52.984 45.6533
threshold=0.64624765515327465 1.0000000180025095e-35 0.41428571939468389 0.81622841954231273 0.80284366011619579 0.72148045897483837 1.0000000180025095e-35 1.0000000180025095e-35 0.7245689630508424 0.90873014926910411 1.0000000180025095e-35 1.0000000180025095e-35 0.75000000000000011 1.0000000180025095e-35 0.54416766762733471 0.96636754274368297 0.78888890147209179 0.79502627253532421 0.76388889551162731 0.87138131260871898 0.44920890033245092 0.44862772524356848 0.087121214717626586 0.19090909510850909 0.75716626644134533 0.51191151142120372 0.75000000000000011 0.86526826024055492 0.76415356993675243 1.0000000180025095e-35 1.0000000180025095e-35 0.47727273404598242 1.0000000180025095e-35 0.14854215830564502 0.12916667014360431 0.75000000000000011 1.0000000180025095e-35 1.0000000180025095e-35 1.0000000180025095e-35 0.99504950642585765 0.93582704663276683 0.22401433438062671 0.048003071919083602 1.0000000180025095e-35
decision_type=2 2 2 2 2 2 2 2 2 2 2 2 2 2 2 2 2 2 2 2 2 2 2 2 2 2 2 2 2 2 2 2 2 2 2 2 2 2 2 2 2 2 2 2
left_child=1 2 17 5 13 6 8 9 24 16 32 18 -10 -3 28 -14 27 36 30 20 21 26 -22 -24 31 41 -7 37 -15 -30 39 -2 -6 -18 -26 -23 -1 -5 -19 -4 -32 -16 -29 -8
right_child=3 4 11 7 10 19 43 -9 12 -11 -12 -13 15 14 25 -17 33 38 -20 -21 22 35 23 -25 34 -27 -28 42 29 -31 40 -33 -34 -35 -36 -37 -38 -39 -40 -41 -42 -43 -44 -45
leaf_value=-0.084180518632019155 -0.070335215210186583 -0.090005661010264332 -0.066188322285221216 0.030477372471794571 -0.061479372306899406 0.15009577617081879 0.11236952146671261 0.11541294088015285 0.138099759643426 0.11835028079343544 0.10563751128866605 0.10441299872279636 -0.0092582860525947941 -0.081677789949838098 0.053295658064984631 0.078472952206848898 0.043696822237345813 -0.0056455213061221204 0.077038069558263436 0.1095163239154775 0.11984946497385188 0.14016082456120482 -0.085214565948269747 0.086699971869652795 0.13609874924507931 0.085635119026796075 -0.030847557917571624 0.058253228941853447 -0.068072935742846175 0.12173665961779286 0.022820456706095452 0.042794568350685722 0.053112727897928869 -0.039058466303663948 -0.0080592507513476911 0.062722985172937978 -0.0054967019857815255 0.07104962173819962 0.13370790286225193 0.065856728420849192 0.085304535591324768 -0.077962124170875655 0.098742918504372668 0.073213694636868026
leaf_weight=1404.9386055022478 879.68401316553354 46709.746838502586 129.10247700661421 698.2059114202857 166.7672068849206 25.930149286985397 291.34308764338493 28271.72227910161 129.85816770792007 1123.5488816648722 368.44582234323025 917.64003184437752 552.17062907665968 1422.3556148484349 28.122560486197472 270.39693185687065 123.42846129834652 94.487531147897243 519.36996823549271 2062.2710838466883 1557.6804506853223 94.235574826598167 63.131584480404854 717.42119100689888 37.939898893237114 146.45073774456978 491.43337281048298 304.68672612309456 54.715378031134605 40.02140074968338 825.84744844585657 51.268414422869682 65.664784997701645 177.32962673902512 64.111907608807087 610.87976194173098 82.641357183456421 451.89024844765663 26.550638124346733 26.63898392021656 103.06890475749969 75.025882437825203 644.08760312199593 550.97162313759327
leaf_count=13217 6582 460172 824 2890 1332 109 1268 128163 543 5074 1704 4025 2851 12966 148 1091 518 665 2087 9083 7006 396 316 3102 165 631 2593 1272 460 198 3654 258 279 748 326 2651 391 1850 108 138 415 575 2654 2467
internal_value=-0.00157359 -0.0796475 0.00991855 0.101646 -0.0871853 0.0664679 0.0184193 0.110996 -0.0105729 0.0755493 0.053516 0.0621305 0.0357404 -0.0889293 -0.0604726 0.019581 0.0555092 -0.0719289 0.0379414 0.0906311 0.0796932 0.0329305 0.104142 0.0727954 -0.0532736 0.0328165 -0.0217787 0.0641937 -0.075821 0.0121118 0.0192206 -0.0641051 -0.0291057 -0.00509643 0.0455345 0.0730722 -0.0798093 0.0464188 0.0249227 -0.0436025 0.0297534 -0.0421758 0.0857402 0.0867571
internal_weight=93453.2 53207.6 4130.29 40245.6 49077.3 8450.73 2827.74 31794.9 1985.43 3523.18 600.878 2521.67 952.426 48476.4 1766.69 822.568 2399.63 1608.62 1604.03 5622.98 3560.71 1222.48 2338.23 780.553 1033 249.599 517.364 2098.87 1517.09 94.7368 1084.66 930.952 232.432 300.758 102.052 705.115 1487.58 1150.1 121.038 155.741 928.916 103.148 948.774 842.315
internal_count=687965 503989 25524 183976 478465 40807 15551 143169 11816 15006 3315 11143 4485 475150 14978 3942 9932 14381 7118 25256 16173 5749 10424 3418 7331 1354 2702 8666 13624 658 5031 6840 1611 1266 491 3047 13608 4740 773 962 4069 723 3926 3735
is_linear=0
shrinkage=0.08


Tree=11
num_leaves=45
num_cat=0
split_feature=7 7 4 3 7 11 10 12 1 8 12 12 10 7 12 7 3 3 1 12 7 6 3 2 11 3 10 10 3 4 3 2 12 12 1 5 4 12 4 2 8 10 6 10
split_gain=105186 5316.21 2421.85 2219.13 1884.16 1245.36 816.269 515.723 450.174 396.633 401.057 371.521 336.28 282.301 193.068 306.721 264.848 187.823 178.314 136.029 164.57 135.032 311.776 289.202 120.836 118.276 98.589 90.9737 109.433 79.8974 78.516 75.11 64.9263 64.8781 60.2338 57.8776 57.7914 53.7811 53.7246 50.2831 49.4646 44.266 44.2344 58.7567
threshold=0.63343685865402233 1.0000000180025095e-35 0.41428571939468389 0.78526219725608837 0.77345910668373119 0.80284366011619579 1.0000000180025095e-35 1.0000000180025095e-35 0.94791102409362804 0.82385262846946727 1.0000000180025095e-35 1.0000000180025095e-35 1.0000000180025095e-35 0.99814125895500194 1.0000000180025095e-35 0.46683587133884435 0.79469618201255809 0.87026646733284008 0.79784947633743297 1.0000000180025095e-35 0.97311750054359447 0.87138131260871898 0.53248947858810436 0.28759399056434637 0.45682159066200262 0.99397590756416332 1.0000000180025095e-35 0.75000000000000011 0.83457711338996898 0.47727273404598242 0.82807883620262157 0.80217391252517711 1.0000000180025095e-35 1.0000000180025095e-35 0.85565477609634411 1.0000000180025095e-35 0.47727273404598242 1.0000000180025095e-35 0.80909091234207164 0.18677325546741488 0.47466187179088598 0.75000000000000011 0.67799538373947155 0.75000000000000011
decision_type=2 2 2 2 2 2 2 2 2 2 2 2 2 2 2 2 2 2 2 2 2 2 2 2 2 2 2 2 2 2 2 2 2 2 2 2 2 2 2 2 2 2 2 2
left_child=1 2 17 4 7 14 8 34 19 10 13 18 33 24 -3 27 29 32 35 20 25 22 23 -11 -6 -5 -18 -16 -29 -17 38 -24 -1 -7 42 -4 39 -19 -20 -9 -15 -14 -2 -44
right_child=3 5 11 6 9 12 -8 36 -10 21 -12 -13 41 40 15 16 26 37 30 -21 -22 -23 31 -25 -26 -27 -28 28 -30 -31 -32 -33 -34 -35 -36 -37 -38 -39 -40 -41 -42 -43 43 -45
leaf_value=-0.084278232427177496 -0.075820920509373974 -0.089125445662437713 -0.072414018551357068 0.00046074894456002408 0.030562510130534494 -0.065572723043113429 0.11138428783225778 0.093379564118887495 0.11152463759071578 0.074941469038464992 0.090377476389283298 0.099435031216069572 0.050593882611303716 0.034909990909210757 -0.086935104853532355 -0.062909062445224637 -0.015347840041033223 -0.013045709631423201 -0.052318912983594555 0.073632838280178192 0.10194983914442764 0.10797241132851607 0.099539606636308092 -0.02114048854142592 -0.021021601078229021 0.050650611752639366 0.12430239771661007 -0.059731167671614731 0.15153130978613835 0.10194996983549513 0.056869243379443234 0.026406102756068691 -0.0074745430644251407 0.037698982633274085 0.093091039926516142 0.0041730651609390374 0.11255598717858288 0.099576930100341368 0.086713662537999614 0.0081508526176873285 0.092877378636257363 0.11717356909382252 0.14783929003221274 -0.04355387345690849
leaf_weight=1280.0879544690251 673.23565942049026 43420.526287466288 77.59018549323082 650.16119267046452 593.34133486449718 151.22236930578947 27028.543913923204 65.248812332749367 1155.4833111763 533.47459205985069 1028.1736143827438 887.72561313211918 95.352053128182888 127.4561712294817 1151.7941444739699 245.99805168807507 46.502787098288536 131.23292079567909 72.964989013969898 976.78007045388222 200.29972243309021 1675.7506040781736 1984.9246157854795 321.21088020503521 569.6666841879487 558.75061655044556 106.33548437803984 51.640437282621861 22.542086884379387 20.37236812710762 1089.4585378542542 94.138787433505058 74.54501673579216 52.431403562426567 15.524134412407873 339.34249605238438 89.854893118143082 34.211027845740318 23.521987229585648 138.00674417614937 361.20453023910522 193.8127770870924 10.832069128751753 196.30242469161749
leaf_count=12846 5934 458916 574 2888 2646 1283 128040 279 5418 2302 4596 4025 484 533 11462 1903 294 1036 355 4070 839 7690 8953 1641 3152 2284 471 470 114 109 4494 414 359 225 69 1600 404 140 95 679 1573 892 48 1366
internal_value=-0.00159176 -0.0789497 0.00935035 0.0966088 0.0603951 -0.086723 0.106652 -0.0329831 0.0705382 0.0756265 0.0511521 0.0579166 0.0397601 0.0267341 -0.0881062 -0.0612056 -0.0021338 -0.0702242 0.0349224 0.0506893 0.0347862 0.0898553 0.0795069 0.0388316 0.00529549 0.0236582 0.0818122 -0.0814045 0.00446585 -0.0503004 0.0507434 0.0962282 -0.0800518 -0.038985 -0.0631196 -0.0100796 0.0591295 0.0102428 -0.018425 0.0355109 0.0777579 0.0952189 -0.0658742 -0.033545
internal_weight=88617.6 49569.2 4010.68 39048.4 8478.35 45558.5 30570 1189 3541.47 7289.34 2679.84 2490.6 492.819 1651.67 45065.7 1645.19 419.209 1520.08 1602.88 2385.99 1409.21 4609.5 2933.75 854.685 1163.01 1208.91 152.838 1225.98 74.1825 266.37 1185.95 2079.06 1354.63 203.654 895.894 416.933 293.11 165.444 96.487 203.256 488.661 289.165 880.37 207.134
internal_count=687965 502147 25524 185818 42279 476623 143539 8779 15499 33500 12500 11143 2884 7904 473739 14823 2777 14381 7118 10081 6011 21000 13310 3943 5798 5172 765 12046 584 2012 4944 9367 13205 1508 7417 2174 1362 1176 450 958 2106 1376 7348 1414
is_linear=0
shrinkage=0.08


Tree=12
num_leaves=45
num_cat=0
split_feature=8 12 10 8 3 4 8 10 0 11 0 11 11 1 12 6 6 11 4 6 3 0 4 1 4 3 10 6 0 11 6 4 3 3 10 3 5 10 10 12 11 8 10 6
split_gain=87986.2 8341.42 2171.17 1978.8 1411.4 1316.25 1173.01 814.222 776.772 579.673 482.421 489.722 434.632 432.729 376.855 374.327 289.055 240.805 205.225 177.918 508.46 335.347 173.973 138.571 137.957 193.529 136.617 127.027 125.333 114.204 113.261 200.039 106.483 99.0943 97.6296 86.4234 81.7785 79.535 78.1027 76.2859 66.8994 189.469 188.497 57.7649
threshold=0.5827293097972871 1.0000000180025095e-35 1.0000000180025095e-35 1.0000000180025095e-35 0.79469618201255809 0.43650794029235845 0.74203693866729747 1.0000000180025095e-35 0.79502627253532421 0.82952332496643078 0.17267081141471866 0.28814046084880834 0.80284366011619579 0.92805382609367382 1.0000000180025095e-35 0.67799538373947155 0.97619047760963451 0.63246968388557445 0.47727273404598242 0.87138131260871898 0.54261502623558056 0.27334994077682501 0.2264957278966904 0.93957647681236278 0.12916667014360431 0.98213717341423046 0.75000000000000011 0.16530054807662967 0.29818989336490637 0.31306675076484686 0.15450928360223773 0.73030304908752453 0.81754159927368175 0.89927536249160778 1.0000000180025095e-35 0.96051946282386791 1.0000000180025095e-35 1.0000000180025095e-35 0.75000000000000011 1.0000000180025095e-35 0.77690690755844127 1.0000000180025095e-35 0.75000000000000011 0.42146381735801702
decision_type=2 2 2 2 2 2 2 2 2 2 2 2 2 2 2 2 2 2 2 2 2 2 2 2 2 2 2 2 2 2 2 2 2 2 2 2 2 2 2 2 2 2 2 2
left_child=1 3 12 5 6 33 14 13 16 10 11 38 28 24 15 18 17 32 -2 20 21 39 -23 35 -6 27 -13 -26 -3 -17 -22 -32 -4 -1 -11 36 -7 -20 -5 -8 41 -10 -43 -37
right_child=4 2 8 9 7 23 19 -9 40 34 -12 26 -14 -15 -16 29 -18 -19 37 -21 30 22 -24 -25 25 -27 -28 -29 -30 -31 31 -33 -34 -35 -36 43 -38 -39 -40 -41 -42 42 -44 -45
leaf_value=-0.082057880229423091 -0.071042253036111586 0.14189252369742764 -0.058344026238973314 0.30205535626897617 0.11960085850602654 -0.071631579142096474 0.037305731791396103 0.10798325530944546 0.096691505785217943 -0.046713993682784186 -0.088091139680562688 0.1311141531472286 0.075847155549333092 0.10191370736795589 0.065644115881438897 -0.043903267681390273 0.090280239865229039 0.076797370933072276 -0.051176324327571514 0.10108782888037428 0.1007807851985886 -0.034969659253829499 0.12948542454412015 0.065181793914059996 0.03251608172598127 0.062051780403747245 0.0055837012340929307 -0.029903113978550527 -0.081794286874575337 0.060049740425082654 0.077853930276001501 -0.055855595537628311 0.060572903943754232 0.0033984456757165573 0.074313909037834386 0.049247408073646345 0.0073727954103240999 0.092650153477037325 -0.080922993662973064 0.09583625227545288 0.10938090851387519 -0.056381551782879936 0.1233896401694211 -0.012971768949552459
leaf_weight=1254.7087308168411 645.03242018818855 16.306686490774155 449.26138846576214 3.4230842217802993 139.59038002043962 106.43131694197655 276.37905451655388 24532.549101471901 862.05443669855595 57.556185431778431 40159.081530041993 62.9401019141078 133.79300753772259 1300.6166728064418 457.59368570148945 84.041713751852512 197.5971567928791 129.33725393563509 36.384319506585598 1847.5055921375751 1831.3547637462616 483.3537118807435 45.001770563423634 519.42179317772388 603.30438943952322 974.707176014781 468.53267671912909 318.98474648594856 948.64575158059597 346.52454872429371 775.59714648872614 78.893595099449158 53.982201084494591 93.30197761207819 164.78590865433216 451.61181636154652 395.26511970162392 76.020654402673244 772.4719120785594 294.23868921399117 1194.6307651996613 111.59738429635763 56.091187626123428 121.10773158073425
leaf_count=13368 5676 77 3614 19 638 738 1247 121779 4033 320 454150 272 589 6255 2158 626 946 618 215 8766 8629 2543 193 2104 2516 4065 2233 1453 9792 1553 3484 349 314 721 761 1861 1749 344 8471 1248 5861 1060 266 567
internal_value=-0.00175171 -0.0712773 0.0371632 -0.0813687 0.0947477 -0.0179563 0.0633766 0.10294 0.0718541 -0.0858435 -0.0865342 -0.0387101 -0.0592787 0.0658655 0.0039585 -0.0198015 0.00581805 -0.0205651 -0.0536589 0.0807368 0.0708028 0.024963 -0.0209625 0.031256 0.0428442 0.0371961 0.0204497 0.0109277 -0.0780142 0.0397593 0.0895591 0.0655088 -0.045588 -0.0761431 0.0429842 0.0148547 -0.00938742 0.046095 -0.0792334 0.067487 0.0965 0.0815566 0.00375123 0.0360905
internal_weight=83931.6 48783.9 4153.3 44630.6 35147.7 2941.85 7277.92 27869.8 3054.55 41688.8 41466.4 1307.37 1098.75 3337.2 1645.6 1188 830.178 632.581 757.437 5632.32 3784.82 1098.97 528.355 1593.84 2036.59 1897 531.473 922.289 964.952 430.566 2685.85 854.491 503.244 1348.01 222.342 1074.42 501.696 112.405 775.895 570.618 2224.37 1029.74 167.689 572.72
internal_count=688241 514504 27170 487334 173737 21108 37031 136706 16712 466226 465145 10995 10458 14927 10572 8414 5492 4546 6235 26459 17693 5231 2736 7019 8672 8034 2505 3969 9869 2179 12462 3833 3928 14089 1081 4915 2487 559 8490 2495 11220 5359 1326 2428
is_linear=0
shrinkage=0.08


Tree=13
num_leaves=45
num_cat=0
split_feature=8 12 8 10 11 4 8 10 0 11 2 1 11 12 11 6 6 12 8 11 2 11 2 1 10 0 4 1 4 11 11 2 2 10 6 4 11 10 1 11 8 1 1 2
split_gain=78905.2 7313.14 1925.59 1924.4 1443.85 1181.38 1141.76 770.557 687.695 472.881 452.741 448.805 416.681 374.973 362.833 242.761 220.071 210.1 255.873 206.026 160.895 122.594 291.091 121.64 119.754 106.993 106.476 117.808 111.79 104.004 86.9589 223.934 74.933 73.9976 69.9429 66.3472 66.0185 65.2577 63.6229 64.5397 89.2565 54.2449 50.4609 48.9737
threshold=0.57212206721305858 1.0000000180025095e-35 1.0000000180025095e-35 1.0000000180025095e-35 0.82952332496643078 0.41428571939468389 0.68438714742660534 1.0000000180025095e-35 0.79502627253532421 0.82952332496643078 0.18677325546741488 0.92805382609367382 0.28814046084880834 1.0000000180025095e-35 0.81622841954231273 0.97619047760963451 0.71583852171897899 1.0000000180025095e-35 0.87885582447052013 0.63716873526573192 0.83796653151512157 0.41083151102066046 0.47673159837722784 0.93957647681236278 0.75000000000000011 0.33549784123897558 0.76388889551162731 0.86240702867507946 0.90873014926910411 0.28814046084880834 0.44286778569221502 0.44315245747566229 0.80982521176338207 1.0000000180025095e-35 0.040408162400126464 0.47727273404598242 0.35913865268230444 0.75000000000000011 0.83424907922744762 0.79175817966461193 1.0000000180025095e-35 0.7320508360862733 0.89769753813743602 0.51564025878906261
decision_type=2 2 2 2 2 2 2 2 2 2 2 2 2 2 2 2 2 2 2 2 2 2 2 2 2 2 2 2 2 2 2 2 2 2 2 2 2 2 2 2 2 2 2 2
left_child=1 2 5 14 6 32 13 11 15 10 12 26 37 16 25 19 20 18 21 -5 35 36 -23 41 -14 -3 27 -6 -28 -18 -20 -32 -1 -11 -29 -2 -8 -4 39 40 -10 -7 -9 -15
right_child=4 3 9 8 7 23 17 42 38 33 -12 -13 24 43 -16 -17 29 -19 30 -21 -22 22 -24 -25 -26 -27 28 34 -30 -31 31 -33 -34 -35 -36 -37 -38 -39 -40 -41 -42 -43 -44 -45
leaf_value=-0.079976421590718369 -0.070010582287864984 0.13401722902066113 0.27256033708134852 -0.043404613820075655 0.027633297940916207 -0.017955935601480729 0.0088118072603812908 0.099640629545248452 0.075335433216252648 -0.043341876590251918 -0.08737761174255855 0.098372487464365985 0.12426918315416859 0.030803152719988878 0.078417535199972493 0.084476889726857254 -0.069649132746390938 0.092489546244524087 0.098582474221207084 0.075453630330940644 0.079611975044894298 -0.036931217944092834 0.056749596925495603 0.060427949953764819 0.0023617543828111814 -0.07961164240021544 -0.035948571129656888 0.015610748722714812 0.12768301354157705 0.047298471096943649 0.014641175755477256 0.090347609319526845 0.0052728393434321877 0.069502451330166901 0.084382664333654975 0.015068418862527473 0.086642030505620568 -0.079690332683357276 0.1007172187790295 0.10028402802197565 -0.015776557582775127 0.023487238709898214 0.107192021733237 0.087149677260536296
leaf_weight=1185.036206163466 636.08031693100929 15.258385889232157 3.3819594606757155 482.84078750759363 1027.1013256981969 268.52108144015074 89.089885361492634 9514.500349059701 205.18151168525219 50.389892980456352 37272.271746255457 1298.2663186341524 57.959114916622639 175.38711310178041 108.88589251041412 184.75276934355497 59.266609989106655 2495.7039081305265 869.64768078923225 115.69969671964645 55.269959926605225 370.96299761533737 496.25691672414541 515.61835171282291 467.94059029221535 900.7956165522337 198.16561630368233 116.17038498818874 30.885394975543022 272.15849145501852 376.93731597065926 742.84742811322212 69.880345858633518 141.98601840436459 510.81158541142941 64.6217887327075 321.32163978368044 711.29214908182621 1523.8931162580848 236.99670307338238 103.5360985994339 817.53842796385288 13992.254229441285 225.84075997024775
leaf_count=13463 6130 77 18 3895 4289 1446 405 49068 985 282 452829 6510 262 882 491 909 526 12038 4349 557 311 2227 2440 2104 2372 9829 848 476 133 1253 1833 3668 489 670 2163 416 1502 8330 7853 1212 848 3606 73183 1064
internal_value=-0.0017562 -0.0706889 -0.0804921 0.0343806 0.0905337 -0.0171073 0.0588783 0.0991347 0.0681598 -0.0851702 -0.0857952 0.0621842 -0.0382514 -0.00357996 -0.0596429 0.00431484 -0.0279692 0.0750124 0.0616617 -0.020429 -0.0517988 0.0337243 0.0166766 0.0284314 0.0157971 -0.0760533 0.0372353 0.0443142 -0.0138844 0.0263855 0.0796033 0.0648636 -0.0752293 0.0399446 0.0716403 -0.0621642 0.0697471 -0.0780234 0.0923234 0.068884 0.0447788 0.0132407 0.104136 0.0625191
internal_weight=79379.2 45439.7 41561.8 3877.84 33939.5 2856.59 7251.39 26688.2 2852.9 38705.2 38512.8 3181.4 1240.57 1488.63 1024.94 783.293 1087.4 5762.77 3267.06 598.54 755.972 1277.63 867.22 1601.68 525.9 916.054 1883.13 1654.08 229.051 331.425 1989.43 1119.78 1254.92 192.376 626.982 700.702 410.412 714.674 2069.61 545.714 308.718 1086.06 23506.8 401.228
internal_count=688241 512527 485871 26656 175714 21108 39044 136670 16259 464763 463811 14419 10982 10582 10397 5361 8636 28462 16424 4452 6857 6574 4667 7156 2634 9906 7909 6928 981 1779 9850 5501 13952 952 2639 6546 1907 8348 10898 3045 1833 5052 122251 1946
is_linear=0
shrinkage=0.08


Tree=14
num_leaves=45
num_cat=0
split_feature=7 7 3 4 7 11 10 1 8 4 2 10 3 4 3 10 1 6 3 6 4 3 6 6 7 3 5 6 10 10 10 10 4 10 2 4 4 8 3 10 6 7 6 1
split_gain=76347.8 4370.46 1908.62 1646.81 1255.64 963.225 829.662 413.406 323.068 249.023 420.603 236.241 211.769 193.639 179.321 174.652 135.393 125.517 230.913 177.243 120.088 142.469 149.54 93.8699 93.752 190.549 92.0365 90.0208 80.7747 73.4548 65.5283 61.6586 56.2597 75.0696 49.6878 46.607 45.4125 44.8972 43.3501 39.7875 41.8058 37.6367 33.7249 33.407
threshold=0.63343685865402233 1.0000000180025095e-35 0.79469618201255809 0.43650794029235845 0.76325833797454845 0.80284366011619579 1.0000000180025095e-35 0.95488464832305919 0.83177077770233165 0.47727273404598242 0.22401433438062671 1.0000000180025095e-35 0.61435899138450634 0.47727273404598242 0.87026646733284008 0.75000000000000011 0.86706829071044933 0.87138131260871898 0.55470088124275219 0.41967740654945379 0.12916667014360431 0.98213717341423046 0.13840996474027636 0.17902930825948718 0.56268712878227245 0.84273937344551098 1.0000000180025095e-35 0.53410854935646068 0.35000000149011617 0.75000000000000011 1.0000000180025095e-35 1.0000000180025095e-35 0.47727273404598242 0.75000000000000011 0.73746865987777721 0.30384616553783422 0.080128207802772536 0.65586885809898388 0.99397590756416332 0.75000000000000011 0.22335600852966311 0.55585265159606945 0.22792208194732669 0.88047617673873912
decision_type=2 2 2 2 2 2 2 2 2 2 2 2 2 2 2 2 2 2 2 2 2 2 2 2 2 2 2 2 2 2 2 2 2 2 2 2 2 2 2 2 2 2 2 2
left_child=1 3 4 14 13 24 7 20 9 10 15 41 -12 27 35 -6 26 18 19 -10 -4 22 -22 -11 -3 32 38 37 -20 36 -15 -27 -26 -34 -25 -1 -29 -2 -5 40 -13 -7 -43 -8
right_child=2 5 6 16 8 11 43 -9 17 23 12 39 -14 30 -16 -17 -18 -19 28 -21 21 -23 -24 34 25 31 -28 29 -30 -31 -32 -33 33 -35 -36 -37 -38 -39 -40 -41 -42 42 -44 -45
leaf_value=-0.084758242224585556 -0.078061628167384503 -0.086444920397018718 0.11312608573840978 -0.064021275259216234 0.11698292624554955 -0.074771686732666154 0.097728024185913684 0.10278949163141306 -0.011088800345763563 0.10127129560956201 -0.050570324973177261 0.078353620333416862 0.033453059743575889 -0.020639802247498982 0.01572953528383924 0.043274643246094695 0.062548477671678676 0.096651999330664082 0.046140172340572133 0.063296503912285015 0.037835732381249466 0.056032363558951657 -0.023882355192927363 0.047248824818114842 -0.078351154556832711 -0.027497555411958068 0.032382356760055998 0.14575110526502541 0.089930902380549488 -0.025035397288194081 0.094627550860973977 0.09463714488072332 -0.057833240269073063 0.14910711819789851 -0.095175766795039876 -0.046889707025703026 -0.093425350112235253 -0.025073562723269653 0.10401766622677851 0.10499047513905956 -0.037959295849668714 0.035279258503857054 -0.062699556510874416 0.10399246390000691
leaf_weight=877.16849255561829 426.64758645743132 35448.101310521364 136.56602396816015 95.350054062902927 250.63147974014282 86.526520691812038 8789.9731390178204 959.15946781635284 348.00086322426796 507.96040405333042 471.74948475509882 58.116712994873524 323.70007158815861 48.109686724841595 155.60178676247597 1148.706763163209 1430.5102501064539 1445.8058673739433 322.7146338224411 498.94038353860378 683.88147179037333 1102.4797428846359 397.1740472689271 54.29326905310154 895.15807574987411 48.500161334872246 825.10297760367393 27.127702429890633 1637.3755813091993 262.62582980841398 91.780921503901482 58.198373652994633 35.701893128454685 16.35993605107069 22.041133552789688 272.66243343055248 6.2514432519674292 134.63406417518854 10.954178199172018 170.40535024553537 29.978758431971073 59.216377139091492 36.245552599430084 14330.549058765173
leaf_count=10500 4409 461833 669 715 1198 907 47711 5181 1771 2529 2884 305 1574 281 1164 5234 6393 7550 1499 2215 2913 4740 1787 252 10956 484 3816 127 8298 1953 457 365 393 97 100 2946 61 1032 53 881 171 337 267 79233
internal_value=-0.00175744 -0.0760578 0.085882 0.00723826 0.0517269 -0.0843268 0.0962698 0.0586123 0.0636404 0.042428 0.030072 0.0332662 -0.0163779 -0.0322848 -0.064871 0.0564763 0.0470931 0.0775019 0.0676384 0.0327322 0.0403489 0.0357971 0.0151608 0.088841 -0.0857458 -0.0622325 0.0233558 -0.0465255 0.0827211 -0.0108278 0.054986 0.0391204 -0.0736493 0.0071958 0.00612452 -0.0757784 0.100957 -0.0653514 -0.0467056 0.0824238 0.0387725 -0.0365584 -0.00192192 0.101611
internal_weight=75038.7 40609.9 34428.9 3667.35 8029.1 36942.5 26399.8 3279.26 7031.92 2779.08 2194.79 440.489 795.45 997.177 1305.43 1399.34 2361.92 4252.84 2807.03 846.941 2320.1 2183.54 1081.06 584.295 36502 1053.92 931.407 857.287 1960.09 296.005 139.891 106.699 947.22 52.0618 76.3344 1149.83 33.3791 561.282 106.304 258.501 88.0955 181.988 95.4619 23120.5
internal_count=688241 502583 185658 25587 43424 476996 142234 15290 35104 13771 10890 2868 4458 8320 14610 6432 10977 21333 13783 3986 10109 9440 4700 2881 474128 12295 4584 7582 9797 2141 738 849 11446 490 352 13446 188 5441 768 1357 476 1511 604 126944
is_linear=0
shrinkage=0.08


Tree=15
num_leaves=45
num_cat=0
split_feature=7 7 11 4 8 11 10 4 7 2 10 4 6 4 1 4 6 2 6 4 4 1 10 10 7 4 2 10 10 5 10 1 5 2 10 7 1 8 4 10 7 4 4 6
split_gain=68600 4182.26 1743.19 1477.22 932.672 891.061 749.428 411.902 300.764 346.98 211.761 193.099 227.044 148.568 154.384 145.8 139.839 417.013 266.197 203.784 204.067 132.687 115.112 113.94 104.443 198.784 111.419 96.9917 96.9623 81.8094 69.5982 64.4173 61.7383 58.4998 57.5566 54.1061 44.0803 42.545 41.355 40.478 39.9516 38.9868 38.9743 38.1167
threshold=0.63343685865402233 1.0000000180025095e-35 0.82952332496643078 0.41428571939468389 0.74203693866729747 0.80284366011619579 1.0000000180025095e-35 0.90873014926910411 0.86287939548492443 0.71010184288024913 1.0000000180025095e-35 0.47727273404598242 0.51887464523315441 0.78888890147209179 0.85565477609634411 0.30384616553783422 0.87138131260871898 0.44315245747566229 0.44862772524356848 0.087121214717626586 0.19090909510850909 0.81861472129821788 0.75000000000000011 1.0000000180025095e-35 0.54416766762733471 0.47727273404598242 0.84028983116149913 1.0000000180025095e-35 0.75000000000000011 1.0000000180025095e-35 0.75000000000000011 0.86526826024055492 1.0000000180025095e-35 0.86706829071044933 0.35000000149011617 0.96636754274368297 0.94312667846679699 0.97881317138671886 0.10555555671453477 1.0000000180025095e-35 0.99814125895500194 0.55050507187843334 0.58571431040763866 0.22335600852966311
decision_type=2 2 2 2 2 2 2 2 2 2 2 2 2 2 2 2 2 2 2 2 2 2 2 2 2 2 2 2 2 2 2 2 2 2 2 2 2 2 2 2 2 2 2 2
left_child=1 3 4 15 8 24 7 13 9 11 -7 12 -2 14 37 -1 17 18 28 -19 -21 29 -10 38 -3 26 -26 -27 -6 -5 -20 34 -17 -34 -8 -24 -23 -4 -11 -13 -36 -16 -31 -12
right_child=2 5 6 21 16 10 31 -9 22 23 43 39 -14 -15 41 32 -18 19 30 20 -22 36 35 -25 25 27 -28 -29 -30 42 -32 -33 33 -35 40 -37 -38 -39 -40 -41 -42 -43 -44 -45
leaf_value=-0.081748324440513373 -0.062188348467861324 -0.085879217445694392 0.018838091116936764 -0.058705878654216462 0.14052836390715537 -0.035910081830145699 0.066246330985701096 0.10209159432852763 0.10561658786356308 0.12110785980567759 0.09626521463663025 0.0024701490541289097 0.0039786146905603807 -0.016124610790259227 0.096158824420156427 -0.064345648581264472 0.090473223386168769 0.10272404888320713 0.12347271984221311 -0.089385318512419959 0.062909776004681256 0.044403123774177024 0.020195590135370759 0.088318619356987704 -0.076472822013150032 -0.037736128680239983 0.096661101061072355 0.10088499288655335 -0.032272895167045214 0.003917381000380386 0.045168821856180479 0.10118826981958647 -0.014317454325453375 0.09282796790030845 0.088665473932692931 0.059613869956598481 0.070371490393737454 0.088850549401724752 -0.020923882550650096 0.10800899608740069 0.10153477511453936 0.059062737069845953 0.045446362851849866 0.024978392215915676
leaf_weight=859.75212553888559 727.14022298157215 32561.580094099045 905.72142475098372 85.212130628526211 21.807085737586021 178.04465512931347 519.19775721430779 893.78628155589104 181.85638520121574 14.919565573334692 187.76223821938038 32.861778661608696 610.60918779671192 285.50934930145741 242.8874052464962 132.4419956728816 1635.9182041138411 1275.9390344619751 83.417210653424263 60.813685692846775 760.22653793543577 881.59801776707172 555.52512208372355 281.59517842531204 1250.1154506728053 65.192891269922256 24.250364243984222 64.033316150307655 442.14568384736776 281.53873565793037 562.60078496485949 15126.263806015253 186.03689140826464 39.545098274946213 3763.3388856351376 372.15705598890781 796.13695964217186 59.178734391927719 108.78041072934866 79.584188640117645 2617.7259735763073 715.29330651462078 297.41249492764473 64.492144949734211
leaf_count=10869 6676 456369 3811 668 93 1525 2912 5074 894 72 1009 176 3820 1266 1068 1465 8822 7068 384 302 3778 3980 2690 1499 16298 734 185 440 2380 1403 2532 88167 1913 173 21195 1654 3665 251 617 401 15078 3217 1341 357
internal_value=-0.00165651 -0.0749658 0.0828224 0.00758209 0.049805 -0.0835089 0.0930813 0.0562689 0.0144685 -0.00523442 0.0308908 -0.0235232 -0.0319868 0.0377251 0.0457199 -0.0638853 0.0714397 0.0617304 0.0220789 0.0827187 0.0516294 0.0447448 0.0474178 0.0602052 -0.0849582 -0.0635911 -0.0731782 0.0309525 -0.0241507 0.0144795 0.0552798 0.0982662 -0.0209895 0.00446541 0.0918608 0.036009 0.0567259 0.0231321 -0.00379331 0.0771658 0.0939449 0.0684662 0.0252512 0.0780398
internal_weight=70891.9 37955.1 32936.8 3559.67 7807.9 34395.5 25128.9 3102.38 2965.03 1855.49 430.299 1450.2 1337.75 2208.59 1923.08 1217.78 4842.87 3206.95 1109.97 2096.98 821.04 2341.9 1109.54 405.295 33965.2 1403.59 1274.37 129.226 463.953 664.163 646.018 22026.5 358.024 225.582 6900.26 927.682 1677.73 964.9 123.7 112.446 6381.06 958.181 578.951 252.254
internal_count=688291 502394 185897 25477 43858 476917 142039 14687 18499 13261 2891 11073 10496 9613 8347 14420 25359 16537 5389 11148 4080 11057 5238 2188 474026 17657 16483 1174 2473 3412 2916 127352 3551 2086 39185 4344 7645 4062 689 577 36273 4285 2744 1366
is_linear=0
shrinkage=0.08


Tree=16
num_leaves=45
num_cat=0
split_feature=8 12 8 10 3 3 8 10 3 2 11 4 11 12 11 2 6 4 0 3 2 4 4 1 6 4 4 1 4 10 3 10 11 0 10 4 11 12 10 10 4 4 6 0
split_gain=57376.9 6080.95 1716.58 1425.59 1337.64 856.623 831.689 815.542 499.187 401.776 412.699 369.73 312.169 301.028 277.407 271.352 177.318 217.769 164.352 456.8 213.011 168.585 157.419 124.335 121.682 185.113 108.04 124.077 133.261 98.3627 95.5907 91.9883 88.4551 84.8203 82.6437 77.3701 76.0734 67.9443 67.4732 58.7587 50.7841 47.7071 43.5344 42.1085
threshold=0.57212206721305858 1.0000000180025095e-35 1.0000000180025095e-35 1.0000000180025095e-35 0.79469618201255809 0.82807883620262157 0.74203693866729747 1.0000000180025095e-35 0.78526219725608837 0.18677325546741488 0.81622841954231273 0.90873014926910411 0.28814046084880834 1.0000000180025095e-35 0.79175817966461193 0.18677325546741488 0.97619047760963451 0.47727273404598242 0.17267081141471866 0.54261502623558056 0.30068494379520422 0.19090909510850909 0.47727273404598242 0.78319624066352855 0.16064515709877017 0.095454547554254546 0.78888890147209179 0.86240702867507946 0.12916667014360431 0.35000000149011617 0.97646731138229381 0.75000000000000011 0.38431020081043249 0.29818989336490637 0.75000000000000011 0.47727273404598242 0.3880015909671784 1.0000000180025095e-35 1.0000000180025095e-35 0.75000000000000011 0.47727273404598242 0.58571431040763866 0.10990338027477266 1.0000000180025095e-35
decision_type=2 2 2 2 2 2 2 2 2 2 2 2 2 2 2 2 2 2 2 2 2 2 2 2 2 2 2 2 2 2 2 2 2 2 2 2 2 2 2 2 2 2 2 2
left_child=1 2 5 14 6 35 13 11 16 12 -11 26 39 15 33 32 17 -5 -8 20 37 -22 -17 41 40 -26 27 28 -6 -12 -28 -14 34 -3 -2 -1 -33 -20 -24 -4 -21 -7 -37 -15
right_child=4 3 9 8 7 23 18 -9 -10 10 29 -13 31 43 -16 22 -18 -19 19 24 21 -23 38 -25 25 -27 30 -29 -30 -31 -32 36 -34 -35 -36 42 -38 -39 -40 -41 -42 -43 -44 -45
leaf_value=-0.080587102050652948 0.11989409071517554 0.13068696669508001 0.2794373264848633 -0.046798280038758779 0.10651468539009151 -0.034201530909273248 0.086351335792109546 0.096546974710465541 0.08667124197799389 -0.085562906026473581 -0.026876921934615799 0.099161930529957282 0.11192790970182637 0.096663235541646172 0.057139546027973206 -0.066726699799092792 0.079795466941464332 0.063344863405779203 0.013218760862169643 0.058626647653728339 -0.055762442446509512 0.11034913927629099 -0.04925395677283121 0.036008711520464684 0.10015528077244631 0.017454908649944981 -0.095970837400216558 0.065412540426140045 0.016018952585157044 0.076634817630846272 0.015279668792253882 -0.025945573016882766 0.077766191813372604 -0.077177810970472535 -0.013327553856689772 0.0085166816611269933 0.0406954999383215 0.070229202684371508 0.08150194260243801 -0.077715551375317549 0.094356470574776377 0.027826789251818106 -0.063603613035852324 0.041011612248904615
leaf_weight=872.17027474194765 33.771062687039375 12.78688335418701 2.9631025642156592 386.34410174190998 115.73063207417727 276.27859725803137 1686.1518381685019 19960.2238843292 1826.82343903929 29979.612793676555 128.41092869639397 794.61584808677435 50.28236461430788 116.7840188741684 121.13521018624306 622.39315152168274 168.31678587198257 163.50492125749588 276.81847219914198 319.31275469809771 345.55713011324406 44.09122534096241 38.562062464654446 1149.6513387709856 274.01329949498177 470.92258208245039 65.596601732075214 845.10422791540623 1040.0659821927547 108.30873602628708 200.56597542762756 303.33373020589352 152.1763890683651 719.84031254053116 253.54691435396671 108.95909378677607 171.67658557742834 258.93886113166809 73.205753467977047 582.67306347936392 1256.0938544124365 111.33618079870939 105.36891732364893 341.35973448306322
leaf_count=12094 157 69 17 3556 632 2266 9391 122467 10791 452417 848 4779 256 586 595 6629 882 1017 1335 1643 1923 204 251 5015 1398 2290 302 3887 4567 572 878 1669 724 9727 1471 553 723 1142 367 8300 7080 483 582 1756
internal_value=-0.0016543 -0.0675758 -0.077789 0.0344473 0.081567 -0.0156314 0.0497091 0.0906499 0.0644564 -0.0829949 -0.0847321 0.0522044 -0.0357453 0.000201765 -0.0550071 -0.0212662 0.00794785 -0.0140458 0.0660895 0.0555635 0.00804035 -0.0369658 -0.0510285 0.0227979 0.0745168 0.047875 0.0357455 0.0421151 0.0250803 0.0204838 -0.0121384 0.00903172 0.0284508 -0.0735499 0.00233118 -0.0700043 -0.00186039 0.0407727 0.0363886 -0.0759085 0.0871145 -0.0163849 -0.0269394 0.0551976
internal_weight=66935.4 37349.8 33951 3398.75 29585.6 2623.76 6563.7 23021.9 2544.99 31327.3 30216.3 3061.68 1110.93 1631.8 853.762 1173.66 718.166 549.849 4931.9 3245.75 925.406 389.648 734.161 1537.27 2320.34 744.936 2267.06 2000.9 1155.8 236.72 266.163 525.293 439.494 732.627 287.318 1086.5 475.01 535.757 111.768 585.636 1575.41 387.615 214.328 458.144
internal_count=688291 512432 485795 26637 175859 20993 38347 137512 16246 464802 453837 15045 10965 11941 10391 9599 5455 4573 26406 17015 4604 2127 7247 7764 12411 3688 10266 9086 5199 1420 1180 2648 2352 9796 1628 13229 2392 2477 618 8317 8723 2749 1135 2342
is_linear=0
shrinkage=0.08


Tree=17
num_leaves=45
num_cat=0
split_feature=8 12 8 3 10 10 3 8 3 2 11 4 11 12 11 2 0 3 10 0 4 6 4 12 8 6 4 4 10 10 4 4 11 0 2 11 10 10 10 4 4 6 3 3
split_gain=51685 5586.1 1672.23 1280.6 1260 821.523 768.486 736.592 448.182 398.836 391.199 354.43 288.424 260.677 250.831 240.305 155.52 413.888 182.48 148.902 140.783 139.198 219.409 104.951 147.285 104.066 183.693 95.7492 85.9585 82.2888 80.0643 78.5676 78.4837 76.5817 71.4268 64.93 58.5942 50.6009 47.2627 46.4102 44.9492 100.727 76.0304 41.9813
threshold=0.57212206721305858 1.0000000180025095e-35 1.0000000180025095e-35 0.79469618201255809 1.0000000180025095e-35 1.0000000180025095e-35 0.82426470518112194 0.74203693866729747 0.80810147523880016 0.18677325546741488 0.81622841954231273 0.90873014926910411 0.28814046084880834 1.0000000180025095e-35 0.79175817966461193 0.18677325546741488 0.17267081141471866 0.56980520486831676 0.75000000000000011 0.27334994077682501 0.47727273404598242 0.97619047760963451 0.47727273404598242 1.0000000180025095e-35 0.97881317138671886 0.16064515709877017 0.095454547554254546 0.55050507187843334 0.35000000149011617 0.75000000000000011 0.12916667014360431 0.47727273404598242 0.31306675076484686 0.29818989336490637 0.93957647681236278 0.39890380203723913 1.0000000180025095e-35 0.75000000000000011 0.75000000000000011 0.47727273404598242 0.47727273404598242 0.58411949872970592 0.58578637242317211 0.68237251043319713
decision_type=2 2 2 2 2 2 2 2 2 2 2 2 2 2 2 2 2 2 2 2 2 2 2 2 2 2 2 2 2 2 2 2 2 2 2 2 2 2 2 2 2 2 2 2
left_child=1 2 6 7 14 11 31 13 21 12 -11 23 37 15 33 32 -9 18 -18 -20 -17 22 43 24 30 39 -27 34 -12 -14 -5 -1 -2 -3 -8 -31 -22 -4 -34 -19 41 42 -15 -6
right_child=3 4 9 5 8 -7 27 16 -10 10 28 -13 29 40 -16 20 17 25 19 -21 36 -23 -24 -25 -26 26 -28 -29 -30 35 -32 -33 38 -35 -36 -37 -38 -39 -40 -41 -42 -43 -44 -45
leaf_value=-0.080071696478416707 -0.041262407294339568 0.12686767942033447 0.25143593678119874 0.10581566455258344 -0.059001485037987404 0.094374849397501778 -0.01789853620565433 0.083319156645903489 0.084305371684750274 -0.08500206875103837 -0.0249434158426356 0.096823898072147044 0.10833601950246693 -0.05174669776535179 0.053391889979343007 -0.064536024772595249 0.12252799192656072 0.056222940687183115 0.037783002625845948 -0.028723448163941276 -0.046274543366180303 0.075604172601137595 0.06119703188864957 0.054853537869343411 0.10147627515427232 0.102218574832697 0.016462876266730691 0.033754199129710838 0.072833502348161286 -0.024014380095620767 0.0065838604868883547 -0.024722899823112029 0.11090196791419522 -0.075822135856293049 0.11433024965502267 0.037849042947410323 0.076892023085642067 -0.076578692554969074 0.030666670054415097 0.0913576623936104 0.091600860297046588 0.08440884953562279 0.054503995181715295 -0.0018991997403490567
leaf_weight=809.96168578416109 87.195780694484711 12.144379094243048 3.0265987217426291 54.437618687748909 278.54717943817377 18832.273121163249 430.55394566059113 1610.8309084773064 1700.7652399018407 27849.846884336323 127.34167324751616 750.50752437114716 47.891591899096966 98.668423652648926 119.34285257011652 593.25053109973669 83.362730018794537 302.53676649928093 367.00251872092485 521.7542382851243 37.793973587453365 163.63261125981808 197.15737381577492 878.96160404384136 126.86697836220264 247.03364190459251 453.03467496484518 1082.400420203805 104.98395907878876 301.42979691177607 1180.3141525313258 205.85309940576553 56.060736835002899 675.8981888666749 27.835307493805885 169.71832118928432 71.460356459021568 545.5381507538259 290.25993157178164 1175.5586114227772 128.61754448711872 147.38247489184141 76.537515506148338 117.01608372479677
leaf_count=12030 739 69 17 298 2773 122467 3210 9391 10422 452417 848 4779 256 519 595 6629 391 1597 1674 2837 251 882 1247 4031 594 1326 2214 4534 572 1679 5343 1105 291 9727 114 713 367 8300 1322 6976 715 755 353 922
internal_value=-0.00165183 -0.0666146 -0.0768741 0.0789896 0.0330305 0.088189 -0.0148371 0.0473653 0.0615206 -0.0823151 -0.0841397 0.0492418 -0.0343219 0.000168938 -0.0536737 -0.0202633 0.0630992 0.0527602 0.00935497 -0.00126033 -0.0491672 0.010286 -0.00774646 0.0333037 0.0193926 0.0721321 0.0467236 0.0207762 0.0192403 0.00842597 0.0109588 -0.0688554 0.0265749 -0.0722445 -0.00986905 -0.00172976 0.0342854 -0.0747689 0.0436548 0.0841663 0.0516121 0.0356684 -0.00533181 -0.0421094
internal_weight=63142.6 34970.9 31706.4 28171.7 3264.5 21823.4 2556.6 6348.34 2457.12 29149.8 28082.2 2991.09 1067.6 1587.23 807.385 1136.02 4761.11 3150.28 972.119 888.757 702.505 756.353 592.721 2240.58 1361.62 2178.16 700.068 1540.79 232.326 519.04 1234.75 1015.81 433.516 688.043 458.389 471.148 109.254 548.565 346.321 1478.1 451.206 322.588 175.206 395.563
internal_count=688291 512432 485795 175859 26637 137512 20993 38347 16246 464802 453837 15045 10965 11941 10391 9599 26406 17015 4902 4511 7247 5824 4942 10266 6235 12113 3540 7858 1420 2648 5641 13135 2352 9796 3324 2392 618 8317 1613 8573 2342 1627 872 3695
is_linear=0
shrinkage=0.08


Tree=18
num_leaves=45
num_cat=0
split_feature=7 7 3 4 10 7 11 12 12 1 12 7 10 12 7 1 4 1 12 7 4 4 10 3 1 0 3 0 8 10 6 3 11 4 8 1 3 4 4 4 4 7 12 6
split_gain=50515.4 3540.05 1567.6 1022.22 842.25 761.771 722.655 373.022 365.092 348.69 284.396 400.242 241.772 160.183 201.892 156.926 130.633 126.277 108.553 146.529 107.838 74.0563 73.5412 70.7376 70.644 66.1989 64.4816 79.2529 60.1678 57.6939 56.5582 48.0994 46.6604 170.189 55.9403 46.1512 49.606 123.742 45.2603 44.6346 44.2328 42.7258 41.2233 37.8872
threshold=0.63343685865402233 1.0000000180025095e-35 0.79469618201255809 0.30384616553783422 1.0000000180025095e-35 0.82554244995117199 0.79175817966461193 1.0000000180025095e-35 1.0000000180025095e-35 0.9634092152118684 1.0000000180025095e-35 0.98048734664917003 1.0000000180025095e-35 1.0000000180025095e-35 0.46437034010887152 0.78319624066352855 0.47727273404598242 0.90054944157600414 1.0000000180025095e-35 0.97570812702178966 0.73030304908752453 0.12916667014360431 0.75000000000000011 0.87206766009330761 0.84660634398460399 0.24440020322799685 0.58578637242317211 0.26158231496810919 0.30521412193775183 0.75000000000000011 0.22335600852966311 0.98571136593818676 0.48210833966732031 0.30384616553783422 0.50108224153518688 0.88047617673873912 0.84475743770599376 0.73030304908752453 0.47727273404598242 0.30384616553783422 0.58571431040763866 0.55585265159606945 1.0000000180025095e-35 0.22886905074119571
decision_type=2 2 2 2 2 2 2 2 2 2 2 2 2 2 2 2 2 2 2 2 2 2 2 2 2 2 2 2 2 2 2 2 2 2 2 2 2 2 2 2 2 2 2 2
left_child=1 3 5 -1 9 7 13 24 15 18 11 17 41 -3 22 40 23 20 19 21 -7 -4 -15 -16 25 29 27 -9 -24 -2 -14 -17 34 -34 -13 36 37 -6 -27 -29 -5 -8 -32 -39
right_child=2 6 4 8 35 10 12 26 -10 -11 -12 32 30 14 16 31 -18 -19 -20 -21 -22 -23 28 -25 -26 38 -28 39 -30 -31 42 -33 33 -35 -36 -37 -38 43 -40 -41 -42 -43 -44 -45
leaf_value=-0.078559666296676295 0.12447091039532911 -0.084621212112386449 0.10269531358152569 -0.037526541718732077 0.075206048103504272 0.011353970787282763 -0.074094056327215468 0.058100174516039792 0.076729672481508249 0.09488336746950124 0.078712645443965085 0.028847523175186567 0.08988937501739773 -0.082004601715928493 -0.045218799684288172 0.0075645151847078124 0.087733237023773045 0.09477415735365767 0.052612441672948915 0.08733111261957803 -0.12775082002053401 0.0029089228535639517 0.19385555866826937 0.092605945076228657 0.075921518108609989 -0.06937370895125286 0.07632798888580361 -0.054821267391106057 -0.024904107850686065 -0.023634426211495578 -0.054068989165911047 0.039504670742920224 0.015437273928470392 0.086398116058773525 0.086655769745756978 0.095530100408927732 0.089654963097055035 0.047204054342975199 -0.00015645395439504569 0.10661510788432611 0.012068582363907138 -0.0043616197269533748 0.06621704203520315 -0.1328683520351345
leaf_weight=713.34299481660128 17.841749168932438 26121.807974580675 49.664514377713203 421.75801321864128 744.29657801985741 1571.0741963237524 136.01263457164168 133.3924337849021 748.24134959280491 724.60703594982624 2125.4945872873068 122.33154152333736 189.49737134575844 753.7760768905282 213.30413609743118 512.29334033280611 80.879300732165575 115.56798824667931 903.70992654561996 165.73244787752628 36.49550074338913 1144.5989199206233 9.4852374196052534 26.830688819289207 32.24927431344986 498.18376713991165 238.68061950057745 90.620527982711792 53.050634302198887 297.80831652134657 35.919848129153252 734.21148136258125 397.38627254962921 474.70217560231686 862.33963419497013 11348.897191181779 6302.7918711602688 10.750289335846899 68.811040222644806 12.469179242849348 158.28701148182154 95.87260901555419 37.034854024648666 24.565762668848038
leaf_count=10916 92 458135 280 4088 4774 8284 1943 661 4290 4918 12096 519 1185 11338 2036 2501 485 715 4179 794 172 5084 55 153 166 6109 1303 482 501 2191 294 3086 2046 2895 5217 79275 42803 69 392 67 714 647 211 149
internal_value=-0.00168834 -0.0723041 0.0751843 0.00618452 0.0859801 0.0425941 -0.0816032 -0.0105113 0.0296628 0.0465825 0.0555326 0.0417699 0.0142577 -0.0833416 -0.0539515 0.010382 -0.000202087 0.0140026 0.0311215 0.0168408 0.00819597 0.00705863 -0.0750884 -0.0298194 -0.0403773 -0.0446265 0.0469936 0.0173865 0.00827665 -0.0152629 0.0668464 0.0263778 0.067539 0.0540632 0.0794739 0.0923677 0.0873002 0.0682635 -0.0609734 -0.0352948 -0.0239927 -0.0452633 0.00699322 -0.0780539
internal_weight=59556.7 31041.6 28515.1 3288.13 21419.6 7095.45 27753.5 1390.06 2574.79 2988.31 5705.39 3579.9 494.337 27259.1 1137.33 1826.55 321.014 1723.14 2263.71 1360 1607.57 1194.26 816.312 240.135 914.894 882.645 475.163 236.482 62.5359 315.65 262.452 1246.5 1856.76 872.088 984.671 18431.3 7082.4 779.613 566.995 103.09 580.045 231.885 72.9547 35.3161
internal_count=688310 502578 185732 25595 142325 43407 476983 11463 14679 15255 31944 19848 4280 472703 14568 10389 2674 9171 10337 6158 8456 5364 11894 2189 8950 8784 2513 1210 556 2283 1690 5587 10677 4941 5736 127070 47795 4992 6501 549 4802 2590 505 218
is_linear=0
shrinkage=0.08


Tree=19
num_leaves=45
num_cat=0
split_feature=7 7 11 11 10 11 12 7 1 12 10 12 7 7 2 5 2 7 12 2 10 12 12 8 1 10 1 10 6 10 7 2 2 10 6 0 6 10 7 12 6 6 6 7
split_gain=45582.9 3353.69 1434.32 873.425 804.398 681.448 570.783 743.108 357.703 282.435 222.22 162.698 190.64 141.73 117.243 113.072 108.838 104.953 101.701 100.502 108.589 97.64 79.5536 108.497 78.1105 72.8253 75.2932 63.3244 64.7551 59.2071 58.2233 128.545 170.219 85.6785 56.9854 55.8601 48.1438 46.6966 43.1987 73.0347 41.2686 37.6655 32.2293 30.1706
threshold=0.63343685865402233 1.0000000180025095e-35 0.82952332496643078 0.47218231856822973 1.0000000180025095e-35 0.79175817966461193 1.0000000180025095e-35 0.90152388811111461 0.9529346525669099 1.0000000180025095e-35 0.75000000000000011 1.0000000180025095e-35 0.48290473222732549 0.97735819220542919 0.77836257219314586 1.0000000180025095e-35 0.51191151142120372 0.75083893537521373 1.0000000180025095e-35 0.69860395789146434 0.75000000000000011 1.0000000180025095e-35 1.0000000180025095e-35 0.97881317138671886 0.89377820491790783 0.75000000000000011 0.70051544904708873 0.75000000000000011 0.87138131260871898 0.35000000149011617 0.91388580203056347 0.48331478238105779 0.22401433438062671 0.75000000000000011 0.095695972442626967 0.99504950642585765 0.38742592930793768 0.75000000000000011 0.98974332213401806 1.0000000180025095e-35 0.20185185223817828 0.97619047760963451 0.12973351776599887 0.90957191586494457
decision_type=2 2 2 2 2 2 2 2 2 2 2 2 2 2 2 2 2 2 2 2 2 2 2 2 2 2 2 2 2 2 2 2 2 2 2 2 2 2 2 2 2 2 2 2
left_child=1 3 6 18 8 11 7 14 22 15 21 -3 25 19 17 35 41 -2 -1 20 -9 -7 23 43 29 -13 -27 -15 -29 -6 31 32 -8 -34 -17 -5 -19 -16 39 -31 -23 -14 -18 -4
right_child=2 5 4 9 24 10 30 13 -10 -11 -12 12 16 27 37 34 42 36 -20 -21 -22 40 -24 -25 -26 26 -28 28 -30 38 -32 -33 33 -35 -36 -37 -38 -39 -40 -41 -42 -43 -44 -45
leaf_value=-0.073175886136601753 -0.053029966409012474 -0.08415797016421353 -0.0076088420918025805 -0.061846741565106784 0.058331545087441816 -0.05331844669344115 0.071300967392921924 0.07822274933574476 0.091122194407667542 0.074403757685355898 0.093208735685702801 -0.080143352892904307 -0.069773350292663891 0.10083668533804234 0.0036811873145146056 0.038399342488744014 0.087065056394954946 -0.032965948227695163 0.022826359145418557 0.084591479568998026 0.0027702537448404054 0.076233062190842568 0.046751203892040114 0.087447320808404075 0.094273994344623024 -0.061371751351313605 0.096476828863257091 0.037380266388595977 0.072136188140607654 0.065997812069761075 0.08313020630202303 0.078691119912318822 0.11562473473055258 -0.035905439282957086 0.00676194325485869 0.041110116965751099 0.0065496580758267345 0.091062980103313443 0.093744707380277514 0.088646333974553751 -0.032515605202122766 0.03815407064635213 0.011447969339851309 0.018359995905346996
leaf_weight=761.29470086470246 599.2407248467207 24240.809485357255 503.45605719089508 169.93279893696308 557.22599151730537 223.88278891518712 278.59331625699997 146.27380299568176 755.90466056764126 676.76590862870216 152.64917010813951 723.71418093517423 103.71201103180647 246.73345755040646 82.143355131149292 665.59701871499419 79.121099911630154 326.03651616722345 77.843784302473068 157.64265471696854 737.82895155251026 69.097476951777935 795.79625484347343 118.67329202592373 10485.950034350157 50.080885238945484 31.507129840552807 611.98563196510077 780.79820096492767 1445.8771256953478 1248.0621943473816 839.29147186130285 26.747449070215225 222.84325993806124 805.11614853143692 42.077650815248489 499.84204552322626 74.764611229300499 2494.7815324813128 2464.3183512985706 32.998991385102272 25.853573530912399 66.303572304546833 663.89101499319077
leaf_count=12345 6909 458135 2187 1648 3843 2743 1535 765 5366 4093 985 11599 1246 1588 471 2937 437 2271 414 1038 3945 377 3686 577 77781 614 153 3564 4683 9860 7593 5151 128 1085 3928 230 2676 449 18107 17602 175 115 404 2872
internal_value=-0.00168128 -0.0714373 0.0727833 0.00582908 0.083488 -0.0810167 0.0412151 0.0231651 0.043986 0.0307594 0.0135506 -0.0828042 -0.0524274 0.0488206 -0.0203166 0.0132064 0.00508312 -0.027543 -0.0642701 0.0257463 0.0152538 -0.0237517 0.026871 0.014569 0.0899125 -0.0720658 -0.000414812 0.063482 0.0568645 0.0833434 0.0706363 0.0592333 0.0283147 -0.0196667 0.02108 -0.0414129 -0.00905013 0.0453175 0.0855194 0.0802716 0.041084 -0.0482375 0.0525889 0.0071601
internal_weight=56163.1 28998.4 27164.7 3198.63 20285.9 25799.7 6878.83 4263.29 2837.72 2359.49 478.628 25321.1 1080.29 2681.26 1582.03 1682.72 274.99 1425.12 839.138 1041.75 884.103 325.979 2081.82 1286.02 17448.2 805.302 81.588 1639.52 1392.78 6962.2 2615.54 1367.48 528.184 249.591 1470.71 212.01 825.879 156.908 6404.98 3910.2 102.096 129.566 145.425 1167.35
internal_count=688310 502578 185732 25595 141881 476983 43851 28359 14688 12836 4280 472703 14568 15583 12776 8743 2202 11856 12759 5748 4710 3295 9322 5636 127193 12366 767 9835 8247 49412 15492 7899 2748 1213 6865 1878 4947 920 45569 27462 552 1361 841 5059
is_linear=0
shrinkage=0.08


Tree=20
num_leaves=45
num_cat=0
split_feature=7 7 3 3 7 11 12 7 1 12 12 7 12 12 12 7 3 0 1 12 3 1 2 5 2 3 7 6 3 8 0 6 7 1 5 11 6 6 7 6 6 8 7 8
split_gain=41154.9 3218.09 1580.45 793.656 662.203 506.795 291.775 401.618 233.641 231.939 209.327 199.967 259.833 157.808 138.763 150.467 131.944 190.104 126.256 121.234 110.786 86.8863 76.9293 61.8503 54.4021 176.172 113.089 46.764 158.517 60.5294 44.4176 48.9083 40.7876 38.7967 35.8067 34.5212 33.2753 32.0732 31.9129 30.3945 30.3537 30.1661 26.7462 25.6324
threshold=0.62090381979942333 1.0000000180025095e-35 0.79469618201255809 0.81754159927368175 0.76325833797454845 0.79175817966461193 1.0000000180025095e-35 0.98048734664917003 0.91545844078063976 1.0000000180025095e-35 1.0000000180025095e-35 0.98974332213401806 1.0000000180025095e-35 1.0000000180025095e-35 1.0000000180025095e-35 0.45176798105239874 0.98076212406158458 0.99504950642585765 0.90054944157600414 1.0000000180025095e-35 0.79469618201255809 0.78319624066352855 0.22401433438062671 1.0000000180025095e-35 0.18677325546741488 0.54261502623558056 0.98469346761703502 0.87138131260871898 0.5912291705608369 0.50108224153518688 0.75582656264305126 0.095695972442626967 0.54416766762733471 0.85565477609634411 1.0000000180025095e-35 0.72137078642845165 0.65881377458572399 0.19292803853750232 0.91388580203056347 0.20185185223817828 0.097167581319808974 0.34498016536235815 0.91689687967300426 0.65586885809898388
decision_type=2 2 2 2 2 2 2 2 2 2 2 2 2 2 2 2 2 2 2 2 2 2 2 2 2 2 2 2 2 2 2 2 2 2 2 2 2 2 2 2 2 2 2 2
left_child=1 3 4 19 10 14 7 18 11 21 33 12 16 32 -3 -16 17 -4 22 30 41 -5 -6 -21 -8 26 -26 28 -9 -29 -1 34 -7 36 -32 -12 43 -22 -14 -34 -15 -17 -18 -2
right_child=2 5 8 9 6 13 24 27 -10 -11 35 -13 38 40 15 20 42 -19 -20 23 37 -23 -24 -25 25 -27 -28 29 -30 -31 31 -33 39 -35 -36 -37 -38 -39 -40 -41 -42 -43 -44 -45
leaf_value=-0.077087395620205876 -0.073540052607960885 -0.0838314031154547 0.041627003362803984 -0.016503626909323266 0.021177978387645822 -0.070480516424907408 0.088054992816310379 0.004455908196215148 0.090889903709135744 0.073970031003681394 0.017991407823932212 0.09163949547235882 0.073600523605238014 0.093377019388696303 -0.074147030360409982 0.13765561481073596 0.052495570040743601 -0.052839575866918238 0.089651502404860056 -0.07737815333223351 0.090209510548628857 0.026992806176050942 -0.011573359308472119 0.058350926088520001 -0.0086517814734897551 0.078448391031941372 0.084052587696055683 0.020655076513918801 0.075595888545421083 0.082028739399509082 -0.077646072375812003 -0.064276992644344 0.030255390309095107 0.076334134317583943 0.03851889810888675 0.085933997813614965 -0.023264022403212407 -0.00097694289957736265 0.08797182513123486 -0.050851144647694586 0.027096158862283299 -0.047460999961777592 0.074072133169571799 -0.025678628915271666
leaf_weight=602.54927201941609 382.32701461017132 22410.005836546421 1427.9889703243971 395.18596161529422 835.47858779877424 114.51257891580462 707.02541127800941 331.17022709548473 9306.9118622988462 614.46310746669769 175.80800955742598 2740.7732547298074 2395.7363725379109 97.958877958357334 692.31142547354102 5.8007517009973517 608.49811718612909 150.72819097340107 114.76674765348434 29.004027798771858 70.264437556266785 1146.9584093652666 1018.6139112263918 82.906468287110329 302.35764308273792 1058.9592629373074 116.73110556602478 118.67211171984673 507.88807475566864 771.12673544883728 22.571846202015877 152.97516164183617 70.200638335198164 15.048797510564325 68.576333682984114 65.764268845319748 169.83630571141839 38.057719353586435 1684.0370605513453 51.092771131545305 80.605996623635292 195.84767477959394 929.09690783917904 88.119996886700392
leaf_count=10747 5779 456750 8926 3098 4134 2002 4629 1704 72604 3882 940 21375 16463 633 11550 37 3733 860 781 171 440 5104 6131 454 1366 6811 563 515 3303 5155 249 1529 451 81 361 403 1544 281 12633 413 481 2123 6188 933
internal_value=-0.0016728 -0.0709793 0.0700796 0.00548602 0.0368643 -0.0809767 0.0466269 0.032931 0.0817815 0.0324071 -0.027168 0.0732506 0.0662468 0.00672378 -0.0825289 -0.0534062 0.0488533 0.0326078 0.00822505 -0.0550808 -0.00708222 0.0158465 0.00318483 0.0231738 0.0698038 0.0610733 0.0171697 0.0610667 0.0475175 0.0738434 -0.0654242 -0.0366369 -0.0362378 -0.0506331 0.00975192 0.0364877 -0.0536172 0.0581722 0.0795327 -0.00390935 0.0634572 -0.0421358 0.0655333 -0.0645751
internal_weight=52965.3 26941.8 26023.5 3115.19 6779.69 23826.7 5882.79 3697.72 19243.8 2156.61 896.904 9936.86 7196.09 414.371 23412.3 1002.28 3116.31 1578.72 1968.86 958.583 309.971 1542.14 1854.09 111.91 2185.07 1478.05 419.089 1728.86 839.058 889.799 846.673 244.123 235.806 655.332 91.1482 241.572 640.283 108.322 4079.77 121.293 178.565 201.648 1537.6 470.447
internal_count=688310 500756 187554 25595 44772 475161 35092 21723 142782 12084 9680 70178 48803 3980 471181 14431 19707 9786 11046 13511 2881 8202 10265 625 13369 8740 1929 10677 5007 5670 12886 2139 2866 8337 610 1343 8256 721 29096 864 1114 2160 9921 6712
is_linear=0
shrinkage=0.08


Tree=21
num_leaves=45
num_cat=0
split_feature=7 7 3 10 4 11 7 1 12 7 12 12 10 12 1 7 4 4 3 2 3 10 1 3 4 6 4 6 4 2 3 7 6 4 10 0 12 4 7 1 4 10 12 1
split_gain=37196.7 3023.37 1453.92 836.794 775.263 638.764 567.348 309.296 305.718 407.728 224.57 219.127 196.845 165.682 160.423 160.154 122.791 87.9957 101.375 118.297 77.6597 73.5034 91.1273 70.7758 64.3131 48.9813 48.9664 124.586 45.2439 43.7145 172.515 93.7271 48.0509 43.0304 45.6414 42.8543 41.6616 38.3556 36.3059 35.8694 35.5617 34.9179 34.5626 31.3068
threshold=0.63343685865402233 1.0000000180025095e-35 0.82952776551246654 1.0000000180025095e-35 0.36931818723678594 0.79175817966461193 0.76325833797454845 0.9634092152118684 1.0000000180025095e-35 0.98048734664917003 1.0000000180025095e-35 1.0000000180025095e-35 1.0000000180025095e-35 1.0000000180025095e-35 0.91331186890602123 0.50872123241424572 0.78888890147209179 0.12916667014360431 0.98213717341423046 0.90999102592468273 0.5912291705608369 0.75000000000000011 0.68870675563812267 0.84273937344551098 0.30384616553783422 0.095695972442626967 0.47727273404598242 0.52679425477981578 0.47727273404598242 0.18677325546741488 0.54261502623558056 0.97156333923339855 0.18834459781646731 0.47727273404598242 0.75000000000000011 0.24440020322799685 1.0000000180025095e-35 0.70714285969734203 0.55585265159606945 0.72627374529838573 0.087121214717626586 0.75000000000000011 1.0000000180025095e-35 0.89377820491790783
decision_type=2 2 2 2 2 2 2 2 2 2 2 2 2 2 2 2 2 2 2 2 2 2 2 2 2 2 2 2 2 2 2 2 2 2 2 2 2 2 2 2 2 2 2 2
left_child=1 4 6 7 24 13 11 17 9 14 23 33 38 -3 16 21 -8 -4 19 -19 -17 -15 -23 25 -1 -6 27 -11 -13 -10 31 -31 -32 35 -35 -2 41 -20 -7 -25 -22 -14 -26 -5
right_child=2 5 3 43 10 12 8 -9 29 26 -12 28 36 15 -16 20 -18 18 37 -21 40 22 -24 39 42 -27 -28 -29 -30 30 32 -33 -34 34 -36 -37 -38 -39 -40 -41 -42 -43 -44 -45
leaf_value=-0.076722211721764619 -0.022902667200593276 -0.083390362448492003 0.098914681728469248 0.084009869350652161 0.014440079551064963 -0.070856356385553779 0.0069050997781544138 0.090027345360985514 0.086404398914908032 0.014530277503208346 0.069415855011331185 0.016839488435275475 -0.019040100699301312 -0.077177891913577781 0.090712471899021777 -0.044798746144041196 -0.13494875030489822 -0.017439778926465335 0.053628685459050252 0.0459195091613765 0.14282896823610822 -0.056951047654468373 0.10186779335538218 -0.013843770587076623 -0.038555886911138475 -0.051078332343713062 0.082975397610901849 0.068321491876662421 0.088114660054134666 -0.0081683320229894649 0.084735192466132883 0.074961023037095897 0.050867818260604769 -0.037398966951918161 0.08734571667716122 -0.071355030511953854 0.090743438760059511 0.022410158003866591 -0.0042931157922386541 0.025865013720768246 0.031631490611743758 0.083372173323242774 0.052700278543673068 0.09150450904363458
leaf_weight=593.81797549501061 171.8160877302289 20837.115890838206 96.210631802678108 6094.7214996293187 130.42228296399117 118.48297281935811 2011.8023392222822 592.1980893984437 667.86102125793695 383.02983386069536 627.57996794581413 176.67213635146618 53.862747263163328 650.88645921647549 146.83206760138273 93.709702879190445 39.826933905482292 642.77854970097542 502.80850020796061 266.90910919010639 22.363603126257658 70.805079407989979 34.333977080881596 166.15629515051842 147.39355811476707 165.94313054904342 478.26592865586281 982.20131237059832 84.146000348031521 287.26707871258259 1028.4700407907367 124.3901429772377 362.65398870408535 53.729331571608782 28.850927986204624 365.03563955798745 147.59932227432728 504.69363045692444 94.088709253817797 1176.2050909250975 104.02630545571446 35.252176761627197 32.401151090860367 8601.2700746804476
leaf_count=10901 1577 457762 633 48950 814 1968 11270 4847 4619 2221 4120 936 435 11809 1101 1003 195 2820 2333 1340 120 948 163 986 1965 1469 3546 6266 561 1292 7435 609 2187 355 153 5385 1040 2428 670 5207 565 214 151 72964
internal_value=-0.00154843 -0.0697178 0.0682993 0.0809882 0.00511828 -0.0799365 0.0386034 0.0392049 0.0467511 0.0331997 0.0287223 -0.021678 0.0144851 -0.0818813 0.00993267 -0.0496682 0.00415138 0.0242566 0.02051 0.00115031 0.0103889 -0.0671524 -0.00508752 0.013138 -0.0640299 -0.0222455 0.0609468 0.0532298 0.0398345 0.068921 0.062444 0.0169508 0.0759063 -0.0475784 0.00618288 -0.0558482 0.0646652 0.0379902 -0.0413941 0.0209499 0.0513069 0.0214723 -0.0221104 0.0883963
internal_weight=49996.9 25302.4 24694.4 17301.6 3039.92 22262.5 7392.85 2605.6 6512.6 4041.96 2266.31 880.25 449.286 21813.2 2198.46 976.125 2051.63 2013.4 1917.19 909.688 220.1 756.026 105.139 1638.73 773.613 296.365 1843.5 1365.23 260.818 2470.64 1802.78 411.657 1391.12 619.432 82.5803 536.852 236.714 1007.5 212.572 1342.36 126.39 89.1149 179.795 14696
internal_count=688333 502310 186023 136315 25613 476697 49708 14401 40741 24599 12596 8967 4327 472370 12566 14608 11465 9554 8921 4160 1688 12920 1111 8476 13017 2283 12033 8487 1497 16142 11523 1901 9622 7470 508 6962 1689 4761 2638 6193 685 649 2116 121914
is_linear=0
shrinkage=0.08


Tree=22
num_leaves=45
num_cat=0
split_feature=7 7 3 4 7 11 12 7 12 12 1 7 12 12 12 1 7 4 3 5 4 4 3 8 4 2 0 11 2 4 2 3 7 7 7 2 4 3 1 5 1 4 0 1
split_gain=33593.6 2907.25 1480.16 691.664 565.655 478.37 273.458 352.924 244.255 242.228 195.696 182.436 203.241 146.445 145.787 143.15 126.299 109.073 185.697 107.004 104.606 85.0463 73.2293 53.4588 50.7454 50.0485 49.196 49.0717 48.8657 46.7728 41.8707 159.838 82.2027 37.9707 36.3 32.5198 28.9975 26.8376 24.638 24.0891 23.7512 26.0401 22.8379 22.818
threshold=0.62090381979942333 1.0000000180025095e-35 0.82952776551246654 0.30384616553783422 0.77345910668373119 0.79175817966461193 1.0000000180025095e-35 0.98048734664917003 1.0000000180025095e-35 1.0000000180025095e-35 0.91545844078063976 0.98974332213401806 1.0000000180025095e-35 1.0000000180025095e-35 1.0000000180025095e-35 0.91545844078063976 0.44076909124851232 0.12916667014360431 0.98076212406158458 1.0000000180025095e-35 0.73030304908752453 0.47727273404598242 0.99397590756416332 0.50108224153518688 0.47727273404598242 0.77303028106689464 0.22792208194732669 0.48210833966732031 0.93957647681236278 0.47727273404598242 0.18677325546741488 0.54261502623558056 0.97156333923339855 0.54416766762733471 0.90957191586494457 0.7243877947330476 0.30384616553783422 0.90366768836975109 0.78611555695533764 1.0000000180025095e-35 0.9634092152118684 0.80909091234207164 1.0000000180025095e-35 0.68870675563812267
decision_type=2 2 2 2 2 2 2 2 2 2 2 2 2 2 2 2 2 2 2 2 2 2 2 2 2 2 2 2 2 2 2 2 2 2 2 2 2 2 2 2 2 2 2 2
left_child=1 3 4 37 8 13 7 15 24 19 11 12 17 -3 33 20 42 -4 -19 22 -6 25 -5 -9 26 -18 -2 -25 43 -10 -8 32 -32 -7 36 -26 -14 -1 39 -11 41 -12 -15 -21
right_child=2 5 10 9 6 14 30 23 29 38 40 -13 34 16 -16 -17 21 18 -20 28 -22 -23 -24 27 35 -27 -28 -29 -30 -31 31 -33 -34 -35 -36 -37 -38 -39 -40 -41 -42 -43 -44 -45
leaf_value=-0.079142775391127046 -0.019963682728642521 -0.083119749305026205 0.096057272091662524 -0.059352163590437684 0.0078671671315679852 -0.069714001554210467 0.084059123893003809 0.011207058801170873 0.018660050910757356 -0.053542624766527228 0.083804783376657088 0.089819047104492553 0.093204978166129188 0.20593837814717694 0.064922817495021018 0.089716602205920606 -0.049121468720460852 0.014997059832731996 0.060071827652587589 -0.017426603835116003 -0.097244031829838651 0.054166943276271098 0.073859697285151682 0.078190706673007968 0.050647803095326974 0.073805991775800911 -0.069379113200127004 0.050217377269338441 0.038691988853582347 0.086241200196376017 -0.008078931599901789 0.07344612107728607 0.07072555197959346 -0.0031906351599146521 0.086070630179200303 -0.045326677437327392 0.065415322538333362 0.012652713523114563 0.074679998703084824 0.048850301974222667 0.090909709386226792 0.052511352216408458 -0.073229842601279502 0.012379245473387724
leaf_weight=534.48473454266787 185.4041371718049 19250.10076424107 259.84635044261813 204.225785959512 1949.7150373980403 103.36907731741667 626.17975118756294 143.03728905320168 208.69657925516367 16.497349977493286 2230.0432993769646 2286.9515875056386 279.52020207792521 1.8814812749624241 165.76321221888065 134.93783828616142 204.04174642264843 994.51354708895087 1420.3754456266761 200.79398698359728 62.53878553211689 93.794529251754284 30.333409920334816 702.28030468523502 52.526762541383505 23.654270634055138 423.37511298060417 936.62798119336367 432.21560791134834 95.550602421164513 280.26089569926262 1306.3457751199603 121.41707274317741 117.14642590656877 1414.7064696624875 39.652142312377691 1713.1765099391341 21.191833302378654 481.9849401563406 135.33582532405853 5597.5295667424798 184.24341104179621 584.51675804704428 906.47908160835505
leaf_count=10678 1714 456401 1991 2326 10817 2024 4588 668 1128 82 18971 20324 2218 17 1122 1080 2419 6257 9927 1718 305 701 143 5140 318 155 6825 6225 1918 678 1255 9487 609 862 11986 281 12897 223 3386 803 50644 1498 11188 4336
internal_value=-0.00153887 -0.0692638 0.0657804 0.00481008 0.035735 -0.0799491 0.0446756 0.0317915 -0.019973 0.0233764 0.0791122 0.0705568 0.063314 -0.0816389 0.00823698 0.00994945 -0.0502408 0.0468082 0.0415089 0.00820994 0.00460042 -0.00994256 -0.0421251 0.0581105 -0.0459538 -0.0363511 -0.0543296 0.0622041 0.0158791 0.0398843 0.0663632 0.0598757 0.0157417 -0.0343742 0.0762708 0.00936294 0.0693134 -0.075642 0.0658273 0.0377249 0.0880491 0.0814167 -0.0723341 0.00697422
internal_weight=47157.3 23507.8 23649.5 2963.54 7268.55 20544.3 6263.34 3929.14 1005.21 2407.87 16380.9 8369.09 6082.14 20158 386.279 2147.19 907.889 2674.74 2414.89 1774.05 2012.25 321.491 234.559 1781.95 700.958 227.696 608.779 1638.91 1539.49 304.247 2334.2 1708.02 401.678 220.516 3407.4 92.1789 1992.7 555.677 633.818 151.833 8011.82 2414.29 586.398 1107.27
internal_count=688333 500502 187831 25613 51118 474889 40174 24235 10944 14712 136713 65600 45276 470881 4008 12202 14480 18175 16184 10441 11122 3275 2469 12033 9138 2574 8539 11365 7972 1806 15939 11351 1864 2886 27101 599 15115 10901 4271 885 71113 20469 11205 6054
is_linear=0
shrinkage=0.08


Tree=23
num_leaves=45
num_cat=0
split_feature=7 7 11 10 4 8 11 4 12 12 2 10 12 10 6 2 4 4 10 6 7 4 1 1 5 1 4 10 1 4 7 6 4 4 4 11 12 6 2 2 10 10 2 11
split_gain=30305 2763.14 1342.4 888.927 620.313 461.365 454.515 350.949 320.416 218.818 168.887 156.707 150.839 148.889 121.448 326.889 206.978 167.846 160.052 139.119 120.426 114.694 127.969 110.36 92.9086 84.7932 71.9869 71.6413 77.434 70.0477 58.0126 57.4834 55.1211 52.7973 50.2307 46.9714 45.1471 44.0988 43.2496 137.005 50.2347 42.365 42.2577 37.8509
threshold=0.62090381979942333 1.0000000180025095e-35 0.84212991595268261 1.0000000180025095e-35 0.30384616553783422 0.74203693866729747 0.79175817966461193 0.90873014926910411 1.0000000180025095e-35 1.0000000180025095e-35 0.22401433438062671 0.75000000000000011 1.0000000180025095e-35 0.75000000000000011 0.87138131260871898 0.44315245747566229 0.087121214717626586 0.19090909510850909 0.75000000000000011 0.38138528168201452 0.50872123241424572 0.76388889551162731 0.86240702867507946 0.78319624066352855 1.0000000180025095e-35 0.89769753813743602 0.76388889551162731 0.75000000000000011 0.68870675563812267 0.90873014926910411 0.96476501226425182 0.22335600852966311 0.074175827205181136 0.47727273404598242 0.70714285969734203 0.59958091378211986 1.0000000180025095e-35 0.043961353600025184 0.51564025878906261 0.22401433438062671 0.75000000000000011 0.35000000149011617 0.93957647681236278 0.36523896455764776
decision_type=2 2 2 2 2 2 2 2 2 2 2 2 2 2 2 2 2 2 2 2 2 2 2 2 2 2 2 2 2 2 2 2 2 2 2 2 2 2 2 2 2 2 2 2
left_child=1 4 5 7 -1 8 12 21 10 24 13 31 -3 -2 15 18 -17 -18 -7 -20 27 22 34 32 35 26 41 -14 -29 -28 -15 36 -12 -22 -4 -6 -8 -24 39 -10 -41 -5 -26 -16
right_child=2 6 3 25 9 14 11 -9 38 -11 23 -13 20 30 43 16 17 -19 19 -21 33 -23 37 -25 42 -27 29 28 -30 -31 -32 -33 -34 -35 -36 -37 -38 -39 -40 40 -42 -43 -44 -45
leaf_value=-0.074607279773312218 0.10622084781044107 -0.082779270482309306 0.01229372758196455 0.054670773206809353 -0.057120893284167334 0.10835234966900055 -0.026279784652039617 0.087823301534461842 0.069725954882439836 0.063287255925033523 -0.022764228585222427 0.088177228592290838 -0.0754332588252178 -0.012237084672245054 0.029198604413728665 0.089608696180687744 -0.096995649601017059 0.043895798371716345 -0.043038119549202197 0.020176986801639107 -0.018663401833140612 -0.032431402429569614 0.01784825753317348 0.041659345903110434 0.0064202958085082962 0.089440071540700591 0.019571783948967636 -0.05342120558068273 0.094590554924204831 0.092849950428229827 0.034104498925151328 -0.068044799970990041 -0.06555793666316731 0.075042960373075659 -0.038012258452758983 0.038341762638720342 0.064848775255291036 0.061059791914724951 0.067621715561746551 0.10082114742731287 -0.04041428445253286 0.081160562652576512 0.036047942367983719 0.077347124097076267
leaf_weight=519.85661540925503 96.548987373709679 17840.211865384132 776.0337418243289 419.97114096581936 186.3727498203516 89.116140797734261 94.839851051568985 562.05976753681898 235.90491363406181 607.70915021002293 342.53216069191694 109.76386271417141 573.62578185647726 591.97807693853974 116.40294950455427 887.59464491903782 58.219452209770679 767.66789062321186 358.89087335020304 587.58599532395601 139.59262755513191 269.23726396262646 211.87892746180296 101.94693184271455 1106.2911629155278 7918.3048678189516 259.88430805504322 65.088345054537058 34.671387076377869 123.00289701670408 244.20622505247593 115.01635588333011 440.20039033889771 53.127352587878704 151.89503744244576 40.08156505972147 54.954860620200634 527.34818440675735 401.82704015821218 18.082257635891438 148.33153074979782 4832.8181656599045 427.02560387551785 1021.3337163031101
leaf_count=10901 586 456401 3464 3510 2248 488 1221 5123 1540 4271 4500 834 11809 3507 731 7286 303 4894 1990 2931 1277 1290 1149 614 6054 76157 2218 948 163 1053 1162 1623 5029 283 691 221 330 2761 2799 89 799 43076 1918 8091
internal_value=-0.00153109 -0.0684124 0.0635936 0.0760192 0.00452399 0.0329466 -0.0794492 0.0321712 0.00701117 0.0218998 -0.0115929 0.00780563 -0.0811964 0.0121578 0.0504394 0.041342 0.0627883 0.0339639 0.00585719 -0.0037933 -0.0485927 0.0160175 0.0238418 -0.0366337 0.00760731 0.0841019 0.0766016 -0.0645514 -0.00197988 0.0431125 0.0012969 -0.0255083 -0.046831 0.00716875 0.00405901 -0.0402244 0.00715235 0.0486744 0.0490574 0.0305157 -0.0250679 0.0790427 0.0146715 0.072421
internal_weight=44529 21968.2 22560.8 16052.4 2887.34 6508.37 19080.9 2498.45 2621.56 2367.48 1817.41 374.575 18706.3 932.733 3886.81 2749.07 1713.48 825.887 1035.59 946.477 866.105 1936.39 1667.16 884.679 1759.77 13554 5635.68 673.386 99.7597 382.887 836.184 264.811 782.733 192.72 927.929 226.454 149.795 739.227 804.146 402.319 166.414 5252.79 1533.32 1137.74
internal_count=688333 500502 187831 140492 25613 47339 474889 14478 20625 14712 15398 4008 470881 5255 26714 17892 12483 5197 5409 4921 14480 9355 8065 10143 10441 126014 49857 12920 1111 3271 4669 3174 9529 1560 4155 2469 1551 3910 5227 2428 888 46586 7972 8822
is_linear=0
shrinkage=0.08


Tree=24
num_leaves=45
num_cat=0
split_feature=7 7 3 10 3 8 11 1 12 12 6 12 1 1 3 11 10 10 10 7 1 5 12 7 12 10 3 7 7 10 1 7 7 12 1 11 11 8 10 6 10 3 6 1
split_gain=27315.7 2631.83 1434.71 898.589 512.693 452.844 408.406 287.712 226.686 170.514 161.763 148.884 147.888 176.554 267.608 170.331 156.773 134.545 122.029 119.431 98.5548 94.1562 79.9679 78.9808 94.7237 78.8658 72.7291 58.3124 56.7809 51.7312 50.1361 47.7783 46.1588 45.7686 42.5735 42.4803 41.4556 37.0841 35.9972 33.2804 33.1187 31.5388 70.775 30.9199
threshold=0.62090381979942333 1.0000000180025095e-35 0.82426470518112194 1.0000000180025095e-35 0.81530213356018078 0.72148045897483837 0.79175817966461193 0.9634092152118684 1.0000000180025095e-35 1.0000000180025095e-35 0.53752347826957714 1.0000000180025095e-35 0.91545844078063976 0.18350168317556384 0.54261502623558056 0.96058869361877453 0.75000000000000011 0.75000000000000011 0.75000000000000011 0.43963837623596197 0.83796653151512157 1.0000000180025095e-35 1.0000000180025095e-35 0.97570812702178966 1.0000000180025095e-35 0.75000000000000011 0.71516755223274242 0.96476501226425182 0.90957191586494457 1.0000000180025095e-35 0.7320508360862733 0.90152388811111461 0.88960573077201854 1.0000000180025095e-35 0.86526826024055492 0.57585245370864879 0.39890380203723913 0.36136806011199957 0.75000000000000011 0.095695972442626967 0.35000000149011617 0.5912291705608369 0.58411949872970592 0.84889996051788341
decision_type=2 2 2 2 2 2 2 2 2 2 2 2 2 2 2 2 2 2 2 2 2 2 2 2 2 2 2 2 2 2 2 2 2 2 2 2 2 2 2 2 2 2 2 2
left_child=1 4 5 7 21 8 11 23 10 30 20 -3 13 28 16 -16 -15 33 35 25 -2 -1 36 24 31 -13 37 -20 38 -28 -6 -4 41 -8 40 -12 -23 -21 -7 -38 -5 42 -10 -27
right_child=2 6 3 34 9 12 17 -9 32 -11 18 19 -14 14 15 -17 -18 -19 27 26 -22 22 -24 -25 -26 43 29 -29 -30 -31 -32 -33 -34 -35 -36 -37 39 -39 -40 -41 -42 -43 -44 -45
leaf_value=-0.080418709142815764 -0.05390002870376346 -0.082464112667788275 -0.021054884572641257 0.054626735124120453 -0.019573151149133994 0.098839899014848465 -0.048594375245581731 0.085806499367414121 -0.043099616178116008 0.065553698788717613 0.10865029744342319 -0.079659559052042278 0.089712243282815421 0.11471079024038919 0.052725022668970362 -0.041525507291450048 -0.0163404742554366 0.081429052855830811 -0.016070677495494953 0.13865794055832967 0.054824634131819545 -0.076094508690699017 0.049054852980899864 0.075626399616742099 0.034764215101413302 -0.014016144261898091 -0.02991362517521088 0.03071021411158743 0.072047395395981553 0.069237230916416093 0.018690029590673243 0.013027169137457568 0.071629537380051428 0.024610726481148617 0.087755651348758124 -0.077754839717075225 0.018143689648453493 -0.053602125990346416 0.0042937911561633686 -0.045626834997654325 0.07999419202467159 0.051063605095806784 0.047059315414521866 0.13744724245704587
leaf_weight=363.75667219236493 612.60149794071913 16527.876939468086 476.47264461219311 360.4186547473073 265.41651807352901 31.776006802916527 177.92142913490534 495.88030844926834 101.88669813424349 507.78289137780666 88.181747179478407 477.53548800572753 437.47851722687483 62.916081868112087 1791.7234919406474 131.74059523642063 817.71258883178234 104.87382922694087 599.84287618845701 6.7078914754092684 58.449256464838982 134.45604748651385 76.520869866013527 139.4869072213769 758.91156500577927 23.645764581859112 52.934642624109983 238.26965636014938 1105.9162911772728 92.573649812489748 1257.646558906883 588.23796106874943 221.40688349306583 78.897703930735588 8056.2414838820696 8.5862681344151479 88.618020746856928 150.0270538367331 136.41872523725033 128.06594014167786 3824.908801600337 181.15550070255995 122.98980990052223 13.579689770936964
leaf_count=7606 8171 456361 2291 3144 2345 221 2670 4907 574 3817 571 10842 4086 330 12380 802 4338 826 3861 51 390 3187 458 778 3973 287 608 1138 8879 539 5957 2726 1629 467 82864 105 668 2058 779 1535 36555 1212 761 57
internal_value=-0.00166134 -0.0676259 0.0614715 0.0754905 0.00412137 0.0309359 -0.0790617 0.0313595 0.00146965 0.0254069 -0.0144614 -0.0808162 0.0455093 0.0407675 0.0295473 0.0462697 -0.00697758 0.00507482 0.00704986 -0.0474793 -0.04443 -0.0504991 -0.0250503 0.0176062 0.0131683 -0.0709168 -0.00756209 -0.00277119 0.0654612 0.033167 0.0120221 -0.00222502 0.0422452 -0.026105 0.0843552 0.0921105 -0.0411994 -0.0453738 0.0221558 -0.0195464 0.0778097 0.026222 0.00621025 0.0412371
internal_weight=41978.4 20528.8 21449.6 14700.6 2822.26 6749.05 17706.6 2458.99 2233.37 2030.85 1605.93 17344.9 4515.68 4078.2 2804.09 1923.46 880.629 361.693 934.881 817.004 671.051 791.418 427.661 1963.11 1823.62 514.761 302.243 838.113 1274.11 145.508 1523.06 1064.71 627.439 256.819 12241.6 96.768 351.14 156.735 168.195 216.684 4185.33 406.032 224.877 37.2255
internal_count=687804 500339 187465 137238 25573 50227 474766 14675 18412 12119 14236 470803 31815 27729 17850 13182 4668 3963 5675 14442 8561 13454 5848 9768 8990 11186 3256 4999 9879 1147 8302 5017 4176 3137 122563 676 5390 2109 1000 2203 39699 2547 1335 344
is_linear=0
shrinkage=0.08


Tree=25
num_leaves=45
num_cat=0
split_feature=7 7 11 10 4 12 7 11 1 12 12 10 7 10 4 8 1 4 1 4 10 4 10 10 5 1 4 7 12 7 1 10 6 10 11 0 7 12 4 6 10 10 11 4
split_gain=24662.8 2510.27 1273.3 845.327 512.767 421.823 401.97 389.779 300.092 179.581 150.032 118.683 112.724 96.1365 110.453 106.366 96.101 80.6264 77.7469 104.313 256.222 120.732 74.3619 73.3997 67.2872 64.9393 61.6933 60.4425 77.4879 58.2063 88.4003 99.5094 90.7024 56.1108 55.2422 48.2665 48.0084 53.4207 45.1936 42.4235 40.1797 36.2129 34.3329 34.0778
threshold=0.62090381979942333 1.0000000180025095e-35 0.84212991595268261 1.0000000180025095e-35 0.30384616553783422 1.0000000180025095e-35 0.90957191586494457 0.79175817966461193 0.9634092152118684 1.0000000180025095e-35 1.0000000180025095e-35 0.75000000000000011 0.43963837623596197 0.75000000000000011 0.095454547554254546 0.89672946929931652 0.86526826024055492 0.55050507187843334 0.78611555695533764 0.074175827205181136 0.75000000000000011 0.47727273404598242 0.35000000149011617 0.75000000000000011 1.0000000180025095e-35 0.83250823616981517 0.47727273404598242 0.98974332213401806 1.0000000180025095e-35 0.91388580203056347 0.44315245747566229 0.75000000000000011 0.58411949872970592 1.0000000180025095e-35 0.93687388300895702 0.99504950642585765 0.97735819220542919 1.0000000180025095e-35 0.11805555596947671 0.13397436589002612 1.0000000180025095e-35 0.75000000000000011 0.51415035128593456 0.087121214717626586
decision_type=2 2 2 2 2 2 2 2 2 2 2 2 2 2 2 2 2 2 2 2 2 2 2 2 2 2 2 2 2 2 2 2 2 2 2 2 2 2 2 2 2 2 2 2
left_child=1 4 5 8 -1 6 18 10 17 24 -3 39 23 14 -8 43 22 25 19 20 -2 -21 -5 -12 35 34 -14 28 -24 30 31 -7 -33 38 -4 -6 37 -19 -32 -9 -28 -20 -17 -15
right_child=2 7 3 16 9 29 13 11 -10 -11 12 -13 26 15 -16 42 -18 36 41 21 -22 -23 27 -25 -26 -27 40 -29 -30 -31 33 32 -34 -35 -36 -37 -38 -39 -40 -41 -42 -43 -44 -45
leaf_value=-0.073251483849304397 0.11732072887645409 -0.082163146960030284 -0.006258733267490069 0.033256069390119748 -0.054205247511535978 0.10246331188784796 0.097044887785921935 0.013947002836113444 0.084612237854454722 0.058921503916245961 -0.079026672802228567 0.078147052033672462 -0.031376219335486427 0.0132817015551556 -0.012369146479992045 0.062970989889398046 0.086356770850070777 -0.012128585671687319 0.008354163360040268 -0.072967130390593438 -0.020340683498114104 0.016808237688094457 0.04677459601589494 0.037797820368898706 0.012523666531737261 0.074567600942020515 -0.021063095118043784 0.086962791930685249 0.078115284113852657 0.070963646157655991 0.099418879997044685 -0.032181923401522462 0.042570069532069231 0.074388628994847217 0.071155432459285295 0.042311262637957536 0.059632455439011911 0.020908923866663001 0.00073127883117512409 -0.052795933181093872 0.089519044278122809 0.096409463552172406 0.033164096222694506 -0.036570212935377974
leaf_weight=459.91947762295604 95.911223098635674 15310.779737893492 197.91371973603964 307.68676099181175 171.3044725805521 76.784347608685493 274.34489080309868 105.23445190116763 499.1961724832654 554.94527696073055 444.20928176492453 100.71037328243256 205.18779936432838 799.5141082778573 75.244166254997253 424.02653926610947 8039.0423824265599 785.068622790277 74.873144373297691 394.74090248346329 884.7865892611444 126.62456329166889 838.36309406161308 37.310697805136442 1531.8226929493248 223.3109989091754 33.607037451118231 1428.7820469662547 1269.31242711097 1005.5559885948896 38.075093694031239 218.54015954583883 198.01175811141729 576.14357987046242 84.047209963202477 41.120591357350349 96.127512775361538 521.1908352971077 134.98781362921 144.83929938077927 56.186198808252811 49.75214722007513 593.4650584757328 98.578502207994461
leaf_count=10902 631 456361 873 2707 2210 549 2228 1095 5244 4226 10842 826 2549 4664 399 3564 87852 3611 436 4785 8066 758 7267 344 8012 1128 387 14958 12785 7960 296 1196 1254 4925 393 223 548 2739 656 2042 320 341 4075 577
internal_value=-0.00164488 -0.0667522 0.0595336 0.0726251 0.00385875 0.0290648 0.013128 -0.0786042 0.0293909 0.0192835 -0.0804233 0.00482062 -0.0461175 0.0349157 0.073495 0.027875 0.0813819 0.0149406 -0.0172113 -0.0222491 -0.00687754 -0.0511633 0.0709781 -0.0699745 0.00667239 0.0423406 -0.00717385 0.0742601 0.065649 0.0566543 0.0450741 0.0187781 0.00335212 0.0623895 0.016817 -0.0355219 0.00506856 0.00105321 0.0224433 -0.0247096 0.0481313 0.0435071 0.0455857 0.00780974
internal_weight=39627.2 19197.2 20430 14290 2759.11 6139.96 3891.86 16438.1 2406.86 2299.19 16087.3 350.784 776.501 2265.17 349.589 1915.58 11883.2 1907.66 1626.69 1502.06 980.698 521.365 3844.14 481.52 1744.25 505.272 294.981 3536.46 2107.68 2248.1 1242.54 493.336 416.552 749.206 281.961 212.425 1402.39 1306.26 173.063 250.074 89.7932 124.625 1017.49 898.093
internal_count=687804 500339 187465 140105 25573 47360 30524 474766 14536 14671 470803 3963 14442 15507 2627 12880 125569 9292 15017 14240 8697 5543 37717 11186 10445 2394 3256 35010 20052 16836 8876 2999 2450 5877 1266 2433 6898 6350 952 3137 707 777 7639 5241
is_linear=0
shrinkage=0.08


Tree=26
num_leaves=45
num_cat=0
split_feature=7 7 1 12 7 4 11 10 8 12 12 10 1 0 6 7 10 4 4 1 6 4 10 10 10 1 4 1 4 5 6 4 4 8 0 4 6 10 6 8 7 7 8 7
split_gain=22244.9 2397.12 1242.4 570.102 626.997 459.298 375.05 281.619 268.385 161.221 153.073 152.936 151.194 123.57 147.009 106.707 105.808 94.965 94.4438 87.7301 109.749 78.9414 154.966 68.839 67.6793 184.339 152.404 58.6363 58.6099 58.1667 56.5398 55.8374 53.1614 48.0478 42.3994 41.1477 35.4147 34.6572 33.2458 30.7143 29.1175 28.2533 26.2106 26.0448
threshold=0.62090381979942333 1.0000000180025095e-35 0.86240702867507946 1.0000000180025095e-35 0.9832867980003358 0.30384616553783422 0.79175817966461193 1.0000000180025095e-35 0.65586885809898388 1.0000000180025095e-35 1.0000000180025095e-35 1.0000000180025095e-35 0.9634092152118684 0.50878274440765392 0.57735043764114391 0.43963837623596197 1.0000000180025095e-35 0.76388889551162731 0.11805555596947671 0.50862327218055736 0.4252659678459168 0.074175827205181136 0.75000000000000011 0.75000000000000011 1.0000000180025095e-35 0.44920890033245092 0.080128207802772536 0.42163743078708654 0.47727273404598242 1.0000000180025095e-35 0.043961353600025184 0.55050507187843334 0.47727273404598242 0.46190130710601812 0.99504950642585765 0.2264957278966904 0.21913109719753268 1.0000000180025095e-35 0.095695972442626967 0.88249102234840404 0.98974332213401806 0.5893288552761079 0.29283827543258673 0.54416766762733471
decision_type=2 2 2 2 2 2 2 2 2 2 2 2 2 2 2 2 2 2 2 2 2 2 2 2 2 2 2 2 2 2 2 2 2 2 2 2 2 2 2 2 2 2 2 2
left_child=1 5 3 4 8 -1 10 12 21 29 -3 18 17 14 27 23 41 30 -5 20 35 22 -2 -12 26 -26 -10 -13 -23 34 31 -4 43 -22 -7 -6 -18 -34 -31 -20 -21 -8 -25 -17
right_child=2 6 7 11 19 9 16 -9 24 -11 15 13 -14 -15 -16 32 36 -19 39 40 33 28 -24 42 25 -27 -28 -29 -30 38 -32 -33 37 -35 -36 -37 -38 -39 -40 -41 -42 -43 -44 -45
leaf_value=-0.07211293785001173 0.11753889357760537 -0.081878226815206595 0.064213836384693093 0.099372292847396196 -0.023611410031656548 -0.051877058808373226 -0.057742380320821705 0.085352379643054144 0.10063744456535531 0.056399436734795652 -0.078394924965424564 -0.0043295881502438604 0.083475302156157588 0.076608990797555274 0.068975923081450119 -0.056034443287253655 0.074008144818830793 -0.018521469800386384 -0.0019804146763344349 0.028382671096108623 -0.0014979643507962354 -0.082009370943113516 -0.024297235341180914 0.16832440062055884 -0.0055836593418705036 0.04374168552434704 -0.014216469570970456 0.060080823392531964 -0.016306444922452014 0.02457826447524392 0.055606116644915729 -0.025725087626016521 -0.019621995504213629 0.060581857243408213 0.038872500790328307 0.079391113151303538 -0.0040728082116428029 0.083784304409722066 0.00088570184676102395 0.047995609146897794 0.077997381553481571 0.018542369398664622 0.0012260324080382763 0.0016616022107698298
leaf_weight=430.99312505871058 53.231994822621346 14180.824365321547 67.304260492324829 86.068279668688774 183.90367120504379 164.94021109864116 131.55206387862563 7635.3718846812844 82.328079104423523 534.2478938922286 413.22865268215537 365.53635131567717 467.48989477753639 2586.4655045196414 694.89951910078526 108.54175129160285 116.52299839258194 217.74365179985762 380.3572351038456 82.041621781885624 88.725451163947582 246.55257016420364 667.32622994109988 7.4792413786053649 786.689976580441 1264.048420060426 725.77981758862734 120.2001179754734 134.18200852349401 687.63996110484004 520.16956413537264 128.57445108890533 33.206445805728436 792.36349844187498 41.175073951482773 28.694511108100414 54.595892209559679 55.268175274133682 844.62874973937869 99.238877221941948 979.83171120285988 40.681142594665289 30.536088965833187 92.958165772259235
leaf_count=10902 364 456361 361 708 1182 2210 2261 89153 595 4226 10842 1965 5246 26712 5591 1733 971 1064 1843 607 409 3813 6167 41 5175 10517 3341 1049 903 3383 2831 671 387 6308 223 192 467 320 4629 488 10210 264 303 816
internal_value=-0.0016254 -0.0658269 0.0575807 0.0387942 0.0230652 0.00360411 -0.0781237 0.0793023 0.00416684 0.0179635 -0.0800258 0.0609956 0.046336 0.0668198 0.0453742 -0.044585 0.00454195 0.0277427 0.0222085 0.0577848 0.041882 -0.0293882 -0.0138189 -0.0689176 0.017093 0.0248198 -0.00251543 0.0116094 -0.0588537 0.00615114 0.0418113 0.00517808 -0.00671986 0.0543304 -0.0337483 -0.00970909 0.0490962 0.0449737 0.0115183 0.00836071 0.0741641 -0.0397241 0.0341014 -0.0294175
internal_weight=37454.1 17969 19485.1 10448.5 6115.7 2703.63 15265.4 9036.65 3960.14 2272.63 14922 4332.77 1401.28 3767.1 1180.64 741.219 343.352 933.792 565.664 2155.56 1093.69 1101.29 720.558 451.244 2858.85 2050.74 808.108 485.736 380.735 1738.38 716.048 195.879 289.975 881.089 206.115 212.598 171.119 88.4746 1532.27 479.596 1061.87 172.233 38.0153 201.5
internal_count=687804 500339 187465 88139 49783 25573 474766 99326 30875 14671 470803 38356 10173 35317 8605 14442 3963 4927 3039 18908 8091 11247 6531 11186 19628 15692 3936 3014 4716 10445 3863 1032 3256 6717 2433 1374 1438 707 8012 2331 10817 2525 344 2549
is_linear=0
shrinkage=0.08


Tree=27
num_leaves=45
num_cat=0
split_feature=7 7 3 10 4 7 12 12 7 4 7 12 4 4 4 2 4 3 2 11 4 6 10 10 3 6 3 0 6 4 12 10 2 10 6 8 3 4 12 6 10 3 7 12
split_gain=20051.9 2336.89 1349.41 892.678 397.02 372.764 303.127 255.564 266.555 251.45 197.84 129.702 108.446 143.74 105.391 99.3017 72.2262 85.4678 133.946 70.719 57.9368 112.158 56.7802 56.1889 56.0329 50.5924 106.464 100.759 58.1669 47.2953 41.1076 40.7767 38.8093 38.9089 38.1325 37.991 32.6255 27.9967 27.2637 27.1146 27.0074 23.7923 21.9308 26.1114
threshold=0.60894551873207103 1.0000000180025095e-35 0.82952776551246654 1.0000000180025095e-35 0.30384616553783422 0.73721536993980419 1.0000000180025095e-35 1.0000000180025095e-35 0.9832867980003358 0.90873014926910411 0.45341086387634283 1.0000000180025095e-35 0.90873014926910411 0.78888890147209179 0.47727273404598242 0.63686314225196849 0.12916667014360431 0.98213717341423046 0.93957647681236278 0.81622841954231273 0.47727273404598242 0.52679425477981578 0.75000000000000011 0.75000000000000011 0.81530213356018078 0.87138131260871898 0.54261502623558056 0.30860807001590734 0.19098278135061267 0.70714285969734203 1.0000000180025095e-35 1.0000000180025095e-35 0.88774341344833385 0.35000000149011617 0.16064515709877017 0.39258070290088659 0.75582656264305126 0.78888890147209179 1.0000000180025095e-35 0.66904762387275707 0.35000000149011617 0.81016731262207042 0.98974332213401806 1.0000000180025095e-35
decision_type=2 2 2 2 2 2 2 2 2 2 2 2 2 2 2 2 2 2 2 2 2 2 2 2 2 2 2 2 2 2 2 2 2 2 2 2 2 2 2 2 2 2 2 2
left_child=1 4 5 9 38 14 19 8 12 16 23 24 13 -7 30 35 -4 18 -18 -3 21 -10 34 -8 -6 26 27 -9 -28 -19 39 -17 33 -5 -16 -12 -25 -26 -1 -2 -22 -13 43 -35
right_child=2 6 3 32 11 7 10 25 20 -11 15 41 -14 -15 22 31 17 29 -20 -21 40 -23 -24 36 37 -27 28 -29 -30 -31 -32 -33 -34 42 -36 -37 -38 -39 -40 -41 -42 -43 -44 -45
leaf_value=-0.075288319205789586 -0.066755618069189865 -0.081559613020823304 0.092515539652538087 0.051813586351801035 -0.026735764871360739 0.0010672711201920866 -0.076195486477844632 0.043186736522660446 -0.00070728353601542189 0.083130699941018696 0.11041191889232671 0.0099212355008413185 0.090476277860269003 -0.1552273762941194 0.033030838476711996 -0.0029608163122415675 -0.020712394629903416 0.045175457204561162 0.064421825340703606 -0.009743883924078536 0.0066667057800633891 0.053974350907957866 0.10176622541501801 -0.058941643928928519 0.0055932343946791833 0.079510578038141072 0.074100520588547672 -0.034570445555959707 0.0322433235298255 0.0093243877650227968 -0.006695113163628144 0.070572374780917463 0.085383835445167366 0.063035793429233281 -0.091470763584891618 -0.049456382817820908 0.071480257598101504 0.030086655322439971 0.0037346911114892489 -0.022605234046173699 0.082179100414792733 0.059088248350366447 0.085740583415636951 0.079645257995683075
leaf_weight=371.29929621890187 326.03203389793634 13182.854857582599 71.496743742376566 407.32925733551383 273.44195163249969 2038.7345084063709 403.49739746749401 320.80744846910238 346.29697630554438 403.97528020292521 10.227274276316164 73.374860748648643 84.801788829267025 38.367829188704491 47.922468360513449 71.465060196816921 747.87171307206154 473.39525893703103 140.49742560088634 88.344064086675644 33.612007439136505 782.56739476323128 52.444822192192078 21.982608817517757 1020.5422469191253 434.18860983103514 777.62420672923326 159.77289874851704 292.36509642750025 468.63400469720364 153.14773749560118 148.66772999614477 5652.8760183006525 974.05055240541697 23.447925370186567 136.29159876704216 27.798575025051832 422.23779608309269 30.215861923992634 122.46534393727779 308.82146486639977 445.03430376946926 1422.5151907801628 1602.0895214602351
leaf_count=10614 7295 457256 649 4175 3070 12719 11222 1738 2167 4761 93 433 927 200 380 549 3569 2392 914 729 280 6223 420 340 5349 4240 7642 750 2142 2387 903 1117 71708 9929 202 1878 131 1955 221 1459 3198 3829 17495 18877
internal_value=-0.00158856 -0.0652318 0.0553159 0.0707051 0.00390107 0.025319 -0.078165 0.0322879 0.0196766 0.0258097 -0.0309592 0.0170612 0.00180059 -0.00181977 -0.0286479 0.0127341 0.0136343 0.0105531 -0.00724824 -0.0810815 0.0459434 0.0371999 0.0385674 -0.0663021 0.00646838 0.0553735 0.0486146 0.0173357 0.0626634 0.0273405 -0.0424805 0.0467002 0.0809968 0.0753683 -0.00787274 -0.0382973 0.0138879 0.0127614 -0.0693415 -0.0547 0.0747671 0.0521292 0.0777677 0.0733651
internal_weight=35435.4 16727.3 18708.2 12364.7 2636.15 6343.42 14091.1 5617.96 3633.2 2305.87 819.93 2234.63 2161.9 2077.1 725.46 366.652 1901.9 1830.4 888.369 13271.2 1471.3 1128.86 123.815 453.279 1716.22 1984.76 1550.57 480.58 1069.99 942.029 601.645 220.133 10058.9 4405.98 71.3704 146.519 49.7812 1442.78 401.515 448.497 342.433 518.409 3998.66 2576.14
internal_count=688527 498786 189741 136856 25471 52885 473315 42226 25714 14672 15330 14636 13846 12919 10659 3637 9911 9262 4483 457985 11868 8390 1002 11693 10374 16512 12272 2488 9784 4779 9657 1666 122184 50476 582 1971 471 7304 10835 8754 3478 4262 46301 28806
is_linear=0
shrinkage=0.08


Tree=28
num_leaves=45
num_cat=0
split_feature=7 7 3 10 7 4 12 1 4 4 12 7 7 12 12 4 6 1 4 3 2 10 3 3 5 6 1 4 10 6 0 4 10 1 1 3 4 7 2 10 3 3 5 10
split_gain=18088.6 2261.38 1336.78 856.902 384.291 355.759 248.824 232.826 273.056 223.747 210.449 186.614 154.322 122.073 116.342 106.671 107.4 89.521 66.7819 77.4713 123.959 53.487 52.2747 50.0666 53.4155 52.1766 42.5012 42.1854 59.2544 43.1171 42.0994 40.4919 40.3582 39.7796 31.7106 29.8834 34.2812 29.2875 64.1987 32.0716 28.5166 26.7528 26.094 24.8672
threshold=0.59940120577812206 1.0000000180025095e-35 0.84475743770599376 1.0000000180025095e-35 0.76325833797454845 0.30384616553783422 1.0000000180025095e-35 0.89769753813743602 0.73030304908752453 0.90873014926910411 1.0000000180025095e-35 0.98974332213401806 0.45176798105239874 1.0000000180025095e-35 1.0000000180025095e-35 0.90873014926910411 0.19098278135061267 0.87841832637786876 0.12916667014360431 0.98213717341423046 0.93957647681236278 0.75000000000000011 0.28869047760963445 0.98571136593818676 1.0000000180025095e-35 0.15849281847476962 0.87841832637786876 0.47727273404598242 0.75000000000000011 0.65881377458572399 0.96449580788612377 0.70714285969734203 0.35000000149011617 0.66323024034500133 0.83250823616981517 0.79469618201255809 0.12916667014360431 0.54416766762733471 0.85857143998146068 1.0000000180025095e-35 0.90366768836975109 0.75582656264305126 1.0000000180025095e-35 0.75000000000000011
decision_type=2 2 2 2 2 2 2 2 2 2 2 2 2 2 2 2 2 2 2 2 2 2 2 2 2 2 2 2 2 2 2 2 2 2 2 2 2 2 2 2 2 2 2 2
left_child=1 5 4 9 13 40 37 8 10 18 11 -6 21 27 23 16 -10 35 -4 20 -20 -8 -12 24 -7 -26 32 29 -29 -2 -25 -21 -5 43 42 -14 -37 -3 -39 -40 -1 -23 -16 -15
right_child=2 6 3 26 7 14 12 -9 15 -11 22 -13 17 33 34 -17 -18 -19 19 31 -22 41 -24 30 25 -27 -28 28 -30 -31 -32 -33 -34 -35 -36 36 -38 38 39 -41 -42 -43 -44 -45
leaf_value=-0.073186528695594971 -0.064555974605643315 -0.08176439957253015 0.093685514692719601 0.047176670552687414 0.0029699927800090216 -0.048489049394392712 -0.075755183357222866 0.082450706092643447 0.065135334517722271 0.080837176964064575 0.076197625800877064 0.042181237162517128 -0.042075183528652048 0.056749380760435127 -0.069438726234720902 0.10223161092785436 -0.15557769687238041 0.073527937133841204 -0.021435289582759264 0.042695061835612884 0.062119447173948843 -0.056147679232545766 0.044360366123922405 0.15884062240193361 0.016409967038072015 -0.032652605217524514 0.08469326736166935 -0.036930404191537293 0.096370829550438977 -0.0153510766858423 0.017197503052605229 0.0094288514964999612 0.076292064924179531 0.065862454701827527 0.063916892279163126 0.14452530691213578 -0.0020822426291199022 -0.071203246681272245 -0.040794954080478299 0.09378112594080884 0.029339225568456882 0.064619670844178162 0.032260689101627105 -0.013432799576513825
leaf_weight=358.3409237973392 398.27716877311468 11824.660306412727 63.714845385402441 336.87892891839147 2014.5046054646373 166.83362779766321 373.93128961510956 535.47288262844086 16.773440912365913 378.26402124762535 451.01606021821499 1264.3044267445803 141.04224025085568 40.628165222704411 18.170308187603951 15.817346431314943 88.863630682229996 94.080216351896524 686.37936952710152 467.86074951291084 136.18259729444981 20.265681713819504 1230.7919641286135 13.643535979092119 475.34673231467605 195.8953527957201 5676.8105052784085 65.199273511767387 31.727244175970554 159.66851345822215 856.67287184298038 468.84181199967861 3189.3811777383089 86.804797142744064 336.24017096310854 11.68390705808997 80.784592170268297 361.03174073435366 21.637044647708535 23.800023425370455 18.246554724872112 27.903447393327951 144.98384360969067 157.83860426396132
leaf_count=10613 9268 443676 617 3489 12246 2280 11191 6319 133 4729 4392 10218 1987 233 101 118 498 742 3298 2415 917 327 9777 62 2544 1596 77403 553 203 1931 3892 2398 38816 741 3099 62 609 12159 325 144 222 130 1062 992
internal_value=-0.00156662 -0.0646906 0.0531342 0.0696837 0.0243534 0.00364912 -0.0782964 0.0322761 0.0269894 0.024845 0.029891 0.0180898 -0.0335584 -0.0229858 0.0159078 -0.0915209 -0.120532 0.00764231 0.0132267 0.0103127 -0.00760204 -0.0655342 0.0528983 0.00597878 -0.00797741 0.00209154 0.0804085 -0.042012 0.00670348 -0.0504749 0.019418 0.0260445 0.0735105 0.0206911 0.0498744 -0.0189026 0.0164424 -0.0810386 -0.0599242 0.0296963 -0.0682189 0.0138105 0.0209345 0.000934206
internal_weight=33527.2 15565.2 17962 11404.3 6557.69 2584.37 12980.8 5617.54 5082.07 2201.24 4960.62 3278.81 749.691 940.144 2207.79 121.454 105.637 327.591 1822.98 1759.26 822.562 422.1 1681.81 1708.39 838.076 671.242 9203.07 654.872 96.9265 557.946 870.316 936.703 3526.26 285.272 499.394 233.511 92.4685 12231.1 406.469 45.4371 376.587 48.1691 163.154 198.467
internal_count=688527 496823 191704 134082 57622 25471 471352 43701 37382 14374 36633 22464 15048 13921 14636 749 631 3400 9645 9028 4215 11648 14169 10374 6420 4140 119708 11955 756 11199 3954 4813 42305 1966 4262 2658 671 456304 12628 469 10835 457 1163 1225
is_linear=0
shrinkage=0.08


Tree=29
num_leaves=45
num_cat=0
split_feature=7 7 3 10 8 4 4 6 4 6 7 10 3 3 4 4 1 4 6 3 2 7 2 1 4 3 10 10 5 1 10 7 2 1 1 10 7 10 1 7 4 10 4 3
split_gain=16296.7 2161.9 1280.54 845.738 339.121 318.523 243.199 278.815 209.155 168.884 162.849 149.752 141.271 124.732 378.423 107.738 103.761 212.765 105.09 145.166 75.0303 66.1744 65.6168 65.4351 62.9694 68.5375 60.5523 58.4376 47.286 45.6935 40.8491 39.744 32.8605 29.0525 27.4659 112.829 46.3729 26.8928 24.8237 23.1247 24.1726 22.1576 21.3784 32.5996
threshold=0.59940120577812206 1.0000000180025095e-35 0.84475743770599376 1.0000000180025095e-35 0.82774659991264354 0.30384616553783422 0.44949495792388922 0.49603174626827246 0.90873014926910411 0.17712418735027316 0.54416766762733471 0.75000000000000011 0.84028983116149913 0.61435899138450634 0.087121214717626586 0.074175827205181136 0.89769753813743602 0.73030304908752453 0.87138131260871898 0.56980520486831676 0.71834936738014232 0.97570812702178966 0.74646764993667614 0.79784947633743297 0.12916667014360431 0.98213717341423046 1.0000000180025095e-35 1.0000000180025095e-35 1.0000000180025095e-35 0.87841832637786876 0.35000000149011617 0.73721536993980419 0.26272648572921758 0.76506900787353527 0.88548010587692272 0.75000000000000011 0.48290473222732549 0.75000000000000011 0.93957647681236278 0.98974332213401806 0.12916667014360431 1.0000000180025095e-35 0.095454547554254546 0.98213717341423046
decision_type=2 2 2 2 2 2 2 2 2 2 2 2 2 2 2 2 2 2 2 2 2 2 2 2 2 2 2 2 2 2 2 2 2 2 2 2 2 2 2 2 2 2 2 2
left_child=1 5 4 8 6 33 7 13 21 27 34 15 -12 32 -15 -9 17 18 19 -6 37 24 -19 28 -4 -26 -14 -8 -7 30 42 -13 -2 -1 -3 36 -36 -11 -25 40 -32 -38 -5 -44
right_child=2 10 3 29 16 23 9 11 -10 20 12 31 26 14 -16 -17 -18 22 -20 -21 -22 -23 -24 38 25 -27 -28 -29 -30 -31 39 -33 -34 -35 35 -37 41 -39 -40 -41 -42 -43 43 -45
leaf_value=-0.071909196450542348 -0.017655941917053716 -0.080955322386061054 0.093124449572372661 0.091918988490587744 0.0027853605283080034 -0.053133789683505822 0.017235657556337484 0.10384491018744559 0.079494620594567925 -0.033718763685208659 -0.062050850548824976 -0.025872800644479131 -0.027752781883038771 0.12458603677662375 -0.046212754663377327 -0.095705230850422901 0.082202298739071311 0.003849311636920007 0.066148418844920565 0.046931512620463085 -0.10894848262743195 0.070382885869087558 -0.13523225895981894 0.015591116599018113 -0.011888404565206916 0.020934171253413156 0.070614246679591139 0.081386631847048446 0.0036356330378113744 0.083952179726719964 0.089382640016845732 0.012143924150289373 -0.071576800370823965 0.040041459621689243 -0.077930072344339976 0.066280684131575368 -0.033348745202241931 0.067013337546854942 0.036509497120564796 0.084227599445983722 0.065513148997538712 0.079732313702324309 -0.0015177485259736773 0.056411998824463218
leaf_weight=338.27813992463052 84.956324687227607 10712.480304786935 54.175503555685282 52.259258430451155 749.29998952895403 112.6127253472805 116.35548537038267 165.41016205772758 354.84093100577593 32.933324346318841 366.04636154137552 210.30973525345325 71.25072062201798 106.73193795233965 373.70817211270332 19.340479617938399 351.60107524693012 34.725875556468964 732.73325902968645 1310.4298248365521 52.84844945371151 117.4145305082202 57.920061357319355 887.53255703672767 770.44235472008586 863.48677349835634 91.463536720722914 415.06850747391582 565.23253902047873 5284.7415428236127 327.71322831511497 1078.6733354106545 486.83780575543642 15.516277579590676 707.902344154194 39.469897001981735 39.571995101869106 34.976696588099003 614.4143693856895 1085.148476049304 1583.8039819560945 15.407723754644392 95.828862499445677 177.01107886433601
leaf_count=10604 776 427716 549 606 4066 1879 782 1385 4729 224 12032 2725 1054 797 4599 334 4530 229 7687 10982 380 752 333 4944 3933 4411 803 4326 4031 77403 3987 6169 7036 231 28031 523 976 262 3782 15209 19620 217 967 1916
internal_value=-0.00154563 -0.063762 0.0512394 0.0680973 0.0229447 0.003409 0.00438216 -0.00686272 0.0233452 0.0479347 -0.0778926 0.0155958 -0.0344811 -0.0383176 -0.00826903 0.0829552 0.0411715 0.0361711 0.0401283 0.0308718 -0.0374659 0.0123101 -0.0831012 0.0148367 0.00827088 0.00545743 0.0275404 0.0673408 -0.00579566 0.0793307 0.0719783 0.00594114 -0.0635653 -0.0669994 -0.079886 -0.0656096 -0.0724333 0.0181628 0.0241484 0.0749004 0.0696054 -0.00165848 0.0450439 0.0360655
internal_weight=31758.9 14577.2 17181.7 10766.9 6414.86 2533.59 3178.15 2525.97 2160.36 652.182 12043.6 1473.73 528.761 1052.23 480.44 184.751 3236.71 2885.11 2792.46 2059.73 120.758 1805.52 92.6459 2179.79 1688.1 1633.93 162.714 531.424 677.845 8606.51 3321.76 1288.98 571.794 353.794 11514.8 802.352 762.882 67.91 1501.95 2996.67 1911.52 54.9797 325.099 272.84
internal_count=688527 496823 191704 134082 57622 25471 29795 23821 14374 5974 471352 10613 13889 13208 5396 1719 27827 23297 22735 15048 866 9645 562 14636 8893 8344 1857 5108 5910 119708 42305 8894 7812 10835 457463 29747 29224 486 8726 38816 23607 1193 3489 2883
is_linear=0
shrinkage=0.08


Tree=30
num_leaves=45
num_cat=0
split_feature=7 7 3 10 8 4 11 4 1 4 2 3 7 10 4 6 4 2 3 10 4 1 4 5 1 7 2 11 10 2 4 4 10 6 3 2 7 4 3 4 4 10 6 1
split_gain=14628.9 2080.89 1228.07 846.88 325.43 295.695 207.496 197.844 162.838 181.344 136.36 328.04 111.102 106.225 89.762 67.8621 67.6196 79.5134 65.2422 62.0117 59.2446 74.0627 84.4652 57.2996 48.2784 45.3772 75.9985 44.8289 43.0688 42.3736 37.7008 76.0772 109.594 38.0026 37.5615 35.7245 34.8916 36.2213 61.5455 32.4502 31.3351 36.5559 28.5609 26.1101
threshold=0.59940120577812206 1.0000000180025095e-35 0.84475743770599376 1.0000000180025095e-35 0.68438714742660534 0.30384616553783422 0.78351232409477245 0.90873014926910411 0.91545844078063976 0.73030304908752453 0.18677325546741488 0.56980520486831676 0.79262280464172374 1.0000000180025095e-35 0.90873014926910411 0.19098278135061267 0.43650794029235845 0.22401433438062671 0.82952776551246654 0.75000000000000011 0.12916667014360431 0.84273937344551098 0.76388889551162731 1.0000000180025095e-35 0.89377820491790783 0.52449017763137828 0.84028983116149913 0.35913865268230444 0.75000000000000011 0.93582704663276683 0.47727273404598242 0.095454547554254546 0.75000000000000011 0.17902930825948718 0.90366768836975109 0.73746865987777721 0.98974332213401806 0.095454547554254546 0.96051946282386791 0.47727273404598242 0.47727273404598242 0.75000000000000011 0.4403389841318131 0.7320508360862733
decision_type=2 2 2 2 2 2 2 2 2 2 2 2 2 2 2 2 2 2 2 2 2 2 2 2 2 2 2 2 2 2 2 2 2 2 2 2 2 2 2 2 2 2 2 2
left_child=1 5 4 7 12 34 25 20 9 10 27 -12 16 -8 15 -11 17 28 23 -18 -4 29 -23 -7 36 -3 40 -6 -2 -22 31 32 -14 -32 -1 39 37 -5 -39 -25 -27 -42 -15 -20
right_child=2 6 3 24 8 18 13 -9 -10 14 11 -13 30 42 -16 -17 19 -19 43 -21 21 22 -24 35 -26 26 -28 -29 -30 -31 33 -33 -34 -35 -36 -37 -38 38 -40 -41 41 -43 -44 -45
leaf_value=-0.073469606778691549 0.12013313454445465 -0.080399817809026178 0.091736291442277393 0.089151971323930573 0.0095811515733749963 -0.070945993768376375 -0.054098797738605445 0.078197337432900291 0.083508411554878745 0.017658566544192667 -0.015518726268490744 0.042587561030787098 0.099266443751670222 0.057180436223488444 0.10061991199455089 -0.12651137930140471 -0.022548762556588251 -0.056869763876622494 -0.0036189323639390365 0.084574290793470897 -0.013505468113274029 0.034708689843725667 -0.022287414964900276 -0.020380783817631667 0.083794433861410569 -0.068591729524308961 0.078894440878299041 0.061259276736094805 -0.010094921870187732 0.12213841823128155 0.07235810265864194 -0.065806836320843581 0.0032116323544715609 -0.045621424971628299 0.043546420782551991 -0.033801374903923244 0.082638799574056773 0.041110018321719538 0.071274862682974185 0.050652663729581465 -0.041154893014233244 0.13980723832134659 -0.063118308430633846 0.024188596233211249
leaf_weight=315.11549373716116 17.482278749346733 10336.357156079262 56.484342813491821 354.47972062602639 120.679368250072 92.512116510421038 158.19354953989387 333.61471448093653 379.21335906535387 27.762524478137493 957.50961227342486 1773.6108819060028 84.952379297465086 114.09338405169547 18.212197534739971 84.481715902686119 81.409085813909769 470.50218455865979 251.2563833296299 60.130093313753605 722.82952063158154 788.35237653180957 210.92824339866638 65.914386395365 4568.2704479433596 495.25372679159045 25.168182473629713 978.47578259557486 231.14272492751479 15.046049840748308 104.18509858846664 86.06821371987462 722.98654974251986 20.994609527289867 18.592094995081425 112.32681749761105 1154.8296503126621 644.66441487148404 1317.7301153875887 109.59568995982409 25.72906606644392 9.8907720018178207 14.203131984919308 1544.6436987183988
leaf_count=10652 132 446451 626 4594 778 1609 3758 4737 5312 219 5529 15037 766 1177 145 455 699 9869 1779 540 3503 4432 1034 944 72274 18540 466 9607 2371 68 1121 624 4027 143 227 748 17305 8012 17414 609 717 105 189 9033
internal_value=-0.00160948 -0.0626549 0.0493846 0.0665139 0.0213841 0.00317115 -0.0774346 0.0216272 0.0334276 0.0286327 0.0317918 0.0222159 -0.00642012 -0.0102295 -0.0641221 -0.0908523 -0.0275841 -0.0375323 0.0139236 0.0229603 0.0111053 0.00848351 0.0226779 -0.0161752 0.0783902 -0.0792022 -0.0569395 0.0555854 -0.000937825 -0.0107395 0.0114521 0.0056946 0.0133115 0.0525711 -0.0669502 0.00142833 0.071279 0.0656168 0.0613654 0.0239754 -0.0633793 0.00909394 0.0438627 0.0202982
internal_weight=30075.9 13688.8 16387 10167.2 6219.8 2509.96 11178.9 2127.26 4339.95 3960.73 3830.28 2731.12 1879.85 286.49 130.456 112.244 860.666 719.127 2176.25 141.539 1793.64 1737.16 999.281 380.349 8039.97 10892.4 556.042 1099.16 248.625 737.876 1019.19 894.007 807.939 125.18 333.708 287.837 3471.7 2316.87 1962.39 175.51 530.874 35.6198 128.297 1795.9
internal_count=688377 497004 191373 133999 57374 25601 471403 14400 37082 31770 30951 20566 20292 5124 819 674 13611 12372 14722 1239 9663 9037 5466 3910 119599 466279 19828 10385 2503 3571 6681 5417 4793 1264 10879 2301 47325 30020 25426 1553 19362 822 1366 10812
is_linear=0
shrinkage=0.08


Tree=31
num_leaves=45
num_cat=0
split_feature=7 7 1 12 7 10 12 4 8 10 11 2 6 12 1 2 6 4 4 4 2 10 4 8 6 4 10 10 2 4 11 7 1 7 2 1 10 8 11 11 1 10 7 10
split_gain=13160.3 1991.87 1180.25 475.62 458.296 297.805 268.148 264.666 175.18 148.479 123.55 115.271 173.257 105.959 102.483 99.6463 115.925 92.7944 89.839 80.5071 75.2164 68.7295 65.968 58.4219 53.1735 58.2837 51.8362 47.9382 140.835 130.747 46.2514 42.8274 36.1932 36.0199 34.5005 30.9785 30.0885 57.6213 43.8373 28.4606 27.7328 27.4417 23.2537 20.7504
threshold=0.59940120577812206 1.0000000180025095e-35 0.86240702867507946 1.0000000180025095e-35 0.98192706704139721 1.0000000180025095e-35 1.0000000180025095e-35 0.30384616553783422 0.65586885809898388 1.0000000180025095e-35 0.75343364477157604 0.52027395367622387 0.58876052498817455 1.0000000180025095e-35 0.9634092152118684 0.54923510551452648 0.52679425477981578 0.27922078967094427 0.087121214717626586 0.55050507187843334 0.22401433438062671 0.75000000000000011 0.30384616553783422 0.50108224153518688 0.027402402833104137 0.76388889551162731 1.0000000180025095e-35 1.0000000180025095e-35 0.52565789222717296 0.080128207802772536 0.79175817966461193 0.54416766762733471 0.9529346525669099 0.98974332213401806 0.73746865987777721 0.68870675563812267 0.75000000000000011 0.34297668933868414 0.34111164510250097 0.52797809243202221 0.78611555695533764 0.75000000000000011 0.73721536993980419 0.35000000149011617
decision_type=2 2 2 2 2 2 2 2 2 2 2 2 2 2 2 2 2 2 2 2 2 2 2 2 2 2 2 2 2 2 2 2 2 2 2 2 2 2 2 2 2 2 2 2
left_child=1 7 3 4 8 14 30 39 20 18 31 12 17 35 19 16 22 -11 -5 -4 21 -2 -6 -18 32 -26 -12 29 -29 -10 -3 36 -21 -17 -22 -9 38 -38 -8 -1 -15 -32 -14 -35
right_child=2 6 5 9 15 -7 10 13 27 11 26 -13 42 40 -16 33 23 -19 -20 24 34 -23 -24 -25 25 -27 -28 28 -30 -31 41 -33 -34 43 -36 -37 37 -39 -40 -41 -42 -43 -44 -45
leaf_value=-0.069240300240909533 0.10399725227847885 -0.080905825126475095 0.071940697337649781 0.097790537839721831 -0.035972210899120442 0.081208424718078764 0.3465160722991712 -0.02288084311152902 0.098619034641894476 -0.014757952750814943 -0.020173844856337868 0.070044434727840679 0.01130378242557982 0.014516961233212826 0.07479410267830354 0.019920690256141106 -0.0069555867322673992 0.095823141418799107 0.00024442819294187286 -0.075297396134924782 -0.059093178105686296 -0.014673578210425253 0.074658799848410201 0.055658759162752348 0.035977930736599509 -0.014976055216939009 0.072387442855263398 -0.0091503913426316634 0.035889133843567199 -0.018298895776976548 -0.04919542313623327 0.012230580636976201 0.083688929306836413 0.028204678584611242 -0.011170380292385658 0.0080178457218920314 0.14212188359733635 -0.04158814143926489 -0.07082473381594083 0.1004229306203685 0.058447411644955878 0.051141186044449616 0.068588039772129031 0.076944386740557022
leaf_weight=307.12605825811625 33.415542088449001 9605.4379079099745 177.25088771805167 69.346618287265301 207.86254547536373 5426.0080592818558 1.6191251501440991 242.37800855189562 67.189245402812958 388.38502157106996 65.909340942278504 1938.4267538264394 49.142310731112957 125.85140843689442 347.026771068573 92.111997321248055 113.31501217186451 55.508009143173695 469.74462281167507 63.520865838974714 457.3229976259172 478.55092331208289 41.358871079981327 602.18433322012424 434.16509031131864 214.72804848849773 93.870525121688843 792.47656175866723 1011.3949631154537 688.32311969250441 118.65553968772292 67.040888398885727 10.709013536572455 60.887956500053406 121.73645448498428 1449.9291979409754 12.575764328241346 83.338715616613626 313.29546243697405 6.4608508124947539 341.60973443090916 20.45196545496583 588.09971964359283 682.93964053317904
leaf_count=10806 258 453683 1013 736 1126 89452 29 2775 587 2068 966 26426 279 880 5268 785 550 435 2370 320 9735 3373 355 5929 2527 1077 858 5382 10130 3234 2538 663 82 661 1103 7681 87 1370 11078 73 3386 131 6383 9729
internal_value=-0.00158006 -0.0615837 0.0476053 0.0287175 0.0138662 0.0731054 -0.0769537 0.00293367 -0.00242555 0.0514665 -0.0266938 0.0583711 0.0374415 0.0129054 0.0378587 0.0468938 0.0293755 -0.00092999 0.0127924 0.0236229 -0.0292674 -0.00692805 -0.0176127 0.0457424 0.0117793 0.0191165 0.0342058 0.0090167 0.0161024 -0.00790115 -0.0802426 -0.0470561 -0.0523607 0.0671109 -0.0490183 0.00359243 -0.0567307 -0.0175011 -0.068679 -0.0657447 0.0466203 -0.0344437 0.0641704 0.0729547
internal_weight=28538.7 12855.6 15683.1 9009.72 5451.07 6673.41 10382.2 2473.36 3650.41 3558.65 637.65 3019.56 1081.14 2159.77 1247.4 1800.66 964.721 443.893 539.091 900.374 1091.03 511.966 249.221 715.499 723.123 648.893 159.78 2559.38 1803.87 755.512 9744.55 477.87 74.2299 835.94 579.059 1692.31 410.829 95.9145 314.915 313.587 467.461 139.108 637.242 743.828
internal_count=688377 497004 191373 91634 52937 99739 471403 25601 33802 38697 15051 35591 9165 14722 10287 19135 7960 2503 3106 5019 14469 3631 1481 6479 4006 3604 1824 19333 15512 3821 456352 13227 402 11175 10838 10456 12564 1457 11107 10879 4266 2669 6662 10390
is_linear=0
shrinkage=0.08


Tree=32
num_leaves=45
num_cat=0
split_feature=7 7 1 12 7 12 4 8 7 1 7 3 11 12 4 3 4 3 4 4 3 6 3 0 4 4 8 4 4 1 4 11 7 12 3 6 7 3 8 6 5 7 12 2
split_gain=11841.2 1907.9 1128.22 431.006 408.019 264.967 236.892 151.806 143.048 119.196 115.451 110.145 127.475 94.3686 91.9437 193.455 151.801 83.0863 80.5313 69.0568 115.159 69.0194 67.9263 126.373 93.3625 75.2162 65.0665 62.0013 60.4651 59.6941 48.0647 47.6925 41.6748 44.5715 41.2987 42.7625 36.8924 35.0868 33.3361 32.8736 32.0842 31.739 29.2523 26.3904
threshold=0.59940120577812206 1.0000000180025095e-35 0.86240702867507946 1.0000000180025095e-35 0.98192706704139721 1.0000000180025095e-35 0.30384616553783422 0.65586885809898388 0.94764256477355968 0.95488464832305919 0.45341086387634283 0.65419578552246105 0.51415035128593456 1.0000000180025095e-35 0.76388889551162731 0.9797959327697755 0.90873014926910411 0.95861870050430309 0.73030304908752453 0.074175827205181136 0.57932874560356151 0.12613636255264285 0.59516963362693798 0.24440020322799685 0.095454547554254546 0.30384616553783422 0.50108224153518688 0.19090909510850909 0.2264957278966904 0.89377820491790783 0.43650794029235845 0.79175817966461193 0.94151845574378978 1.0000000180025095e-35 0.85880398750305187 0.095695972442626967 0.98974332213401806 0.90366768836975109 0.36676529049873358 0.032795699313282974 1.0000000180025095e-35 0.93035691976547252 1.0000000180025095e-35 0.51191151142120372
decision_type=2 2 2 2 2 2 2 2 2 2 2 2 2 2 2 2 2 2 2 2 2 2 2 2 2 2 2 2 2 2 2 2 2 2 2 2 2 2 2 2 2 2 2 2
left_child=1 6 3 4 7 31 37 19 22 14 -7 12 26 34 32 16 21 18 -9 20 -2 -16 23 -5 -24 -25 -6 -26 -14 38 -21 -3 33 39 35 40 -13 -1 -12 -4 -8 42 -17 -40
right_child=2 5 9 8 11 10 13 17 -10 -11 29 36 28 -15 15 41 -18 -19 -20 30 -22 -23 24 25 27 -27 -28 -29 -30 -31 -32 -33 -34 -35 -36 -37 -38 -39 43 -41 -42 -43 -44 -45
leaf_value=-0.071655586947082336 -0.019404983758703368 -0.080698298377915173 0.00040094179694688726 0.048845762161234409 -0.0078310557897689221 -0.057938949761558924 -0.066797502676795947 0.0038918988221969442 0.071179593379103609 0.082697975855466357 0.12232426826539762 0.01956946327072253 -0.029666300657294521 0.044485337903964618 0.038332967018539381 -0.00020068102724764056 0.092866710135711558 0.034717835445733675 -0.076112848189136703 -0.077777119660388347 0.14370904651249627 -0.1493315131392767 0.089530464992496644 -0.042379097757567687 -0.12843741669788317 0.089677640990421498 0.0605284914451477 0.03885357110634851 0.065974104320261712 0.071858669577378242 -0.018830782408100388 -0.03276019007794248 0.078483482843874977 0.070066784294338477 0.01008387252052103 -0.04392289294759455 0.072546556985990163 0.041370089916916937 -0.055446642954172128 0.049899350611621145 0.025456117263374871 0.076206053311722005 0.056616494569107445 0.0048464969132037744
leaf_weight=276.29755401052535 663.18911801092327 8888.8213931266218 105.50556777790189 300.75613198801875 109.2662542834878 328.62403402291238 29.039939880371094 1857.1289888750762 1240.6694345027208 3167.5094874985516 11.405265495181082 95.233980633318424 270.44603578001261 451.5114965736866 15.295090656727551 94.156340960413218 30.350347824394703 589.38399291038513 84.171213418245316 231.42192025855184 28.908456256613135 69.696281671524048 258.90949277579784 234.72097011655569 14.331326231360434 31.282860144972801 483.1380010843277 1331.1719674058259 50.151148021221161 76.937491167336702 143.38055222667754 134.83636400476098 1154.5856667272747 792.44857836142182 1305.7862506583333 211.00284404680133 721.39317831397057 18.772271253168583 75.544821016490459 461.41246344149113 142.6145792901516 229.18232811614871 150.99701269716024 120.6832282319665
leaf_count=10652 7689 453683 1033 2601 529 11701 549 13413 16780 56715 76 826 1395 4266 203 893 390 5404 516 5362 284 472 3371 1282 78 241 5276 14344 454 685 1134 2669 18531 11093 6373 2613 10655 227 1480 4935 921 3548 1926 1109
internal_value=-0.00155047 -0.0605371 0.0458892 0.0273097 0.0130915 -0.076524 0.00273268 -0.00226004 0.0495098 0.0717805 -0.0256365 0.0450222 0.0259293 0.0119983 0.0606383 0.0322076 -0.0607153 0.00841013 0.00042304 -0.0275697 -0.0125918 -0.115559 0.037127 0.0133192 0.0455372 -0.0268488 0.0479199 0.0370717 -0.0147052 0.0116665 -0.0552272 -0.079982 0.0673071 0.0578143 0.00331083 -0.0198016 0.0663684 -0.0644649 -0.0106374 0.0406875 0.00984896 0.0548032 0.0347947 -0.0183654
internal_weight=27082.1 12071.9 15010.2 8739.06 5327.21 9636.85 2435.02 3597.58 3411.84 6271.14 613.195 1729.63 913.001 2139.96 3103.63 589.677 115.342 2530.68 1941.3 1066.9 692.098 84.9914 2171.17 566.76 1604.41 266.004 592.404 1345.5 320.597 284.571 374.802 9023.66 2513.95 1359.37 1688.44 382.657 816.627 295.07 207.633 566.918 171.655 474.336 245.153 196.228
internal_count=688377 497004 191373 91634 52937 471403 25601 33802 38697 99739 15051 19135 7654 14722 43024 7432 1065 19333 13929 14469 7973 675 21917 4124 17793 1523 5805 14422 1849 3350 6496 456352 35592 17061 10456 4083 11481 10879 2665 5968 1470 6367 2819 2589
is_linear=0
shrinkage=0.08


Tree=33
num_leaves=45
num_cat=0
split_feature=7 7 1 3 12 12 7 4 1 4 3 6 1 4 12 7 7 4 3 4 3 11 6 4 6 7 12 11 3 7 12 7 3 0 6 8 12 6 7 0 8 3 2 6
split_gain=10678 1794.7 1107.37 401.266 266.336 242.802 299.193 209.808 119.616 108.935 423.717 191.375 108.397 97.992 95.2278 83.0092 81.4116 74.3952 137.936 113.581 73.7716 96.0644 66.23 74.8419 62.2353 57.0665 50.8502 49.7123 43.3544 43.0348 46.4398 34.089 33.9501 38.3973 36.6628 30.296 28.5175 28.0006 26.9716 25.9558 24.5605 27.1877 23.8858 23.5025
threshold=0.59940120577812206 1.0000000180025095e-35 0.86526826024055492 0.96178188920021068 1.0000000180025095e-35 1.0000000180025095e-35 0.98974332213401806 0.30384616553783422 0.9529346525669099 0.064583335071802153 0.58102023601531994 0.20185185223817828 0.87841832637786876 0.73030304908752453 1.0000000180025095e-35 0.98469346761703502 0.88960573077201854 0.76388889551162731 0.9740215837955476 0.90873014926910411 0.65648320317268383 0.48210833966732031 0.23861283808946612 0.83974358439445507 0.12613636255264285 0.46885776519775396 1.0000000180025095e-35 0.81622841954231273 0.58578637242317211 0.93369963765144359 1.0000000180025095e-35 0.41191250085830694 0.98571136593818676 0.96449580788612377 0.18561584502458575 0.48724456131458288 1.0000000180025095e-35 0.03637566231191159 0.93369963765144359 0.91715687513351452 0.36676529049873358 0.73606809973716747 0.98147514462471019 0.82891985774040233
decision_type=2 2 2 2 2 2 2 2 2 2 2 2 2 2 2 2 2 2 2 2 2 2 2 2 2 2 2 2 2 2 2 2 2 2 2 2 2 2 2 2 2 2 2 2
left_child=1 7 3 5 27 6 9 36 17 10 -2 -11 25 16 32 26 28 29 19 24 21 -8 -15 -24 -19 -6 35 -3 -7 30 37 -14 34 -34 42 -5 -1 -4 -20 -37 -27 -42 -9 -18
right_child=2 4 8 15 12 13 20 14 -10 11 -12 -13 31 22 -16 -17 43 18 38 -21 -22 -23 23 -25 -26 40 -28 -29 -30 -31 -32 -33 33 -35 -36 39 -38 -39 -40 -41 41 -43 -44 -45
leaf_value=-0.071553093905671369 -0.011646414826649465 -0.080286828875887326 -0.0018363409950674986 -0.17801535141310834 -0.066665528113171474 0.0011080927221381986 0.045392332524850761 0.0017961615822766376 0.082170516088465498 -0.0028045076694571051 0.10028881749154399 -0.064184007253832664 -0.017379740223480246 0.082249054168953992 0.043688856406733798 0.082313375074099207 0.048750409192916767 0.05278317213090819 0.034344684813313195 0.092932566749107853 0.065049264667382256 -0.0097398686959850062 -0.14895701694207039 0.091578465590178293 -0.12910142881199155 0.1196737605473667 0.061376279777965836 -0.0099283585889305189 0.036054825800933978 0.076557172545021229 0.068012882366528388 0.065815726371367025 0.14370607193242205 0.010753287559453109 -0.038918217978394176 0.094722949434205617 0.019690738859454771 0.045589435360075037 0.073656369037853955 0.027964943104234474 -0.047577289446170283 0.016177494609784172 -0.13959665886726894 0.075939528598593653
leaf_weight=252.36500735580921 1388.5686759706587 8296.5771289970726 101.87999841943383 4.4253345578908911 267.99014724604785 351.89704301953316 528.06432945281267 605.2737697288394 2987.1254967451096 923.33084256760776 256.39632313512266 501.77431657537818 47.898118874058127 16.664186429232359 438.37167028337717 599.20835142210126 936.72894392907619 14.72992057353258 241.09884762018919 27.286342225968838 424.97963929921389 327.85005470365286 41.573703121393919 10.337307043373583 65.929621074348688 9.0912783741950971 717.68843787908554 64.772114109247923 641.12620314955711 1151.0785042345524 679.52578400447965 92.185878746211529 14.135388888418673 843.0378583073616 207.16451454162598 39.67860285192728 24.007686085999012 365.54705679416656 208.11365474015474 615.09377304464579 84.45618412643671 86.808811733499169 7.744374841451644 259.93242669850588
leaf_count=10640 12726 456051 954 29 10240 2382 5439 4161 57460 8148 2639 5497 1533 191 4260 10817 10315 196 2840 383 6055 1908 271 124 447 59 9598 629 6578 19515 9962 967 63 3910 2276 405 224 3993 3415 5621 1547 634 34 3581
internal_value=-0.00154713 -0.0596284 0.0441118 0.0258286 -0.0760807 0.0163715 0.00532478 0.00192616 0.0709791 -0.00822572 0.00580063 -0.024416 -0.0240585 0.0376552 0.0104892 0.0574586 0.0406043 0.0592706 0.0330445 -0.0481568 0.0378029 0.0242745 -0.0565132 -0.101058 -0.0958859 -0.0432513 0.0466421 -0.0797418 0.0236708 0.0656291 0.0546618 0.0373692 0.0018126 0.0129458 -0.00982268 0.0306005 -0.063627 0.0352526 0.0525572 0.0320104 -0.00846025 -0.015262 9.91918e-06 0.0546563
internal_weight=25769.5 11341.9 14427.6 8585.32 8949.78 6609.22 4350.96 2392.1 5842.32 3070.07 1644.96 1425.11 588.43 2258.26 2115.73 1976.09 2189.68 2855.19 557.158 107.946 1280.89 855.914 68.5752 51.911 80.6595 448.346 1376.89 8361.35 993.023 2298.03 1146.95 140.084 1677.36 857.173 820.183 659.198 276.373 467.427 449.213 654.772 180.356 171.265 613.018 1196.66
internal_count=688717 497228 191489 92324 471660 65854 42412 25568 99165 29010 15365 13645 14980 23442 14704 26470 22856 41705 7281 1026 13402 7347 586 395 643 12480 15653 456680 8960 34424 14909 2500 10444 3973 6471 6055 10864 4947 6255 6026 2240 2181 4195 13896
is_linear=0
shrinkage=0.08


Tree=34
num_leaves=45
num_cat=0
split_feature=7 7 1 3 10 12 10 7 12 4 1 1 4 3 4 4 12 3 0 4 4 7 11 8 7 10 3 3 4 4 4 10 4 3 5 0 3 10 8 10 7 1 8 12
split_gain=9582.67 1719.24 1059.34 366.585 327.7 263.136 216.814 216.626 273.973 188.081 100.945 95.7143 92.7548 381.618 156.669 86.977 84.013 68.8788 77.095 62.5952 59.1805 53.6145 50.9496 47.358 46.3956 45.2966 44.3728 129.628 40.1115 37.9995 33.0145 31.2213 34.2594 28.842 32.5981 32.4528 28.8318 27.8503 33.1148 25.3622 23.9015 23.7193 23.5138 25.6446
threshold=0.59940120577812206 1.0000000180025095e-35 0.86526826024055492 0.96178188920021068 1.0000000180025095e-35 1.0000000180025095e-35 1.0000000180025095e-35 0.98974332213401806 1.0000000180025095e-35 0.30384616553783422 0.9634092152118684 0.87841832637786876 0.064583335071802153 0.56980520486831676 0.30384616553783422 0.73030304908752453 1.0000000180025095e-35 0.65419578552246105 0.26158231496810919 0.2264957278966904 0.55050507187843334 0.46885776519775396 0.79175817966461193 0.62880185246467601 0.88960573077201854 1.0000000180025095e-35 0.982753485441208 0.92637759447097789 0.83974358439445507 0.70714285969734203 0.80909091234207164 0.35000000149011617 0.63068181276321422 0.98571136593818676 1.0000000180025095e-35 0.96449580788612377 0.90521115064620983 0.75000000000000011 0.3279555886983872 0.75000000000000011 0.44402673840522772 0.85857143998146068 0.62880185246467601 1.0000000180025095e-35
decision_type=2 2 2 2 2 2 2 2 2 2 2 2 2 2 2 2 2 2 2 2 2 2 2 2 2 2 2 2 2 2 2 2 2 2 2 2 2 2 2 2 2 2 2 2
left_child=1 9 3 7 10 22 29 8 12 36 20 21 13 -2 -14 24 33 18 23 -20 -4 37 -3 -9 -10 40 27 -22 -17 -5 -28 32 -19 34 -11 -35 -1 -7 -39 -24 -13 -18 43 -12
right_child=2 5 4 6 -6 11 -8 17 15 16 42 25 14 -15 -16 28 41 31 19 -21 26 -23 39 -25 -26 -27 30 -29 -30 -31 -32 -33 -34 35 -36 -37 -38 38 -40 -41 -42 -43 -44 -45
leaf_value=-0.069433807342330595 -0.011022707921072468 -0.080309669406522052 0.060782345756662498 0.023758097606291956 0.079401671031225113 -0.075603796424841288 0.071543568838732585 0.0095157340822520069 0.02212330664683277 -0.04255005602851665 -0.067258639561001296 -0.066081482569035718 -0.07409779899344969 0.096694940385035053 -0.0088533679693525973 -0.086206016487884479 0.01913952106086254 0.026527068764549577 -0.023114485774497959 0.073306787091449319 0.037969316204677993 -0.0079488950968981311 -0.045003029207221303 0.055776941939570134 0.04742645412834371 0.076783146287601522 0.031628230968988529 -0.075117460422853152 0.092030267352829917 -0.025585324605924581 -0.035256765568341168 0.07196491284253749 -0.1961339122126714 0.1320964995702211 -0.0014491534370457732 0.0099118414563551579 0.038097641247974018 0.1611347409621538 -0.037617061523036122 0.051389916825305935 0.032887144340478493 0.057468635545307435 0.079585446980123861 0.07740432475805907
leaf_weight=243.06171461194754 1377.7788772489876 7618.3039328474551 154.87505636364222 353.66453773528337 4393.9767061062157 219.51758261956275 1395.8076284117997 191.65323859453201 978.43496268615127 151.70634764432907 15.447766661643982 30.468417888507247 298.12045743130147 248.44904744066298 1122.1934349853545 55.32800330221653 177.12485944479704 30.925366889685392 232.89488435536623 52.872182950377464 126.70480036363006 177.39700711332262 103.85876942612231 542.55080313980579 881.6977120526135 75.273759184405208 346.60293147712946 132.93057560920715 9.462946765124796 139.19832959026098 54.682563237845898 459.41022209450603 5.1605265811085692 14.146162129938601 664.25437638163567 841.50347249954939 17.079454965889454 6.7685614451766005 25.87516251206398 21.001943584531546 32.041033966466784 248.01222175359726 254.34723903238773 15.930166989564896
leaf_count=10643 12664 454042 976 1864 88979 9712 23926 1150 8960 2295 110 1393 5251 2701 8394 421 1436 370 1244 533 715 2240 2502 6169 10753 870 2133 767 119 680 296 7076 49 63 4176 3910 221 52 476 136 237 2824 4954 235
internal_value=-0.00151413 -0.0585221 0.0423271 0.0244191 0.0696205 -0.0756256 0.0554369 0.0153883 0.00731674 0.00178574 0.0306032 -0.0230356 -0.00761137 0.00543399 -0.022548 0.0309432 0.00974595 0.0418668 0.0299795 -0.00527477 0.0162708 -0.0416455 -0.0794789 0.0437011 0.0341169 0.0349832 0.00584033 -0.0199299 -0.060174 0.00982213 0.0225139 0.0663368 -0.00531496 0.00167012 -0.00909078 0.0119319 -0.0623739 -0.0653513 0.00359343 -0.0287894 -0.0153522 0.0414996 0.0715247 0.00618486
internal_weight=24538.5 10667.4 13871.1 8375.6 5495.5 8310.51 1888.67 6486.93 4971.47 2356.89 1101.52 567.342 3046.54 1626.23 1420.31 1924.92 2096.75 1515.47 1019.97 285.767 815.796 429.558 7743.16 734.204 1860.13 137.783 660.921 259.635 64.791 492.863 401.285 495.496 36.0859 1671.61 815.961 855.65 260.141 252.161 32.6437 124.861 62.5095 425.137 285.725 31.3779
internal_count=688717 497228 191489 92324 99165 471660 26470 65854 49263 25568 10186 14980 29010 15365 13645 20253 14704 16591 9096 1777 4887 12480 456680 7319 19713 2500 3911 1482 540 2544 2429 7495 419 10444 6471 3973 10864 10240 528 2638 1630 4260 5299 345
is_linear=0
shrinkage=0.08


Tree=35
num_leaves=45
num_cat=0
split_feature=7 7 1 12 3 10 4 10 12 4 7 7 7 4 3 12 1 3 7 1 4 10 4 3 4 4 10 4 10 10 5 4 2 4 2 7 2 2 2 4 4 10 11 1
split_gain=8604.86 1465.9 896.877 563.904 350.689 249.519 208.9 190.047 171.645 168.441 163.834 160.049 156.772 139.452 106.546 88.6883 88.0882 68.2942 68.0271 66.6125 62.2045 61.9376 49.2694 43.8917 40.8052 40.7788 40.2358 38.8963 33.5955 31.9984 27.6586 25.197 23.0316 59.5525 40.2293 22.6175 21.0427 20.3202 19.9576 26.7697 19.5311 67.2589 19.0557 18.9265
threshold=0.67658114433288585 1.0000000180025095e-35 0.89377820491790783 1.0000000180025095e-35 0.96178188920021068 1.0000000180025095e-35 0.73030304908752453 1.0000000180025095e-35 1.0000000180025095e-35 0.2264957278966904 0.98192706704139721 0.54416766762733471 0.46885776519775396 0.86190477013587963 0.86319074034690868 1.0000000180025095e-35 0.96999701857566845 0.65648320317268383 0.94349297881126415 0.87206766009330761 0.12916667014360431 0.75000000000000011 0.78888890147209179 0.82807883620262157 0.55050507187843334 0.080128207802772536 1.0000000180025095e-35 0.70714285969734203 0.75000000000000011 1.0000000180025095e-35 1.0000000180025095e-35 0.80909091234207164 0.51191151142120372 0.080128207802772536 0.22401433438062671 0.97311750054359447 0.56691542267799389 0.73746865987777721 0.82870012521743786 0.55050507187843334 0.47727273404598242 0.75000000000000011 0.34111164510250097 0.88548010587692272
decision_type=2 2 2 2 2 2 2 2 2 2 2 2 2 2 2 2 2 2 2 2 2 2 2 2 2 2 2 2 2 2 2 2 2 2 2 2 2 2 2 2 2 2 2 2
left_child=1 9 4 11 6 27 8 16 10 -1 25 -3 21 22 40 23 24 -12 26 32 -16 42 -8 30 -4 -2 -10 38 -22 -24 -11 -26 34 -34 -14 -29 -23 -32 39 -6 -13 -42 -5 -17
right_child=2 3 7 12 5 -7 13 -9 18 15 17 14 19 -15 20 43 -18 -19 -20 -21 28 36 29 -25 31 -27 -28 35 -30 -31 37 -33 33 -35 -36 -37 -38 -39 -40 -41 41 -43 -44 -45
leaf_value=-0.073285191229666855 0.0092677958048279357 -0.08045452378065672 0.06866043091768928 0.32960474399424688 0.043697160915984842 0.072214426291681705 -0.040242703582127913 0.080967884352569353 0.0023487687052814545 -0.063090830970216186 0.021146029841581818 -0.065166926608232506 0.038477627036040664 0.099342184859684227 0.32192467240455253 0.023695831103077755 0.077810588368597486 0.059312696142295097 0.059074863183267441 0.067160331234927831 -0.015258348003084871 -0.039668281862349254 -0.07181758319070522 0.0059714311828022284 0.01637112011710946 -0.010550526897061228 0.036160690217717069 -0.024825898992903925 0.063290616701842217 -0.16144802609825112 0.0076181978762364447 -0.040682544064691836 0.1304336552528188 0.0024013535468319657 -0.057405024106362043 0.071642781056167615 0.067159619312781429 -0.040684555091977929 0.049674915387195311 -0.0097034328758236737 -0.057949634446811851 0.15018512102992829 -0.068125590243123244 0.057564775145552326
leaf_weight=177.29173693060875 1436.0620251167566 6903.3755854545161 88.142595518380404 0.77335361391305824 102.51380632072687 1583.0203769244254 97.872506689280272 3465.8925481587648 285.6256191432476 94.501993319019675 851.94435577467084 409.25545974634588 42.836487308144569 31.867118425667286 4.1004950162023297 210.30421412736177 234.33629392459989 463.18209232762456 748.71579464152455 151.80709808319807 124.84076644666493 18.256961889564991 47.798859998583794 1396.4850032329559 387.0253665111959 1236.7205017507076 1065.4741713181138 187.01734113693237 48.342612534761429 54.621988050639629 139.01366395317018 56.812826901674271 26.903254145756364 171.27017853781581 80.888252580538392 16.965346299111843 33.370824199169874 93.049211345613003 146.20510147511959 145.14585681259632 51.066170083358884 12.337312635034321 248.44122446514666 212.08783006668091
leaf_count=8214 11120 444136 651 21 543 29695 784 77320 1800 2955 7667 18411 339 391 32 1800 4960 7233 10027 2024 1479 412 282 7414 2483 9552 12276 917 447 369 1997 310 200 1454 1445 103 198 639 859 749 910 116 11434 2549
internal_value=-0.00147876 -0.0545408 0.0429055 -0.0702151 0.0279243 0.0555849 0.0183791 0.0729965 0.0212195 0.00165729 0.0114719 -0.0768813 -0.00520654 -0.0561005 -0.0389288 0.00785027 0.0369436 0.0345882 0.0397318 0.0234759 0.0139596 -0.0503697 -0.0808318 -0.000203028 0.0189418 9.76797e-05 0.0290128 0.0115522 0.0066679 -0.119618 -0.0266068 0.00906805 0.00287428 0.0197825 -0.0242081 -0.0168025 0.0293824 -0.0117495 0.0262371 0.0124007 -0.0587661 -0.0174499 -0.0668914 0.0407018
internal_weight=23383.6 10650.6 12733 8327.87 8500.75 2180.87 6319.89 4232.21 6087.72 2322.73 3987.91 7553.32 774.548 232.16 649.943 2145.44 766.317 1315.13 2099.82 473.705 177.284 300.842 200.293 1723.05 531.981 2672.78 1351.1 597.847 173.183 102.421 326.565 443.838 321.898 198.173 123.725 203.983 51.6278 232.063 393.865 247.66 472.659 63.4035 249.215 422.392
internal_count=688717 508626 180091 483058 94367 32866 61501 85724 59675 25568 35572 465531 17527 1826 21395 17354 8404 14900 24103 5462 1958 12065 1435 13005 3444 20672 14076 3171 1926 651 5591 2793 3438 1654 1784 1020 610 2636 2151 1292 19437 1026 11455 4349
is_linear=0
shrinkage=0.08


Tree=36
num_leaves=45
num_cat=0
split_feature=8 10 1 4 10 2 6 12 4 12 10 6 4 4 4 0 2 8 10 11 10 2 8 2 4 11 10 4 2 2 11 10 8 8 6 4 6 1 8 4 12 12 2 8
split_gain=7127.59 1398.9 836.799 666.871 343.652 440.086 314.897 235.981 222.157 201.177 188.022 160.956 159.884 120.038 296.749 118.291 107.245 102.47 101.23 97.5154 91.1769 85.5698 81.3948 80.8744 71.4909 66.7994 59.5028 58.2131 43.3713 51.7734 41.32 35.6359 34.006 32.1749 30.3819 29.3411 28.1092 25.9374 24.5129 24.4145 24.2563 23.9888 23.0379 22.6978
threshold=0.55391839146614086 1.0000000180025095e-35 0.89769753813743602 0.43650794029235845 1.0000000180025095e-35 0.49332858622074133 0.55217784643173229 1.0000000180025095e-35 0.064583335071802153 1.0000000180025095e-35 1.0000000180025095e-35 0.67799538373947155 0.30384616553783422 0.074175827205181136 0.30384616553783422 0.27334994077682501 0.70438539981842052 1.0000000180025095e-35 0.75000000000000011 0.81622841954231273 0.35000000149011617 0.27518594264984136 0.85193490982055675 0.80982521176338207 0.90873014926910411 0.74035674333572399 0.75000000000000011 0.80909091234207164 0.22401433438062671 0.76506900787353527 0.24008196592330935 0.75000000000000011 0.97881317138671886 0.46437034010887152 0.22792208194732669 0.5634920895099641 0.027402402833104137 0.87585616111755382 1.0000000180025095e-35 0.70714285969734203 1.0000000180025095e-35 1.0000000180025095e-35 0.51316702365875255 0.43765547871589666
decision_type=2 2 2 2 2 2 2 2 2 2 2 2 2 2 2 2 2 2 2 2 2 2 2 2 2 2 2 2 2 2 2 2 2 2 2 2 2 2 2 2 2 2 2 2
left_child=1 15 4 9 8 6 12 17 -2 11 24 23 21 -7 16 -1 -15 -5 -8 41 -16 -6 -20 38 27 -10 43 35 -11 42 -13 37 39 -25 -28 -4 -37 -9 -3 -27 -21 -17 -30 -19
right_child=2 3 10 7 5 13 18 31 25 28 -12 30 -14 14 20 19 -18 26 22 40 -22 -23 -24 33 -26 32 34 -29 29 -31 -32 -33 -34 -35 -36 36 -38 -39 -40 -41 -42 -43 -44 -45
leaf_value=0.13379898537440191 0.09517264869762046 -0.053545864257574287 0.071632885134911548 0.004553172904626754 0.0019689112418798914 0.087394159262672008 0.089491834754921659 0.015385243989928613 -0.069673515273805067 0.0523081947985208 0.080635881348027891 -0.062861810501455784 0.086328139884803673 -0.084790454275732952 0.013455582912724293 -0.080906466484729586 0.051607871943578534 -0.079407719218391362 0.0051931321527292984 -0.044952163067316246 0.057498611756631596 -0.053415275160618107 0.04372745871822091 -0.0086466112437219907 0.072318388039539244 -0.0056016651685083484 0.055516757938473722 -0.063309992632814865 -0.050447144225310735 0.064168580758707766 -0.007921997483411037 0.076584666556314865 0.048226471325322991 0.18781859299164894 -0.069959010556140164 -0.032296628961203833 0.027783560544764507 0.0548265276332012 -0.077496202513429424 -0.031027314948474067 0.031884164491652073 -0.054700651233658588 -0.0015598430766256229 -0.018231051873360941
leaf_weight=16.892968175932765 130.49451207090169 348.97816243395209 79.843579769134521 1441.1815063171089 252.44719085004181 537.35378384310752 169.16515922080725 185.76980121061206 124.47402394469827 97.279737906530499 3092.3544319942594 108.76568216085434 72.713203634135425 143.21959716361016 338.11730492580682 5066.3158585103229 49.693394151516259 180.28306668903679 719.40159302391112 47.482582930475473 2727.2803264064714 609.81337557453662 684.72491564974189 91.615438863635063 231.43928256630898 1089.5029579428956 45.802969673648477 50.038468077778816 115.30665173567832 51.063715333119035 450.4850636953488 236.80259142071009 64.369186609983444 5.6647652871906748 16.909744242206216 59.333116022869945 311.4484918769449 250.73949973657727 1264.4748460082337 310.61304356530309 58.927950762212276 233.87984408438206 132.67917718738317 49.463689479976892
leaf_count=161 1534 13461 649 6968 1805 8409 2182 2287 3182 1018 74010 7225 548 1653 4377 350822 671 12251 5603 510 45910 6460 8148 2247 4950 5686 1113 251 2070 584 4216 4083 397 157 484 411 2075 3458 81678 1599 443 9778 1821 1276
internal_value=-0.00131833 -0.0493212 0.0412105 -0.019125 0.0265318 0.0351787 0.00917647 0.0114023 -0.00516981 -0.0466829 0.0720051 -0.0558649 -0.0275934 0.0523616 0.0465841 -0.0775673 -0.0496549 -0.0042084 0.031028 -0.0782278 0.0526406 -0.0372002 0.0239845 -0.0680448 0.0355492 -0.0134105 -0.0473837 0.0185521 0.00590762 -0.00918632 -0.0186069 0.0515968 -0.00862844 0.00279384 0.0216837 0.0276423 0.0181694 0.0380411 -0.0723159 -0.0112423 -0.0024018 -0.0797501 -0.0242911 -0.0662366
internal_weight=22344.6 10496.8 11847.8 5073.27 8023.38 6303.93 2508.27 2406.95 1719.45 2666.31 3824.46 2269.98 934.974 3795.66 3258.31 5423.5 192.913 1733.64 1573.29 5406.61 3065.4 862.261 1404.13 1710.73 732.103 1588.96 292.459 500.664 396.329 299.05 559.251 673.312 1464.49 97.2802 62.7127 450.625 370.782 436.509 1613.45 1400.12 106.411 5300.2 247.986 229.747
internal_count=688621 508111 180510 146397 98164 85766 24746 31920 12398 114477 82346 108984 8813 61020 52611 361714 2324 22092 15933 361553 50287 8265 13751 97543 8336 10864 15124 3386 5493 4475 11441 9828 7682 2404 1597 3135 2486 5745 95139 7285 953 360600 3891 13527
is_linear=0
shrinkage=0.08


Tree=37
num_leaves=45
num_cat=0
split_feature=7 7 1 3 12 10 10 4 7 4 12 4 7 7 12 1 12 11 2 4 10 4 10 7 7 3 10 4 2 0 4 3 5 2 2 7 7 4 4 7 12 10 2 1
split_gain=6928.11 1533.14 925.029 345.709 239.8 230.872 206.979 196.038 196.244 141.162 127.989 124.264 90.4117 89.7369 89.1345 62.6839 59.8415 51.3565 47.0443 43.1078 40.9026 39.0549 35.815 32.7022 32.5227 32.1996 28.0094 27.1812 29.188 25.7553 24.9413 23.4022 22.9661 23.7004 21.3348 20.2804 20.1741 19.3401 18.7056 18.6396 21.2173 17.0385 16.2132 15.5507
threshold=0.59940120577812206 1.0000000180025095e-35 0.89377820491790783 0.96684980392456066 1.0000000180025095e-35 1.0000000180025095e-35 1.0000000180025095e-35 0.72077924013137828 0.84237241744995128 0.2264957278966904 1.0000000180025095e-35 0.90873014926910411 0.98974332213401806 0.41191250085830694 1.0000000180025095e-35 0.9634092152118684 1.0000000180025095e-35 0.78351232409477245 0.68020617961883556 0.78888890147209179 1.0000000180025095e-35 0.55050507187843334 0.75000000000000011 0.97156333923339855 0.70638945698738109 0.81530213356018078 1.0000000180025095e-35 0.70714285969734203 0.81530213356018078 1.0000000180025095e-35 0.80909091234207164 0.59516963362693798 1.0000000180025095e-35 0.75123763084411632 0.81530213356018078 0.94925981760025036 0.93369963765144359 0.90873014926910411 0.58571431040763866 0.73721536993980419 1.0000000180025095e-35 0.35000000149011617 0.87007671594619762 0.91704893112182628
decision_type=2 2 2 2 2 2 2 2 2 2 2 2 2 2 2 2 2 2 2 2 2 2 2 2 2 2 2 2 2 2 2 2 2 2 2 2 2 2 2 2 2 2 2 2
left_child=1 9 3 7 17 27 15 8 14 42 12 19 -10 22 24 21 25 -3 29 -9 -20 -4 -6 -12 -2 32 -19 28 38 -15 36 -16 -11 -34 -21 -29 -23 -32 -5 40 -17 -7 -1 -28
right_child=2 4 6 5 13 41 -8 11 10 16 23 -13 -14 18 31 39 -18 26 20 34 -22 30 -24 -25 -26 -27 43 35 -30 -31 37 -33 33 -35 -36 -37 -38 -39 -40 -41 -42 -43 -44 -45
leaf_value=-0.073060472379492189 -0.041114989438178234 -0.079806982352641734 0.068193872607916123 0.030747777571743469 -0.07466685814077556 0.042668904269833295 0.079387381524117728 -0.041551976855073607 0.0055152293038103414 -0.060127600918788257 0.037473397195218701 0.095591428387178712 0.033444398409906921 0.065693069809349594 -0.0044826962551094574 -0.039964147494042764 0.035175736144592705 -0.060407925116881867 -0.013455972019358997 -0.067508620929468952 0.067038959001952211 0.0050244523976771668 0.030761757865983147 0.065050965983058429 -0.011123605702818059 0.0057570263262532815 -0.028593544317797096 -0.025949190263593491 0.049236309666217899 -0.040853149854113813 -0.055926095674917943 0.027165833533829835 0.009331051783283216 -0.05018742121111882 -0.14130002300437272 0.035546305822300041 0.046166460890733729 0.087846511928579715 -0.014654134471663534 0.077327790613038072 0.077286047453453674 0.071988098138059717 0.18836635687671091 0.055848727080043424
leaf_weight=158.2494636233896 377.52952850796282 6016.6910516852513 83.304131116718054 101.45554891973734 182.77960800565779 140.70193326845765 3064.121001649648 101.0261046551168 2011.8001227676868 80.163973320275545 1114.0102546662092 29.766471859067678 1175.0879604071379 16.422848004847765 235.6243735216558 20.277919888496399 402.68012697249651 80.034252787940204 68.325616382062435 39.58529594913125 98.8536596596241 288.30467830225825 23.24441597238183 365.48441804200411 597.86459896154702 1418.1038231030107 28.053354752250016 165.86278320103884 156.83583042398095 125.32707689516246 52.849277839064598 409.23799279332161 136.09015137515962 62.475325489416718 68.413757223635912 43.277083985507488 103.72074196487665 6.753217712044715 135.83272521942854 197.44341680034995 19.258050486445427 1288.9991313479841 1.5329725891351689 27.778368173167109
leaf_count=8287 9982 452118 652 549 9719 2252 78642 810 14404 2809 14091 407 14239 116 1616 185 4393 3421 1038 263 992 1802 179 5286 5511 7719 458 810 939 2905 256 4433 1942 437 431 226 714 59 698 4729 369 27442 9 282
internal_value=-0.00128542 -0.0550203 0.0374159 0.0227841 -0.0743194 0.0515904 0.0700604 0.0138096 0.016512 0.0019342 0.0248408 -0.0573371 0.0158134 -0.0218778 -0.00747503 0.0330365 0.00745075 -0.0787086 0.00539451 -0.0791151 0.0341409 0.0178629 -0.062772 0.044286 -0.0227319 0.00087126 -0.0300698 0.0100874 0.0224575 -0.0285089 0.00857915 0.0156019 -0.0239863 -0.00939545 -0.114253 -0.013224 0.0159097 -0.039636 0.00475802 0.0672879 0.0171487 0.0691027 -0.0705523 0.0134196
internal_weight=21321.2 8926.81 12394.4 8558.4 6667.51 2032.97 3836.03 6525.43 6286.64 2259.3 4666.38 238.792 3186.89 514.953 1620.26 771.911 2099.51 6152.56 308.929 209.025 167.179 534.932 206.024 1479.49 975.394 1696.83 135.866 603.264 394.124 141.75 451.628 644.862 278.729 198.565 107.999 209.14 392.025 59.6025 237.288 236.979 39.536 1429.7 159.782 55.8317
internal_count=688621 496824 191797 104389 471228 32916 87408 71473 69562 25596 48020 1911 28643 14949 21542 8766 17300 456279 5051 1504 2030 3483 9898 19377 15493 12907 4161 3222 2186 3021 2831 6049 5188 2379 694 1036 2516 315 1247 5283 554 29694 8296 740
is_linear=0
shrinkage=0.08


Tree=38
num_leaves=45
num_cat=0
split_feature=7 7 1 3 12 4 8 12 6 4 4 7 1 7 7 12 7 12 11 12 6 3 4 7 3 6 0 12 8 3 2 6 4 6 1 0 11 2 4 3 4 7 2 4
split_gain=6192.67 1466.95 885.602 317.508 236.166 169.953 178.172 179.416 158.193 162.713 127.64 92.213 86.1216 82.4298 67.9499 63.9128 53.2607 52.2868 52.094 43.5111 42.1186 40.8543 39.6808 36.968 28.1708 42.9726 28.0326 27.196 26.632 25.6892 23.1575 23.0641 20.3848 17.5899 17.1507 18.6946 16.8888 16.2233 16.1802 29.8689 52.5368 15.7741 15.4539 15.355
threshold=0.59940120577812206 1.0000000180025095e-35 0.89377820491790783 0.98213717341423046 1.0000000180025095e-35 0.72077924013137828 0.90021643042564403 1.0000000180025095e-35 0.19292803853750232 0.90873014926910411 0.2264957278966904 0.98469346761703502 0.9634092152118684 0.45341086387634283 0.70638945698738109 1.0000000180025095e-35 0.93369963765144359 1.0000000180025095e-35 0.78351232409477245 1.0000000180025095e-35 0.072077922523021712 0.59516963362693798 0.55050507187843334 0.98974332213401806 0.85880398750305187 0.095695972442626967 0.99504950642585765 1.0000000180025095e-35 0.38046129047870642 0.62593284249305736 0.81530213356018078 1.0000000180025095e-35 0.70714285969734203 0.15450928360223773 0.87007671594619762 0.20601238310337069 0.8535020947456361 0.51316702365875255 0.80909091234207164 0.97259759902954113 0.90873014926910411 0.88473191857337963 0.67962265014648449 0.80909091234207164
decision_type=2 2 2 2 2 2 2 2 2 2 2 2 2 2 2 2 2 2 2 2 2 2 2 2 2 2 2 2 2 2 2 2 2 2 2 2 2 2 2 2 2 2 2 2
left_child=1 10 3 5 18 6 7 14 -7 30 -1 15 16 34 -2 26 19 24 -3 22 37 -9 -4 27 25 -12 -5 -8 -22 -25 -10 -24 -28 -20 35 -6 -14 -15 -18 40 -40 -17 -30 -27
right_child=2 4 12 11 13 8 23 21 9 -11 17 -13 36 20 -16 41 38 -19 33 -21 28 -23 31 29 -26 43 32 -29 42 -31 -32 -33 -34 -35 -36 -37 -38 -39 39 -41 -42 -43 -44 -45
leaf_value=-0.069657879702404571 -0.03801850714393596 -0.079618622868772526 0.077071132102779216 0.099124409523498699 0.1182950934842151 0.084079464880721544 0.017251694105225996 0.010932456281409146 -0.083617488710057392 0.09432420470156222 0.012217142916887677 0.079882100616127924 0.021853839413007781 -0.083057731786900832 -0.0010600279968679715 0.045284183802860575 0.073518250008845307 0.03318663175424507 0.0041648882974772254 0.056654610022886666 0.10181160272616445 0.037779816400939623 -0.055621457031017701 0.036648558145450767 0.0065167146475352423 -0.043893648432120395 0.029242063794900144 0.044047531838399927 -0.040027096719176071 0.064875007054647757 -0.14323630571320012 0.015436026577087307 -0.00028380064877195138 -0.054743838979804206 -0.014261633725979592 -0.068901879689870965 0.081043788817521473 0.072887749012550518 -0.23722681572135862 0.062861305275621573 0.085583949461378359 0.069312873384660106 0.0085476008514586282 0.10327932922780399
leaf_weight=149.34627300314605 368.61104012280703 5566.7198417009786 63.702669948339462 29.356324080377817 3.4780123867094508 43.848262500017881 759.08561298251152 572.305195517838 81.681097328662872 28.008840654045343 172.41274222917855 496.47496604919434 31.348852910101414 4.5597468614578238 2336.1774541158229 364.27448387816548 720.88749764487147 393.07866615056992 58.192824550904334 497.84593497216702 12.79503010958433 990.73436237871647 33.007164712995291 519.00216166302562 1294.3076514564455 220.35632423125207 442.23730273544788 356.14123432338238 92.000292083248496 342.55899876356125 85.18064957857132 255.78241290152073 226.19481800869107 73.304682960733771 53.698076603934169 186.31418520398438 1946.6923523359001 67.066546684131026 6.5553474836051446 37.271552685648203 6.3542643040418625 336.24615666642785 77.001603228971362 4.6324307769536963
leaf_count=8296 10001 452118 960 357 50 453 6072 4958 525 411 1873 12321 419 134 18507 5467 17338 4393 1432 9610 105 13210 359 5724 6534 4481 5002 5299 1707 6555 541 3318 2400 2729 1869 9717 54392 708 72 803 137 6586 659 19
internal_value=-0.00125598 -0.0537888 0.0357142 0.0214559 -0.0738304 0.0130366 0.0155691 0.00637233 -0.0532102 -0.0841021 0.00178549 0.0502639 0.0689022 -0.0209369 -0.00609676 0.0397478 0.0552343 0.00690342 -0.078443 0.0414274 0.0110012 0.0279497 0.019921 0.0354246 0.000796364 -0.0178344 0.022611 0.0258088 -0.00947014 0.0478715 -0.114052 0.00731452 0.0192506 -0.0286744 -0.0541779 -0.0654714 0.0801057 0.0629602 0.0704607 0.026537 -0.0783355 0.0568178 -0.0178952 -0.0408634
internal_weight=20406.8 8429.26 11977.6 8378.12 6195.13 6483.33 6244.62 4267.83 238.719 194.871 2234.13 1894.78 3599.45 496.913 2704.79 1398.31 1621.41 2084.79 5698.22 850.338 253.423 1563.04 352.492 1976.79 1691.71 397.401 697.788 1115.23 181.797 861.561 166.862 288.79 668.432 131.498 243.49 189.792 1978.04 71.6263 771.069 50.1812 12.9096 700.521 169.002 224.989
internal_count=688621 496824 191797 104389 471228 72256 70326 46676 1930 1477 25596 32133 87408 14949 28508 19812 32597 17300 456279 14247 3313 18168 4637 23650 12907 6373 7759 11371 2471 12279 1066 3677 7402 4161 11636 9767 54811 842 18350 1012 209 12053 2366 4500
is_linear=0
shrinkage=0.08


Tree=39
num_leaves=45
num_cat=0
split_feature=7 7 1 3 10 12 10 10 3 1 4 6 4 4 10 4 7 1 3 6 4 12 4 7 2 10 4 3 10 4 2 10 1 6 3 4 4 7 2 1 10 6 10 7
split_gain=5597.55 1395.54 812.697 304.991 218.337 196.437 196.149 161.009 292.977 355.372 298.844 328.329 281.589 229.579 138.084 114.017 66.9027 66.419 65.9097 110.381 77.5852 47.8448 45.7554 36.1542 52.112 46.7129 50.1533 35.9158 47.0453 34.5867 46.7705 27.445 26.2122 25.6298 44.4111 33.869 23.6202 23.1228 21.2828 19.6444 18.4785 18.0405 18.8271 16.5304
threshold=0.5893288552761079 1.0000000180025095e-35 0.90366768836975109 0.98213717341423046 0.35000000149011617 1.0000000180025095e-35 1.0000000180025095e-35 1.0000000180025095e-35 0.61435899138450634 0.25866188108921057 0.095454547554254546 0.20185185223817828 0.074175827205181136 0.30384616553783422 0.75000000000000011 0.2264957278966904 0.41191250085830694 0.9634092152118684 0.908033847808838 0.11834733933210374 0.47727273404598242 1.0000000180025095e-35 0.58571431040763866 0.51628047227859508 0.78086888790130626 1.0000000180025095e-35 0.55050507187843334 0.77303028106689464 1.0000000180025095e-35 0.70714285969734203 0.81530213356018078 0.35000000149011617 0.68870675563812267 0.027402402833104137 0.9634092152118684 0.80909091234207164 0.11805555596947671 0.72245565056800853 0.87206766009330761 0.85857143998146068 0.35000000149011617 0.56306818127632152 0.75000000000000011 0.73721536993980419
decision_type=2 2 2 2 2 2 2 2 2 2 2 2 2 2 2 2 2 2 2 2 2 2 2 2 2 2 2 2 2 2 2 2 2 2 2 2 2 2 2 2 2 2 2 2
left_child=1 15 3 7 29 23 17 12 9 14 -10 -12 -2 -11 -9 -1 31 22 19 -14 -20 32 -4 -3 -25 -26 -27 41 36 30 37 -7 38 34 -24 -35 -29 -5 -17 40 -23 -18 -43 -19
right_child=2 5 6 4 -6 16 -8 8 10 13 11 -13 18 -15 -16 21 27 43 20 -21 -22 39 33 24 25 26 -28 28 -30 -31 -32 -33 -34 35 -36 -37 -38 -39 -40 -41 -42 42 -44 -45
leaf_value=-0.069063205251623835 0.093509902089891073 -0.080161050882769008 0.073251222754352613 -0.063277874710541221 0.070175852621487081 -0.073414502081858291 0.078789391740226339 0.091587859664188184 0.091068397100257562 -0.050161615612801067 0.044794410482838533 -0.031500457799987558 0.017449759183666088 0.074809473528746923 0.015265644220662738 -0.025059677530358045 -0.051634693039838489 0.019747677128660643 0.02006435300559203 -0.044511367471392824 -0.079347508878047951 0.019813775963366146 -0.02685025944637098 -0.068395180273476311 -0.055554463160123947 0.32775190675773458 0.040486983918209311 0.22070467740135222 0.061967466464322572 -0.0067420216015409542 0.059023723944695607 0.017275711589477286 0.0042864457432429098 0.020333027021045839 -0.26928920269687651 -0.050590090500980407 -0.034811729677031139 0.015285572646775972 0.21917381740575231 0.048244811461495188 -0.071728065650608422 0.20036425620964793 -0.0018061151880722074 0.076713841268427535
leaf_weight=139.36392733640969 138.16040677856654 4926.4294664366171 64.248066976666451 26.398350529372692 1195.7726873680949 158.91026486083865 2513.5083882845938 165.67607483267784 555.15553048253059 890.65295754279941 1326.0725897420198 496.02444496192038 351.20830301567912 105.19046828057617 1799.9863847317174 266.595877610147 85.314694916829467 40.28376105800271 63.153116215951741 386.51418487727642 245.79520937427878 157.81691856682301 45.687057949602604 254.86183850932866 31.602145715616643 4.5556023688986924 26.609675946645439 2.4011780004948369 93.987115357071161 283.45412405207753 192.4767821803689 24.671822210773826 1410.6681357771158 260.65745640359819 5.4082166850566855 51.628372725099325 64.817194537259638 261.30387772619724 2.3032139837741843 204.29627652466297 15.498554803431032 3.349899121560159 24.572349237278104 170.93488018587232
leaf_count=8309 1713 432703 579 188 28962 9619 74571 2261 9261 9954 20774 5975 2640 1009 16076 4985 2342 575 342 4499 1182 1390 279 20008 1367 165 238 15 921 2004 1794 288 7867 1774 28 277 1069 1966 10 2812 121 51 372 4730
internal_value=-0.00123874 -0.0532153 0.0340454 0.0211567 0.0488351 -0.0740861 0.0687288 0.0128434 0.0187642 0.0019735 0.0396814 0.0240249 -0.0138353 -0.036961 0.0216985 0.000963939 -0.0238432 0.0291459 -0.0280049 -0.0150135 -0.0590264 0.00570794 0.0110171 -0.0784744 -0.0523142 0.0129815 0.0824781 0.00116351 0.0254191 0.0154176 0.0284986 -0.0612265 -7.69544e-05 1.37248e-05 -0.0525114 0.00860773 -0.0256842 0.00807692 -0.0229677 0.0314384 0.0116277 -0.033367 0.0224487 0.0658492
internal_weight=19534 7898.63 11635.4 8483 1959.41 5702.08 3152.36 6523.59 5338.76 2961.51 2377.25 1822.1 1184.83 995.843 1965.66 2196.54 458.025 638.848 1046.67 737.722 308.948 2057.18 427.629 5244.06 317.629 62.7674 31.1653 274.442 161.205 763.633 480.179 183.582 1679.57 363.381 51.0953 312.286 67.2184 287.702 268.899 377.612 173.315 113.237 27.9222 211.219
internal_count=688065 494652 193413 110600 34914 469158 82813 75686 65310 29300 36010 26749 10376 10963 18337 25494 14677 8242 8663 7139 1524 17185 2937 454481 21778 1770 403 4770 2005 5952 3948 9907 12862 2358 307 2051 1084 2154 4995 4323 1511 2765 423 5305
is_linear=0
shrinkage=0.08


Tree=40
num_leaves=45
num_cat=0
split_feature=8 10 1 3 10 3 4 12 2 10 4 4 4 3 2 6 8 0 3 3 6 4 11 1 6 12 8 10 4 2 4 1 10 12 0 11 3 4 11 12 11 4 12 4
split_gain=4617.49 1153 694.534 446.436 295.133 522.398 179.067 172.609 155.322 145.358 138.346 110.67 350.026 254.273 140.946 142.573 109.953 87.7364 76.2314 76.8037 97.695 72.4704 67.8247 58.3456 53.059 52.2729 47.7559 46.3865 46.2758 39.6366 38.093 36.3681 34.8114 29.8072 29.2666 24.2612 23.5974 22.3514 22.1771 21.2836 21.2418 24.0864 21.0752 20.0958
threshold=0.53365698456764232 1.0000000180025095e-35 0.91545844078063976 0.81530213356018078 1.0000000180025095e-35 0.84475743770599376 0.064583335071802153 1.0000000180025095e-35 0.22401433438062671 1.0000000180025095e-35 0.47727273404598242 0.30384616553783422 0.074175827205181136 0.57836258411407482 0.71010184288024913 0.14415584504604342 1.0000000180025095e-35 0.27334994077682501 0.98213717341423046 0.908033847808838 0.11834733933210374 0.47727273404598242 0.81622841954231273 0.9634092152118684 0.17445652186870578 1.0000000180025095e-35 0.49085332453250891 0.75000000000000011 0.44949495792388922 0.75123763084411632 0.58571431040763866 0.66323024034500133 0.75000000000000011 1.0000000180025095e-35 0.99504950642585765 0.75343364477157604 0.61435899138450634 0.83974358439445507 0.24008196592330935 1.0000000180025095e-35 0.99925094842910778 0.12916667014360431 1.0000000180025095e-35 0.11805555596947671
decision_type=2 2 2 2 2 2 2 2 2 2 2 2 2 2 2 2 2 2 2 2 2 2 2 2 2 2 2 2 2 2 2 2 2 2 2 2 2 2 2 2 2 2 2 2
left_child=1 17 4 8 6 11 -2 16 25 23 33 12 13 -6 28 -16 -5 -1 19 20 -8 -21 39 30 29 32 -18 -7 -13 -12 -4 -14 -3 -10 -20 43 -35 -32 -34 -19 41 -29 -24 -9
right_child=2 3 9 7 5 27 18 35 10 -11 24 14 31 -15 15 -17 26 22 34 21 -22 -23 42 -25 -26 -27 -28 40 -30 -31 37 -33 38 36 -36 -37 -38 -39 -40 -41 -42 -43 -44 -45
leaf_value=0.12819144503778712 0.091243204716280391 0.1172144262547045 0.078327501608519312 0.0037296537710857901 0.0040389695201504356 0.034633422662877902 0.019256988481331037 0.12149294223785996 -0.074123209812913884 0.079364714983660212 0.035364211689794728 0.023916513005490372 -0.10020241633731006 0.090709241257478285 0.033772440241459922 -0.068583736047805571 -0.065740308559802105 -0.080434030599443651 0.10378673941477617 0.018375232591399945 -0.039468979056418461 -0.075728528629344996 -0.052917360075769651 0.065778282260238574 -0.061616748081137339 0.048720847360524941 0.03854716033665511 0.084908367712821925 0.071971202341989587 -0.040679876906424738 0.0038386689268429543 0.00076300322679816114 -0.060553139371736349 -0.068381720953223132 0.0061058951098897996 0.069915955772359178 -0.0089570332825903275 -0.10120267256141166 -0.013825636662814564 -0.052839853319505581 0.081923520304533565 0.057059134215429241 0.029476406711052845 0.030397087228210596
leaf_weight=13.306055363267658 114.27457696665078 11.814481024630366 44.608636111952364 1422.7899702535942 2187.6402796693146 372.22115567419678 353.00312499888241 16.228472119197249 1047.5994450962171 2091.9165140995756 150.38207435980439 180.41769314650446 211.1459665633738 240.45268981717527 235.76682301796973 138.11550247576088 227.712391926907 3690.5051383348182 20.248345538973808 65.114785300567746 372.72268182318658 267.70409803278744 34.397069323807955 195.28104060236365 84.992397187277675 88.39258324354887 32.05876671988517 233.77896844595671 443.55964624322951 61.934674474410713 251.26124078128487 25.600965303368866 78.536256701685488 83.957770252600312 643.4758562175557 188.38325930759311 87.171205285936594 13.670125454664229 377.2599035045132 188.00453225057572 398.59683674387634 1326.7972564790398 47.039057038724422 344.52635954879224
leaf_count=145 1606 137 450 8205 23373 7353 2953 219 84511 67133 2743 1864 2957 2923 3568 1253 18612 349044 138 383 5125 1328 396 5223 2430 955 566 5335 5653 1200 1707 292 6982 1787 3730 4234 1358 82 3656 9717 11780 29907 381 4671
internal_value=-0.00120062 -0.0458148 0.034213 -0.0171256 0.0223235 0.0309203 -0.00573483 0.0077016 -0.0438658 0.0700667 -0.0571303 0.0120779 0.00356843 0.0126219 0.0348029 -0.00403885 -0.00500879 -0.0768902 -0.0121694 -0.0254968 -0.0109039 -0.0573175 -0.0775793 0.0315367 -0.00820125 -0.00769795 -0.05287 0.0605223 0.0580766 0.0131815 0.00993454 -0.0892844 -0.0183628 -0.0690666 0.00908586 0.0466463 -0.0381114 -0.00158133 -0.021877 -0.0790964 0.065441 0.061231 -0.00532515 0.034495
internal_weight=18704.4 8276.99 10427.4 4303.74 7830.64 5994.09 1836.54 2231.7 2072.04 2596.74 1516.04 3662.7 2664.84 2428.09 997.86 373.882 1682.56 3973.25 1722.27 1058.54 725.726 332.819 3959.95 504.821 297.309 556.003 259.771 2331.39 623.977 212.317 309.54 236.747 467.611 1218.73 663.724 549.138 171.129 264.931 455.796 3878.51 1959.17 1560.58 81.4361 360.755
internal_count=688065 501949 186116 142266 111521 96258 15263 36507 105759 74595 94029 41883 29545 26296 12338 4821 27383 359683 13657 9789 8078 1711 359538 7462 6373 11730 19178 54375 7517 3943 2239 3249 10775 87656 3868 9124 3145 1789 10638 358761 47022 35242 777 4890
is_linear=0
shrinkage=0.08


Tree=41
num_leaves=45
num_cat=0
split_feature=7 8 1 7 3 10 4 10 4 6 12 8 3 4 12 7 1 12 10 1 10 12 3 4 10 5 11 5 3 4 6 4 6 3 6 7 8 1 5 7 11 6 4 6
split_gain=4488.81 1101.81 673.612 444.68 245.908 207.837 147.543 129.594 115.88 139.886 114.009 116.263 106.792 98.4058 90.8326 67.9681 60.9546 55.8187 49.1621 44.1762 43.7888 42.1052 37.6792 28.2967 27.0806 24.9872 24.4048 23.8963 34.9306 22.7084 22.7765 22.2666 26.1872 20.3164 58.1086 20.2726 22.4707 18.4839 18.0594 17.4108 16.7588 18.1141 16.6999 26.8744
threshold=0.67658114433288585 0.22611077129840854 0.91545844078063976 0.54416766762733471 0.98213717341423046 1.0000000180025095e-35 0.72077924013137828 1.0000000180025095e-35 0.88194444775581371 0.15450928360223773 1.0000000180025095e-35 0.91506350040435802 0.87206766009330761 0.2264957278966904 1.0000000180025095e-35 0.94349297881126415 0.9634092152118684 1.0000000180025095e-35 0.75000000000000011 0.88548010587692272 1.0000000180025095e-35 1.0000000180025095e-35 0.28869047760963445 0.5634920895099641 0.35000000149011617 1.0000000180025095e-35 0.99925094842910778 1.0000000180025095e-35 0.90521115064620983 0.12916667014360431 0.32200460135936743 0.70714285969734203 0.29198718070983892 0.93201079964637767 0.089898992329835906 0.41277122497558599 0.32525222003459936 0.88548010587692272 1.0000000180025095e-35 0.37053000926971441 0.99925094842910778 0.30839161574840551 0.47727273404598242 0.19399641454219821
decision_type=2 2 2 2 2 2 2 2 2 2 2 2 2 2 2 2 2 2 2 2 2 2 2 2 2 2 2 2 2 2 2 2 2 2 2 2 2 2 2 2 2 2 2 2
left_child=1 13 4 14 6 25 10 16 9 -8 11 22 17 -1 -3 20 23 -5 29 35 -12 27 -2 -4 -13 -6 -11 28 -15 -14 -31 32 -27 -25 -35 -16 -37 38 -23 -21 41 -7 -19 -44
right_child=2 3 7 12 5 40 8 -9 -10 26 15 24 18 21 19 -17 -18 42 -20 39 -22 37 -24 33 -26 31 -28 -29 -30 30 -32 -33 -34 34 -36 36 -38 -39 -40 -41 -42 -43 43 -45
leaf_value=-0.065497855762453011 0.01106850551323099 -0.079378360729419867 0.078389600515505489 -0.051136814056623785 -0.053879427836427407 0.06963994526025534 0.080975937610715046 0.079340108682489988 0.09707413981986926 -0.10421516452014987 -0.0042292248603948163 0.006053210228554191 0.1521227582410655 -0.053514633393414168 -0.07420361505363246 0.053795136097701673 0.0715974223005129 -0.0085203285363685578 0.07012176294982575 -0.040571256202868902 0.030306771732845225 -0.046151680076769723 -0.0088111284132807704 0.047573308589208808 0.034718223822130932 0.057027698072592614 -0.0047574177002049451 0.0030365067423242537 0.016520485893294395 0.011409895885701625 -0.056386486861789785 -0.0035890929228471953 0.010842734305820469 -0.085078610590984025 0.01388221183637605 0.16489754039025911 -0.035004309974409384 0.048647025168114554 0.02273130715825292 0.042916397722863188 0.079451292632039247 0.045672955441112308 0.084950717556786931 -0.098063852038461644
leaf_weight=135.25961380638182 1000.9657503515482 4320.1402704697102 34.849447149783373 372.46956688072532 36.796576745808125 488.36261796206236 34.447161449119449 1952.3568424023688 31.572277909144759 165.75180507265031 310.15292382054031 267.86240695975721 6.2387635000050059 119.77519590593874 128.79970919061452 644.33871831931174 162.23102377913892 121.22897670790553 103.48194370511919 22.907890928909183 969.2022665720433 28.528466617688537 1562.9898581113666 49.987483441829681 992.36779713258147 122.83719269931316 17.452368095517159 1483.7135921446607 73.575587623752654 149.24063850659877 40.272190033458173 260.24227598309517 218.03884058445692 49.45995819568634 163.53321129083633 3.7068466693162909 123.51955393794924 171.75782768800855 166.66987933032215 52.911214515566826 412.74914655275643 343.97343566641212 29.868230171501637 6.2012340277433387
leaf_count=9361 6639 441448 400 19631 218 13015 424 68088 529 1104 2040 1865 50 3978 8273 10989 5046 1136 1875 1002 13752 266 16083 350 13790 855 168 9467 500 1649 510 1387 1180 324 1080 35 3151 2574 1698 917 12995 7834 349 40
internal_value=-0.00116032 -0.0475294 0.0333501 -0.0666609 0.0220263 0.0472469 0.0141074 0.0703392 -0.0461539 -0.0669304 0.0167203 0.00872922 -0.0126818 0.000587059 -0.0762802 0.032606 0.0321423 -0.0342614 0.0255232 -0.035946 0.0219342 0.00496012 -0.00105014 0.0106508 0.0286255 0.0101152 -0.0947406 -0.000410786 -0.0268642 0.00194671 -0.00299709 0.0140326 0.0274858 0.00167422 -0.00909786 -0.0518301 -0.02918 0.0295062 0.012664 0.0176915 0.0662712 0.0597353 0.00569809 0.053486
internal_weight=17952.8 7660.27 10292.5 5480.99 7880.1 1883 5997.1 2412.42 249.224 217.651 5747.88 3824.19 829.002 2179.28 4651.99 1923.69 460.061 529.768 299.234 331.845 1279.36 2044.02 2563.96 297.83 1260.23 637.915 183.204 1677.06 193.351 195.752 189.513 601.118 340.876 262.981 212.993 256.026 127.226 366.956 195.198 75.8191 1245.09 832.336 157.298 36.0695
internal_count=688065 507910 180155 480066 104867 37484 67383 75288 2225 1696 65158 38377 25240 27844 454826 26781 7200 21156 4084 13378 15792 18483 22722 2154 15655 3640 1272 13945 4478 2209 2159 3422 2035 1754 1404 11459 3186 4538 1964 1919 33844 20849 1525 389
is_linear=0
shrinkage=0.08


Tree=42
num_leaves=45
num_cat=0
split_feature=8 10 1 3 10 3 12 2 0 5 0 3 2 10 6 8 5 10 0 11 3 3 6 5 12 8 10 10 10 11 12 8 11 1 3 6 11 6 2 10 2 0 6 12
split_gain=3645.81 1062.58 655.399 373.712 256.271 532.136 143.792 123.792 109.812 103.256 226.672 169.759 152.479 102.116 98.1784 93.0245 89.3071 81.2932 79.3913 67.8024 54.5636 54.041 94.5235 72.6839 53.8148 59.5088 43.6052 40.5811 34.2338 33.9239 31.1215 30.6061 27.0716 26.5189 29.9018 25.1073 23.3498 22.9731 77.7833 22.4254 22.0552 21.941 20.8849 20.7044
threshold=0.5219806730747224 1.0000000180025095e-35 0.92805382609367382 0.81754159927368175 1.0000000180025095e-35 0.83910790085792553 1.0000000180025095e-35 0.22401433438062671 0.45035210251808172 1.0000000180025095e-35 0.24440020322799685 0.59675306081771862 0.71010184288024913 0.75000000000000011 0.14415584504604342 1.0000000180025095e-35 1.0000000180025095e-35 1.0000000180025095e-35 0.27334994077682501 0.81622841954231273 0.98213717341423046 0.908033847808838 0.11834733933210374 1.0000000180025095e-35 1.0000000180025095e-35 1.0000000180025095e-35 0.35000000149011617 0.75000000000000011 0.75000000000000011 0.8535020947456361 1.0000000180025095e-35 0.90952175855636608 0.99925094842910778 0.9634092152118684 0.95040982961654674 0.21913109719753268 0.89163014292716991 0.089898992329835906 0.95040982961654674 0.75000000000000011 0.8216732144355775 0.99504950642585765 0.22335600852966311 1.0000000180025095e-35
decision_type=2 2 2 2 2 2 2 2 2 2 2 2 2 2 2 2 2 2 2 2 2 2 2 2 2 2 2 2 2 2 2 2 2 2 2 2 2 2 2 2 2 2 2 2
left_child=1 18 4 7 8 9 15 27 -2 10 13 -12 39 -6 -14 -5 29 33 -1 -20 21 22 -10 -23 25 -18 31 -3 -17 -9 -29 -7 -28 34 -4 -30 43 38 -36 -11 -33 -22 -8 -35
right_child=2 3 17 6 5 26 42 16 20 12 11 -13 14 -15 -16 28 24 -19 19 -21 41 23 -24 -25 -26 -27 32 30 35 -31 -32 40 -34 36 37 -37 -38 -39 -40 -41 -42 -43 -44 -45
leaf_value=0.13236963100472793 0.098436421452556364 0.11279097713983598 0.065473737619688471 0.0032197954444888382 0.090738305215637971 0.039793808002594452 0.055706197593093913 -0.072263134570578924 0.021188216649227275 0.027751586819686654 -0.042013852589917813 0.01587313879458704 0.029225327745226393 0.017678545697674481 -0.06389223357266223 -0.067430358197155746 -0.014842569710635372 0.0790798796808245 -0.078894082063768259 0.0014948043778417461 0.09157244460601828 0.036301170813986691 -0.034199119853184377 -0.058880292486431347 0.022725703620114421 -0.07862971834080805 0.057916913499101316 -0.021059986208101428 0.068335444743975876 0.065578171898782095 0.035349459592205777 -0.095807034844079889 0.081296283692934776 -0.0436601738998093 -0.23788597897683023 -0.056737947396573729 0.075647268483607019 0.016383373573985855 0.018933390814440943 0.073975676726313402 0.020038930491438591 0.0066139615789241549 0.01979088339007572 0.069597801150887775
leaf_weight=11.601977647282181 63.896826379001141 17.055263181217015 57.491897130385041 1432.7061536172405 135.03493535891175 230.33237139694393 345.68333153054118 840.42278027534485 388.15949351061136 82.388036326505244 880.78538360819221 513.11024623550475 180.21423297282308 1312.4908697232604 121.20224680285901 180.8950956845656 223.97376245353371 1641.5993771059439 3306.2685269955546 68.539990147575736 20.000460970215499 61.147986420430243 400.82908369973302 320.34325075149536 106.63140452280641 160.81075204722583 1665.4078604672104 423.01323985029012 23.226283823139966 11.584366904571651 73.465385209769011 19.806679271161556 391.48956916667521 22.929810849018395 10.790028460323809 18.416764321736991 138.17688620090485 99.743297648616135 25.116959635168314 363.68864163197577 22.427582630887628 712.89684484805912 147.98142622224987 18.799423962831497
leaf_count=138 939 229 522 8307 2086 4287 6475 68839 3702 1208 10981 7064 2803 13528 1075 17161 5321 61187 357193 677 151 532 6415 1745 1569 16840 42392 10323 922 201 793 345 13432 270 67 920 4696 677 223 4587 562 4295 2236 345
internal_value=-0.00104473 -0.0435548 0.0306964 -0.0156677 0.0202924 0.0286072 0.00704676 -0.0419533 -0.00472197 0.009281 0.00232111 -0.0207049 0.0357374 0.0244941 -0.00821807 -0.00425469 -0.054724 0.0714192 -0.0765432 -0.0772614 -0.00818503 -0.0189031 -0.00695016 -0.043624 -0.0275644 -0.0415008 0.0583823 -0.00854474 -0.0523756 -0.070389 -0.0127129 0.0283146 0.0623667 0.0377085 0.0171226 0.0130214 0.0598089 -0.00336981 -0.0582407 0.0654383 -0.0342896 0.00893244 0.0449402 0.00736364
internal_weight=17292.6 7392.28 9900.3 4005.87 7885.65 5918.38 2148.91 1856.96 1967.27 3588.91 2841.42 1393.9 747.493 1447.53 301.416 1655.24 1343.42 2014.65 3386.41 3374.81 1903.38 1170.48 788.989 381.491 491.416 384.785 2329.46 513.534 222.538 852.007 496.479 272.567 2056.9 373.048 193.142 41.643 179.906 135.65 35.907 446.077 42.2343 732.897 493.665 41.7292
internal_count=688260 498144 190116 140136 122129 104350 36021 104115 17779 43332 33659 18045 9673 15614 3878 27310 92770 67987 358008 357870 16840 12394 10117 2277 23730 22161 61018 11345 19003 69040 11116 5194 55824 6800 1489 1842 5311 967 290 5795 907 4446 8711 615
is_linear=0
shrinkage=0.08


Tree=43
num_leaves=45
num_cat=0
split_feature=7 8 1 3 10 10 12 2 3 4 4 10 10 3 4 0 4 8 3 3 7 7 11 4 3 12 2 3 12 8 12 4 3 4 10 1 11 4 1 10 1 7 12 1
split_gain=3558.62 1224.39 667.004 251.332 435.016 141.763 137.774 121.823 203.907 183.271 424.211 153.879 131.024 119.265 92.6365 73.5862 69.3379 68.3481 60.7168 72.7517 43.1737 42.2646 40.3541 37.1051 37.2085 33.8975 33.707 32.2709 31.3876 30.0534 28.0429 27.8656 27.7516 38.8513 27.7439 24.3017 22.6831 17.5184 17.2651 17.1528 17.6383 16.241 17.7397 15.4268
threshold=0.57214644551277172 0.22611077129840854 0.91545844078063976 0.82952776551246654 0.35000000149011617 1.0000000180025095e-35 1.0000000180025095e-35 0.22401433438062671 0.49205549061298376 0.064583335071802153 0.30384616553783422 0.75000000000000011 0.75000000000000011 0.56980520486831676 0.27922078967094427 0.28778468072414404 0.095454547554254546 0.82774659991264354 0.98213717341423046 0.908033847808838 0.41277122497558599 0.98974332213401806 0.78351232409477245 0.12916667014360431 0.97700846195220958 1.0000000180025095e-35 0.9569842815399171 0.93201079964637767 1.0000000180025095e-35 0.37937848269939428 1.0000000180025095e-35 0.70714285969734203 0.64565756916999828 0.095454547554254546 0.75000000000000011 0.80229884386062633 0.35913865268230444 0.76388889551162731 0.40778534114360815 1.0000000180025095e-35 0.92907443642616283 0.97570812702178966 1.0000000180025095e-35 0.98147514462471019
decision_type=2 2 2 2 2 2 2 2 2 2 2 2 2 2 2 2 2 2 2 2 2 2 2 2 2 2 2 2 2 2 2 2 2 2 2 2 2 2 2 2 2 2 2 2
left_child=1 14 3 7 16 26 22 11 12 13 -11 -2 -9 -10 28 -14 -5 25 19 -18 34 23 -3 -6 -25 -13 27 -4 -1 -22 37 -20 -31 -34 -8 -32 -19 43 -30 -24 -41 42 -29 -16
right_child=2 6 5 4 21 -7 20 8 9 10 -12 17 15 -15 30 -17 18 36 31 -21 29 -23 39 24 -26 -27 -28 41 38 32 35 -33 33 -35 -36 -37 -38 -39 -40 40 -42 -43 -44 -45
leaf_value=-0.06902758517312263 0.090312742329416718 -0.079102750212116005 0.052185182865184726 0.085576381687896164 0.085867829622468222 0.077431252475208129 -0.073715179480830853 0.11177796075984739 -0.0055725031334715024 -0.087509632878259969 0.017067296384368259 -0.0052474608738276975 -0.015809606473977115 0.090665046935097512 -0.0027219279126470498 -0.066609360105515089 0.0078742612124282369 -0.078849098512805443 0.027063830010152778 -0.041838801679439944 0.10012487209864773 0.077306431318791391 -0.052222555802071295 0.030366922331952626 0.058777462887733299 0.033689197056425431 0.058686499891626144 -0.026621021141010719 0.23895786890064358 -0.060038579613444484 -0.0017301153228441721 -0.0029963667040065196 0.16603587854967519 -0.0044799963647729566 0.026540208566122079 0.04282247062975323 0.038038654257687779 0.015423213106176658 0.011167025149572416 -0.033111917809688911 0.084786576380231932 0.080326435479533789 0.02058525707333753 -0.11126999961857313
leaf_weight=146.75008323043585 183.84458714723587 3739.1760237282142 98.114129995927215 62.205104295164347 173.33530478365719 1740.4462004099041 127.13363688066602 34.906220213510096 123.38445026241243 310.2822447065264 1241.7484193015844 881.79923295602202 300.03807929437608 248.19610810559243 1209.7759563932195 465.83881115540862 377.96068485081196 10.836804397404192 476.45275343116373 375.64857120718807 16.486780192703009 563.16008411347866 48.389566453173757 527.22906243335456 669.88018233515322 170.81657838821411 159.57189498469234 130.34966418892145 2.4505371488630798 56.01305958814919 122.92295071203262 336.93108947761357 9.1290319031104428 135.24064083304256 20.516617158427835 216.11722687631845 544.54875287413597 422.98784438148141 16.254563444294035 17.102212539874017 15.464943272992967 14.149653259664772 83.638558555394411 8.437813410535453
leaf_count=11324 2961 445652 1491 1253 4322 69253 9558 323 1360 6761 14473 6296 2868 2966 9598 6483 2784 98 4170 2371 259 19376 3237 10704 18939 1679 4583 800 29 1788 1141 2545 97 2255 171 3324 7127 2159 236 411 223 143 632 37
internal_value=-0.00100593 -0.0482152 0.0279938 0.0173099 0.0331963 0.0667655 -0.0734089 0.00477725 -0.00587845 0.0082427 -0.00383974 0.0209786 -0.0397997 0.0587091 0.000918733 -0.0467082 0.00274235 0.0130515 -0.000545923 -0.016906 -0.026417 0.0588559 -0.0778929 0.051274 0.0462649 0.00107111 0.0285558 0.0138187 -0.0565876 -0.00369964 0.00572356 0.0146119 -0.0122419 0.00630236 -0.0597843 0.0266694 0.0357579 0.00139656 0.0410097 -0.0220129 0.0228737 -0.0026814 -0.00817017 -0.00347377
internal_weight=16635.7 6330.35 10305.3 8079.04 3562.8 2226.27 4184.65 4516.24 2724.39 1923.61 1552.03 1791.85 800.783 371.581 2145.7 765.877 1629.2 1608 1566.99 753.609 364.52 1933.6 3820.13 1370.44 1197.11 1052.62 485.824 326.252 165.455 216.87 1980.24 813.384 200.383 144.37 147.65 339.04 555.386 1641.2 18.7051 80.9567 32.5672 228.138 213.988 1218.21
internal_count=688260 491499 196761 119859 66464 76902 463651 53395 35234 25560 21234 18161 9674 4326 27848 9351 13123 15200 11870 5155 14128 53341 449523 33965 29643 7975 7649 3066 11589 4399 16259 6715 4140 2352 9729 4465 7225 11794 265 3871 634 1575 1432 9635
is_linear=0
shrinkage=0.08


Tree=44
num_leaves=45
num_cat=0
split_feature=8 10 1 3 3 10 2 12 10 3 2 0 0 12 0 10 5 10 8 2 6 12 8 0 3 6 5 10 8 11 11 1 3 6 12 5 0 11 1 0 11 11 6 2
split_gain=2886.03 1026.31 564.338 288.145 199.555 209.094 136.993 124.899 106.713 179.846 236.862 131.273 101.922 100.669 97.1649 96.939 86.1223 79.2898 68.5043 61.3542 54.9632 52.8529 53.9694 49.3165 46.4321 71.3951 58.0249 39.3502 38.9346 35.9662 35.2559 27.5343 25.8882 23.913 23.6795 23.0432 22.2307 21.585 20.6836 20.0619 19.9253 19.7482 19.6545 56.3129
threshold=0.55391839146614086 1.0000000180025095e-35 0.92805382609367382 0.81754159927368175 0.98213717341423046 1.0000000180025095e-35 0.22401433438062671 1.0000000180025095e-35 1.0000000180025095e-35 0.58578637242317211 0.26272648572921758 0.99504950642585765 0.60495716333389293 1.0000000180025095e-35 0.45035210251808172 0.75000000000000011 1.0000000180025095e-35 1.0000000180025095e-35 1.0000000180025095e-35 0.79277813434600841 0.16064515709877017 1.0000000180025095e-35 1.0000000180025095e-35 0.27334994077682501 0.908033847808838 0.10762548446655275 1.0000000180025095e-35 0.75000000000000011 0.43963837623596197 0.8535020947456361 0.7600059211254121 0.9634092152118684 0.95040982961654674 0.2314560413360596 1.0000000180025095e-35 1.0000000180025095e-35 0.34525330364704138 0.20397420972585681 0.57735043764114391 0.99504950642585765 0.79175817966461193 0.89163014292716991 0.089898992329835906 0.95040982961654674
decision_type=2 2 2 2 2 2 2 2 2 2 2 2 2 2 2 2 2 2 2 2 2 2 2 2 2 2 2 2 2 2 2 2 2 2 2 2 2 2 2 2 2 2 2 2
left_child=1 13 4 6 8 35 27 18 14 10 15 20 -12 23 -2 -10 29 31 -5 -13 -11 22 -18 -1 25 -16 -26 -3 -20 -8 36 32 -4 -30 37 -6 -15 -29 -37 -40 -9 -33 43 -34
right_child=2 3 17 7 5 -7 16 40 9 11 12 19 -14 30 24 -17 21 -19 28 -21 -22 -23 -24 -25 26 -27 -28 34 33 -31 -32 41 42 -35 -36 38 -38 -39 39 -41 -42 -43 -44 -45
leaf_value=0.12659920750715606 0.095041185163779324 0.11202729150780094 0.062479668938826942 0.0029228950874418502 -0.047786449844656749 0.063668160274746491 -0.068090361334937385 0.032078400908250176 0.090918935204611029 0.050829119077743352 -0.043569707065995805 0.013237081819220245 0.072039045896800172 0.12554147236122687 0.02323259762556695 0.014202598568029063 -0.012826824339041072 0.078519075612356382 -0.06851668338458658 -0.078482333590344219 0.023008965017124888 0.025031682534310835 -0.075627207721208053 -0.07940275575144147 0.03578387019676027 -0.026981352335421965 -0.05141432378682044 -0.067834134707924071 0.036041423927110239 0.067542515515689905 0.016481456580577449 0.0036768481726286739 -0.19766875845755177 -0.057216366374223233 0.032689429241061205 -0.083395745435664137 -0.055064523149349974 -0.0087636452900344951 0.09987017914364843 0.0116781663963223 0.067535220462408938 0.075014178575351392 0.014533913809848184 0.015427856624006527
leaf_weight=7.4575266791507593 53.749847425147891 18.23291945271194 51.749634264037013 1428.2555235950276 44.16349115036428 1119.6037720814347 808.70862701814622 355.7125659044832 114.94177901744843 1189.018612768501 690.95994652807713 99.118396865203977 52.51469880156219 4.5168830938637248 342.65795311424881 1271.8568312432617 218.92948501743376 1397.0196972563863 148.192721279338 88.222799783572555 735.72882295120507 111.28342211991549 145.97475698590279 2775.6303861322813 57.732275318354368 384.63369580823928 317.10828457493335 43.48852055799216 48.13798260409385 12.709154417738317 88.301848567090929 31.221866345964372 11.83424051478505 27.736584665253758 80.912526128813624 14.268754072487353 127.06422734353691 441.70338768139482 16.948664588853717 634.81852885894477 141.89802458509803 121.41882378607988 96.736593485809863 24.097643878310919
leaf_count=95 832 290 498 8307 258 36462 72085 5201 2017 25105 7579 1174 544 75 2640 12692 5321 60606 17114 1083 12214 1643 17146 351453 494 4334 1629 4980 1258 243 1064 504 63 1005 894 86 9134 6328 127 3745 4382 4683 652 221
internal_value=-0.000974402 -0.0393275 0.0291309 -0.0129567 0.0192981 0.0421296 -0.0358154 0.00705266 0.0115591 0.0174303 0.00102909 0.0339726 -0.0354038 -0.0747336 -0.00998949 0.0205611 -0.0502996 0.0701164 -0.00352901 -0.0299555 0.040195 -0.0232308 -0.0379492 -0.0788508 -0.0151117 -0.00332343 -0.0379842 -0.00365092 -0.0446549 -0.0659918 -0.0226226 0.0352897 0.0144876 0.00195026 -0.00737665 0.0081749 -0.0488647 -0.0140582 0.0118856 0.0139715 0.0421892 0.0604225 -0.00423253 -0.054756
internal_weight=15997 7034.85 8962.13 4031.88 7228.05 1829.8 1881.94 2149.93 5398.24 4242.36 2130.27 2112.09 743.475 3002.97 1155.88 1386.8 1297.61 1734.08 1652.32 187.341 1924.75 476.188 364.904 2783.09 1102.13 727.292 374.841 584.337 224.067 821.418 219.883 337.059 184.418 75.8746 566.104 710.199 131.581 485.192 666.036 651.767 497.611 152.641 132.668 35.9319
internal_count=688260 508018 180242 146197 113015 40678 108930 37267 72337 62408 22832 39576 8123 361821 9929 14709 96438 67227 27684 2257 37319 24110 22467 351548 9097 6974 2123 12492 19377 72328 10273 6621 1434 2263 12202 4216 9209 11308 3958 3872 9583 5187 936 284
is_linear=0
shrinkage=0.08


Tree=45
num_leaves=45
num_cat=0
split_feature=7 8 1 7 3 7 4 4 12 6 4 6 12 4 1 4 7 8 0 4 1 6 7 12 0 8 3 4 1 7 6 12 4 1 4 7 5 3 6 4 4 3 12 1
split_gain=2825.06 940.199 555.284 400.578 187.724 181.517 119.586 109.199 108.514 82.9989 133.207 147.301 77.3303 72.56 71.0271 83.131 52.8959 51.3999 47.2923 47.0003 42.9359 36.5614 35.7981 35.6445 34.5497 34.4602 31.7358 54.921 30.1421 27.9195 27.5687 24.2059 24.1669 22.6751 21.2728 20.098 19.8977 46.1567 19.8514 18.8647 18.4881 35.1379 18.4401 16.8615
threshold=0.67658114433288585 0.22611077129840854 0.92805382609367382 0.52449017763137828 0.84475743770599376 0.98974332213401806 0.27922078967094427 0.47727273404598242 1.0000000180025095e-35 0.52679425477981578 0.43650794029235845 0.21352583914995196 1.0000000180025095e-35 0.2264957278966904 0.74210175871849071 0.064583335071802153 0.91388580203056347 0.83177077770233165 0.78830561041831981 0.38750000298023229 0.98147514462471019 0.22611077129840854 0.91689687967300426 1.0000000180025095e-35 0.85145786404609691 0.33993464708328253 0.87026646733284008 0.12916667014360431 0.93957647681236278 0.93369963765144359 0.87138131260871898 1.0000000180025095e-35 0.55050507187843334 0.88548010587692272 0.80909091234207164 0.88025155663490307 1.0000000180025095e-35 0.90366768836975109 0.65881377458572399 0.095454547554254546 0.087121214717626586 0.60660174489021312 1.0000000180025095e-35 0.87007671594619762
decision_type=2 2 2 2 2 2 2 2 2 2 2 2 2 2 2 2 2 2 2 2 2 2 2 2 2 2 2 2 2 2 2 2 2 2 2 2 2 2 2 2 2 2 2 2
left_child=1 13 4 12 9 6 -6 23 22 10 14 24 -3 43 15 -2 -10 25 -13 -16 29 32 -8 26 -12 -11 38 -28 36 34 39 -27 -9 -14 -4 -32 37 -15 -5 -19 41 -25 -34 -1
right_child=2 3 20 7 5 -7 8 21 16 17 11 18 33 28 19 -17 -18 30 -20 -21 -22 -23 -24 40 -26 31 27 -29 -30 -31 35 -33 42 -35 -36 -37 -38 -39 -40 -41 -42 -43 -44 -45
leaf_value=-0.065103046863765432 -0.0077504339280504908 -0.079241663400752768 0.042297539986514344 -0.069755060752556927 0.077530733210247962 0.074656320602909526 -0.011595634711528708 0.090730114628584047 0.025086454997359779 -0.043167782273545965 0.051828803405638162 0.052416191362725711 -0.047000470200189687 -0.054698256816255633 0.063777563417995037 -0.049667128635647359 0.061709941882438023 0.022016299431230762 -0.054279523076575485 -0.069518968973197523 0.079530827610496693 -0.020439850423811343 0.015127453509523905 -0.010089172285599633 0.016353696923775272 0.0078213155328452823 0.30573699341905541 -0.018456198788429416 0.021587967654243437 0.070599885842356616 -0.099766905677341103 0.039696156173940497 0.0042346590813397613 0.0085623076427505003 -0.024973977085465372 0.051801212324953813 0.0029611331931061946 0.024562979941870858 -0.020812371313239601 -0.078484255113823981 -0.042215956078153878 0.10845670185339243 0.05278468723626812 0.21533259852816702
leaf_weight=108.64041112363338 814.09643494524062 3125.4507681219839 233.85549999400973 248.04274611873552 247.53361625783145 558.68617877736688 571.56396248191595 43.862203205004334 763.12332018464804 73.752164222300053 443.43257761187851 31.260375615209341 198.6874856390059 122.33020892832428 99.324236892163754 482.14754559565336 377.12769926898181 264.2998212967068 177.86142526939511 20.407928131520748 1090.0475824456662 100.04553570132703 731.32004812546074 71.175956718623638 291.00874859280884 872.53819857072085 4.0309399119578329 19.63421321939677 527.45028174389154 255.26501275971532 5.673606362193822 184.76526062190533 115.54852851433679 61.574724939651787 34.526082189753652 426.28834847919643 1291.4653823785484 76.37985931430012 67.465027309022844 12.519694197922943 54.619335135444999 20.643591465428472 88.352237308397889 1.3897327240556467
leaf_count=9310 7559 434358 6418 21574 5907 21474 6094 738 13716 491 5729 284 11236 4192 1236 4831 10876 1968 1319 195 51207 1407 10472 931 4233 5617 31 644 3949 10088 57 2171 1748 1825 591 7513 9927 630 3240 87 481 198 1831 9
internal_value=-0.0007255 -0.0416571 0.0279406 -0.0635227 0.0187234 0.0331613 0.0245454 -0.0138389 0.019177 0.00755185 -0.00237953 0.0209058 -0.0757528 0.00170238 -0.0178962 -0.0233417 0.0371993 0.0202886 -0.0383302 0.0410576 0.0704863 0.0203781 0.00340427 -0.038346 0.0377725 0.00970346 -0.0525877 0.0367644 0.00515242 0.0516588 0.03718 0.0133915 0.0368601 -0.033855 0.0336434 0.0498104 -0.000664976 -0.0242319 -0.0592896 0.017471 -0.00536045 0.0165632 0.0252719 -0.061561
internal_weight=15409.2 6346.79 9062.43 4219.13 7448.73 3249.35 2690.67 833.42 2443.14 4199.38 2359.54 943.563 3385.71 2127.66 1415.98 1296.24 1140.25 1839.84 209.122 119.732 1613.69 347.809 1302.88 485.612 734.441 1131.06 339.173 23.6652 2017.63 523.647 708.781 1057.3 247.763 260.262 268.382 431.962 1490.18 198.71 315.508 276.82 146.439 91.8195 203.901 110.03
internal_count=688392 508259 180133 480242 111829 68539 47065 32823 41158 43290 25386 11565 447419 28017 13821 12390 24592 17904 1603 1431 68304 5724 16566 27099 9962 8279 25489 675 18698 17097 9625 7788 4317 13061 7009 7570 14749 4822 24814 2055 1610 1129 3579 9319
is_linear=0
shrinkage=0.08


Tree=46
num_leaves=45
num_cat=0
split_feature=7 8 4 7 3 10 4 4 12 10 8 4 12 4 2 3 8 12 0 7 4 3 2 4 10 4 2 4 0 0 3 4 0 0 5 3 2 2 12 4 2 2 0 1
split_gain=2499.32 854.099 523.651 436.552 198.145 436.6 115.41 92.1171 75.7104 73.3602 67.0591 65.189 61.5891 61.1792 52.2281 46.3132 43.5905 46.3035 42.7187 37.7651 36.7698 104.885 33.6561 30.1528 28.6191 27.1616 26.3975 26.1748 25.3452 32.0522 22.8031 24.4183 22.2664 18.4083 18.2054 37.5481 19.0001 16.8355 16.2258 14.823 12.6394 11.6163 11.1581 14.8468
threshold=0.69104278087615978 0.22611077129840854 0.90873014926910411 0.51628047227859508 0.84475743770599376 0.35000000149011617 0.43650794029235845 0.76388889551162731 1.0000000180025095e-35 0.75000000000000011 0.9311257302761079 0.2264957278966904 1.0000000180025095e-35 0.27922078967094427 0.86222714185714733 0.28869047760963445 0.97881317138671886 1.0000000180025095e-35 1.0000000180025095e-35 0.98974332213401806 1.0000000180025095e-35 0.60136988759040844 0.84262126684188854 0.16025641560554507 1.0000000180025095e-35 0.80909091234207164 0.74210175871849071 0.80909091234207164 0.22792208194732669 0.51899951696395885 0.79469618201255809 0.11805555596947671 0.84680575132370006 0.29818989336490637 1.0000000180025095e-35 0.90366768836975109 0.50233644247055065 0.9495762586593629 1.0000000180025095e-35 0.30384616553783422 0.87007671594619762 0.88998898863792431 0.77015754580497753 0.87206766009330761
decision_type=2 2 2 2 2 2 2 2 2 2 2 2 2 2 2 2 2 2 2 2 2 2 2 2 2 2 2 2 2 2 2 2 2 2 2 2 2 2 2 2 2 2 2 2
left_child=1 11 4 8 7 13 14 10 -3 42 12 38 15 -6 20 -2 17 -15 -14 22 21 -5 23 -7 33 -24 -9 34 -12 -30 -26 -32 -11 -10 35 -13 -36 -38 40 -22 -1 -28 -8 -44
right_child=2 3 -4 6 5 19 9 26 24 32 28 27 18 16 -16 -17 -18 -19 -20 -21 39 -23 25 -25 30 -27 41 -29 29 -31 31 -33 -34 -35 36 -37 37 -39 -40 -41 -42 -43 43 -45
leaf_value=-0.074008808175529128 0.0087219815398028363 -0.079320023504971485 0.079535656279036041 -0.039573723657026556 0.074407388306762079 0.083263585687587099 0.1077838646479489 0.00068099589717999425 0.34860281063813348 0.15752642714660303 0.047054950919203864 -0.051213269924494778 0.055977070890237679 -0.013675255801202102 0.10383121985206628 -0.014961587173723348 0.066102375956399534 0.014807492922275947 0.012397751306192625 0.077235293666877189 -0.081368163235906898 0.11317676479946079 0.066524572564326187 0.030754228377574366 -0.043625368407641148 -0.019577789426450113 -0.09867333742411695 0.021716488005927865 -0.0025499943255969455 0.034726555730401544 0.28758993816725548 0.016189241490146809 0.05761465981268582 -0.063645272739165856 0.073593947147424552 0.017064700052046758 -0.00015234645000988757 0.040252236786958488 0.034054603432760698 -0.03932198983929968 0.21055988097389414 -0.21541781991793521 -0.024560786465231074 0.012878377825491866
leaf_weight=92.141830030363053 976.98730865493417 2863.5788985858671 1060.3652896787971 271.84986066725105 74.497300457209349 81.30179644189775 5.6529789762571445 17.634165560826659 0.69737400114536185 16.551694500260055 306.10361851751804 120.60186774237081 173.91468022204936 925.2798029538244 16.269898136146367 1150.9731721458957 61.798802563920617 603.55704939924181 835.77132982574403 557.65664039738476 144.88896747445688 32.174175207968801 719.32314094156027 503.02544836886227 56.975113165564835 24.238026428967714 45.480933526530862 451.63042782526463 257.85794441029429 345.33691520243883 2.1917865816503754 66.302027711644769 103.81612536869943 116.62701693363488 24.142988292034715 90.026243083178997 1251.3336137733422 69.675119578838348 10.483378853648899 85.225867827888578 1.0098718255758274 6.1981047466397277 135.11307395016775 136.04649785766378
leaf_count=9130 6922 430802 51953 14318 1374 2430 114 195 4 176 5054 4212 3224 7054 256 11274 615 6027 9682 24483 12572 568 27207 13074 2394 941 270 3441 1691 4821 16 1064 2409 9433 376 720 9479 470 183 3725 6 52 2316 1865
internal_value=-0.000702757 -0.0396964 0.0268425 -0.0611839 0.0195549 0.0334022 -0.013652 0.00761016 -0.0756833 0.0192143 0.00917638 0.00156735 0.0036326 0.00355042 -0.0373686 -0.00408801 0.000231842 -0.00243078 0.0199041 0.0597644 -0.0416696 -0.0234085 0.0524274 0.0380602 -0.0327913 0.0637179 -0.0838358 0.00476156 0.0283059 0.0187913 -0.00623138 0.024874 0.0713535 -0.0611949 -0.000160321 -0.02203 0.00326411 0.00197875 -0.0603045 -0.0657958 -0.0709238 -0.112675 -0.00345767 -0.00577677
internal_weight=14892.3 6165.01 8727.3 4053.96 7666.94 3550.68 947.589 4116.26 3106.37 397.18 4046.94 2111.05 3137.65 1665.13 550.409 2127.96 1590.64 1528.84 1009.69 1885.55 534.139 304.024 1327.89 584.327 242.793 743.561 69.3132 2007.41 909.298 603.195 125.469 68.4938 120.368 117.324 1555.78 210.628 1345.15 1321.01 103.635 230.115 93.1517 51.679 276.813 271.16
internal_count=688392 510049 178343 482032 126390 83205 38319 43185 443713 6880 42668 28017 31102 15070 31439 18196 13696 13081 12906 68135 31183 14886 43652 15504 12911 28148 517 18698 11566 6512 3474 1080 2585 9437 15257 4932 10325 9949 9319 16297 9136 322 4295 4181
is_linear=0
shrinkage=0.08


Tree=47
num_leaves=45
num_cat=0
split_feature=7 7 1 10 7 12 12 3 4 10 3 6 4 11 4 7 2 3 6 2 12 10 4 1 4 3 4 0 10 4 4 0 10 11 4 4 3 2 1 2 10 10 4 2
split_gain=2215.86 1029.5 535.477 273.825 163.521 150.369 136.904 100.951 59.541 51.432 98.2799 91.729 59.4848 48.4748 43.5631 38.8472 38.0927 41.7134 83.1664 53.6797 34.7237 32.0716 42.1785 31.1155 29.3388 191.424 77.2035 26.3595 24.9731 24.2098 22.6032 21.891 21.6768 20.3533 19.8203 65.611 112.746 18.244 17.1133 26.4752 15.7342 15.1049 14.663 32.9301
threshold=0.57214644551277172 1.0000000180025095e-35 0.87007671594619762 1.0000000180025095e-35 0.98974332213401806 1.0000000180025095e-35 1.0000000180025095e-35 0.79469618201255809 0.19090909510850909 1.0000000180025095e-35 0.61435899138450634 0.58411949872970592 0.087121214717626586 0.78351232409477245 0.10555555671453477 0.70638945698738109 0.9634092152118684 0.92637759447097789 0.086335405707359328 0.92805382609367382 1.0000000180025095e-35 0.75000000000000011 0.47727273404598242 0.76028168201446544 0.080128207802772536 0.56980520486831676 0.19090909510850909 0.83910790085792553 1.0000000180025095e-35 0.80909091234207164 0.80909091234207164 0.96590468287467968 0.35000000149011617 0.78351232409477245 0.88194444775581371 0.80909091234207164 0.98147514462471019 0.93957647681236278 0.98147514462471019 0.9495762586593629 1.0000000180025095e-35 0.35000000149011617 0.43650794029235845 0.86222714185714733
decision_type=2 2 2 2 2 2 2 2 2 2 2 2 2 2 2 2 2 2 2 2 2 2 2 2 2 2 2 2 2 2 2 2 2 2 2 2 2 2 2 2 2 2 2 2
left_child=1 8 4 16 6 13 15 20 -1 12 11 -11 -8 -3 -12 42 17 31 19 -19 21 27 -23 -7 25 -17 -26 -6 -25 -20 38 -4 -9 -5 35 -35 -37 -14 39 41 -15 -10 43 -2
right_child=2 5 3 33 7 23 9 32 30 10 14 -13 37 40 -16 24 -18 18 29 -21 -22 22 -24 28 26 -27 -28 -29 -30 -31 -32 -33 -34 34 -36 36 -38 -39 -40 -41 -42 -43 -44 -45
leaf_value=-0.077555166018614327 -0.042962768713611446 -0.078509080412360085 0.056007798275232751 0.35246790209077644 0.08352346436154888 -0.041531002941195647 0.09502131787586332 0.0078671932961614371 -6.9660590341529181e-05 -0.027048315115110525 0.084704174843437688 0.036105477909790594 -0.01226865967087735 -0.043493000348346939 0.037062499245429814 -0.0057892268861858233 0.057455677314184737 -0.13439569847547383 0.02104079560369633 -0.019783939222788028 0.054566962459758277 0.0036321191661094548 0.076007673575693088 -0.028245590953075925 -0.090179344685859808 0.087823442121644196 -0.0061553150477805744 -0.069320086327693625 0.03839268048246551 -0.034045367372722589 0.019879932978803999 -0.0045634602399386524 0.073641546278896394 0.06681811014272028 0.079063478475445786 -0.26963999422895529 0.039682834954912552 0.10304640346869576 -0.10677530714763599 0.048393982310280158 0.033755034941174426 -0.033457570908011866 -0.0043132198376210898 0.18363195948829869
leaf_weight=59.017699646763504 274.3566153133288 2764.9175147484057 140.8617635006085 1.6388874799013127 62.081319082528353 186.02391676977277 37.433170979842544 35.012948891147971 1396.0028601149097 310.9916272778064 147.09583168290555 279.46481296420097 438.50984602048993 39.685851646121591 744.78881189227104 1074.075207753107 115.87428736314178 43.941323138773441 340.15887874178588 64.607839146628976 163.51982793398201 675.38399669900537 55.790183652192354 66.349010328762233 73.436415429227054 160.71918669715524 1489.4585545631126 8.1720061451196653 78.664601948112249 60.079030402004719 445.03185934573412 52.389183824881911 381.16849366389215 903.28481385484338 878.51538665033877 10.052318813279269 30.193216994404793 8.9601010680198652 9.6464630179107171 69.436721500009298 29.359520597849041 92.463813512586057 103.54530200362206 4.166963603347539
leaf_count=5831 13518 447492 1024 34 1272 9937 733 697 15047 2114 4113 3892 2477 3303 17991 7983 4390 282 2372 493 2311 6530 1105 3301 1075 2667 13979 114 1155 322 3366 1081 15802 38157 47666 128 1293 46 52 474 629 929 1171 44
internal_value=-0.00068029 -0.0421984 0.0230297 0.0534206 0.0107321 -0.070896 0.00417328 0.0351744 0.00164584 0.0207611 0.0281594 0.00284257 -0.00185537 -0.0768557 0.0449199 -0.00608922 0.01496 0.00794595 -0.00407228 -0.0661794 0.0209702 0.0141152 0.00915453 -0.0198759 -0.0028215 0.00639527 -0.0101034 0.0657444 0.00790324 0.0127719 0.00396836 0.0395873 0.068108 0.0706699 0.0704164 0.0623652 -0.0375782 -0.0099596 -0.000548975 0.000108773 -0.0106455 -0.00214372 -0.030017 -0.0395727
internal_weight=14406.3 5236.6 9169.73 2641.6 6528.13 3165 5147 1381.13 2071.6 1967.24 1482.34 590.456 484.903 2833.96 891.885 3179.76 817.912 702.038 508.787 108.549 964.947 801.428 731.174 331.038 2797.69 1234.79 1562.89 70.2533 145.014 400.238 2012.58 193.251 416.181 1823.68 1822.05 943.53 40.2455 447.47 1567.55 1557.9 69.0454 1488.47 382.069 278.524
internal_count=688392 491516 196876 97242 99634 465817 71803 27831 25699 31366 28110 6006 3256 451424 22104 40437 9964 5574 3469 775 11332 9021 7635 14393 25704 10650 15054 1386 4456 2694 19868 2105 16499 87278 87244 39578 1421 2523 16502 16450 3932 15976 14733 13562
is_linear=0
shrinkage=0.08


Tree=48
num_leaves=45
num_cat=0
split_feature=7 8 4 3 10 12 3 4 4 3 10 10 4 6 4 4 8 7 7 11 11 12 10 12 4 1 12 1 4 12 10 1 6 0 1 6 11 6 1 10 3 4 11 7
split_gain=1963.7 987.502 500.661 209.646 403.2 121.372 79.8933 123.245 236.013 351.1 117.854 112.237 75.4619 60.778 59.5777 50.8452 44.2442 40.9696 40.4622 38.6491 37.6493 32.06 31.5762 31.2208 31.1348 49.7559 30.9709 27.66 24.1025 21.0733 18.6367 17.2021 16.4016 14.9722 14.6841 14.45 14.0712 13.4461 13.165 12.6858 12.0263 23.8355 14.5443 11.9294
threshold=0.56268712878227245 0.22611077129840854 0.90873014926910411 0.82952776551246654 0.35000000149011617 1.0000000180025095e-35 0.28869047760963445 0.30384616553783422 1.0000000180025095e-35 0.56980520486831676 0.75000000000000011 0.75000000000000011 0.76388889551162731 0.11834733933210374 0.2264957278966904 0.095454547554254546 0.85193490982055675 0.98974332213401806 0.97735819220542919 0.78351232409477245 0.89163014292716991 1.0000000180025095e-35 1.0000000180025095e-35 1.0000000180025095e-35 0.12916667014360431 0.83250823616981517 1.0000000180025095e-35 0.89377820491790783 0.19090909510850909 1.0000000180025095e-35 0.75000000000000011 0.65240275859832775 0.20185185223817828 0.29818989336490637 0.85857143998146068 0.29893617331981664 0.3507265597581864 0.82891985774040233 0.48050633072853094 0.35000000149011617 0.81754159927368175 0.11805555596947671 0.20397420972585681 0.44402673840522772
decision_type=2 2 2 2 2 2 2 2 2 2 2 2 2 2 2 2 2 2 2 2 2 2 2 2 2 2 2 2 2 2 2 2 2 2 2 2 2 2 2 2 2 2 2 2
left_child=1 14 3 6 15 19 11 8 9 -8 13 -2 -12 -9 37 -5 26 24 23 -3 21 30 33 -17 -6 -26 -13 40 -10 31 -4 -16 -21 -7 38 -20 -18 -1 -31 -33 42 -42 -24 -35
right_child=2 5 20 4 17 22 7 10 28 -11 12 16 -14 -15 29 18 36 -19 35 32 -22 -23 27 -25 25 -27 -28 -29 -30 34 -32 39 -34 43 -36 -37 -38 -39 -40 -41 41 -43 -44 -45
leaf_value=-0.064430530722622892 0.08820780122695504 -0.07847150667811463 -0.052026851410029683 0.084071600425139975 0.085708300985258015 0.21067587701485285 -0.025328707352141211 0.012689684324368997 -0.10403696502556203 0.083307271539741753 0.041283865228451191 -0.0036943473186330502 -0.072839313674558037 -0.042640507518203884 -0.02333151409383585 -0.011298269271276288 -0.1542260499972414 0.07474147070234223 0.061657281521061889 0.027226940952851286 0.080118898684072792 0.071843087329853686 0.075804792303792598 0.010643311379501122 0.024877496887199327 0.057612150988170498 0.036760352919102408 0.055199477546811093 -0.05933063959268485 0.092939839407700758 0.069784202394829326 0.0049575883123895003 -0.056661701682657169 -0.075701253454796252 0.039502251683528763 -0.00026333765001339813 0.035416515743909811 0.2757249053436443 -6.9910241725070868e-05 -0.026149302655282064 0.18552067639708614 -0.0058498897062197706 -0.047751006863847131 -0.025668821062504621
leaf_weight=91.974238819908351 131.32088855095208 2528.9602122954093 33.534604173153639 47.96940807858482 126.76018422469497 1.357937917113303 1002.4255542759784 248.39191007986665 162.50321841286495 235.04165302682668 665.28361002774909 859.85870049335063 39.270625190809369 260.11010831641033 176.8645497742109 1035.5814660512842 2.5208639129996291 501.36235167086124 89.796523075550795 30.828447672072798 899.24519866704941 47.59909132681787 6.6228687576949588 692.62685293518007 507.14077339367941 717.77030158787966 140.97084037587047 41.852144988253713 146.99297835910693 10.386456375941632 10.572935368865727 1384.5440237564035 28.898983480874449 78.907088400796056 162.6995851546526 32.978123500943184 374.81876040622592 0.74980416940525074 156.39835433289409 89.31683186115697 4.5810680352151385 45.902711758390069 76.851672903634608 49.716356380842626
leaf_count=9271 2770 443543 358 1310 4336 7 12623 2669 5165 3262 10280 6393 299 2804 4550 7593 20 24988 1472 1531 51039 1969 74 6722 12645 29219 1727 550 3053 72 401 8920 2275 8575 2877 398 6020 8 1643 608 31 751 2953 976
internal_value=-0.000767083 -0.0411532 0.0214926 0.0148653 0.0286616 -0.0713389 0.00274127 -0.00535184 -0.0203217 -0.00469464 0.0137387 0.0175391 0.0349228 -0.0156129 0.000995729 0.00275539 0.0108053 0.0552098 0.000648029 -0.0769693 0.0751392 0.0263099 -0.0236748 -0.00250458 0.0479651 0.0440593 0.00200386 -0.00157059 -0.082804 0.00393054 -0.0228278 0.000243474 -0.0133624 -0.0535726 0.0224028 0.045025 0.0341496 -0.0616799 0.00572223 0.00307249 -0.0193071 0.0115157 -0.0379481 -0.0563624
internal_weight=13979.9 4967.41 9012.45 8021.5 3751.99 2894.48 4269.51 2760.02 1546.96 1237.47 1213.06 1509.49 704.554 508.502 2072.93 1898.95 1378.17 1853.03 1850.98 2588.69 990.952 91.7066 305.792 1728.21 1351.67 1224.91 1000.83 175.81 309.496 1980.21 44.1075 1650.73 59.7274 129.981 329.484 122.775 377.34 92.724 166.785 1473.86 133.958 50.4838 83.4745 128.623
internal_count=688750 489215 199535 145768 88683 461266 57085 40155 24103 15885 16052 16930 10579 5473 27949 17495 14160 71188 16185 447349 53767 2728 13917 14315 46200 41864 8120 4359 8218 18670 759 14078 3806 9558 4592 1870 6040 9279 1715 9528 3809 782 3027 9551
is_linear=0
shrinkage=0.08


Tree=49
num_leaves=45
num_cat=0
split_feature=8 10 4 4 10 3 4 4 4 6 2 6 2 12 11 12 8 2 8 11 8 2 11 4 11 0 12 10 4 4 2 10 6 6 12 12 4 3 4 2 4 6 8 6
split_gain=1569.73 798.447 462.24 197.347 164.946 410.738 115.231 84.5597 131.794 128.681 89.2724 71.5449 85.7915 63.2607 57.3398 55.8522 35.5706 34.8902 34.7482 34.0103 33.7329 31.9786 33.3715 38.2078 31.908 31.7881 26.9971 22.7948 22.2312 21.5728 21.2037 20.9603 21.5855 20.6466 20.2715 19.1701 18.6117 64.5449 16.1861 15.176 14.8898 18.9573 14.2408 14.0942
threshold=0.50108224153518688 1.0000000180025095e-35 0.90873014926910411 0.43650794029235845 1.0000000180025095e-35 0.86319074034690868 0.064583335071802153 0.76388889551162731 0.44949495792388922 0.44862772524356848 0.75123763084411632 0.67799538373947155 0.79502627253532421 1.0000000180025095e-35 0.74035674333572399 1.0000000180025095e-35 1.0000000180025095e-35 0.74210175871849071 0.97881317138671886 0.89163014292716991 1.0000000180025095e-35 0.84262126684188854 0.99925094842910778 0.12916667014360431 0.75074693560600292 0.27334994077682501 1.0000000180025095e-35 0.75000000000000011 0.2264957278966904 0.080128207802772536 0.94791102409362804 0.75000000000000011 0.18561584502458575 0.22335600852966311 1.0000000180025095e-35 1.0000000180025095e-35 0.80909091234207164 0.98147514462471019 0.30384616553783422 0.89377820491790783 0.61250001192092907 0.2336879447102547 0.42825952172279363 0.072077922523021712
decision_type=2 2 2 2 2 2 2 2 2 2 2 2 2 2 2 2 2 2 2 2 2 2 2 2 2 2 2 2 2 2 2 2 2 2 2 2 2 2 2 2 2 2 2 2
left_child=1 13 4 11 6 7 -2 8 9 -6 -10 12 20 25 -8 16 -5 -9 30 35 28 22 23 -7 29 -1 -22 43 -3 -15 -16 42 -33 38 -13 -4 -23 -38 -14 -19 41 -26 -18 -17
right_child=2 3 19 15 5 21 14 17 10 -11 -12 34 33 24 18 27 31 39 -20 -21 26 36 -24 -25 40 -27 -28 -29 -30 -31 -32 32 -34 -35 -36 -37 37 -39 -40 -41 -42 -43 -44 -45
leaf_value=0.13160742036542053 0.085485098096608744 -0.069083350780330996 -0.008869839493742003 0.0021444555237982894 -0.020866002101073367 0.083052115765940723 -0.059508463465939902 0.023005868525632051 0.059283757469297725 0.014320285648739769 -0.0053183117094109857 -0.013728279919357303 0.12109273566796146 0.054719977175774231 -0.0090226223843685865 0.039854075906625264 -0.079697528482073982 -0.10486325605889217 0.049168951888084803 0.080369347972433766 -0.075047303003084556 0.065285574108099584 0.073876726704601214 0.025937158753539649 0.12184380634902471 -0.079446172654266428 -0.030659067236345088 0.063451980521973997 -0.018173224259726246 -0.068999659612665132 0.033575318219622903 0.07444346988332956 -0.083642931995493372 -0.057306541841349409 0.035952086611172177 0.06524930437789199 -0.2870545017760659 0.046193430698815589 0.021542005665479484 -0.24730395693326068 -0.011825784639884016 -0.028646736188048007 -0.0085744246501140015 0.0055123815684549214
leaf_weight=4.5787294358015052 87.033220265991986 75.677004374098033 44.458334403578192 1413.7668970320374 1121.2997373333201 86.40880898758769 131.98989692796022 13.891097098588942 457.97657914180309 1635.3056061561219 195.27178887184709 356.46101155923679 11.950574788264928 10.138708806596695 1703.0111735803075 136.77486968133599 68.622561532538384 40.684170649386942 72.981360245496035 811.74444822967052 448.50241977907717 929.64364275429398 163.98240743763745 565.77475629607216 15.280475285835566 1828.3554051076062 109.00509360618889 107.12443788349628 199.90238352585584 81.75149763841182 78.219952880870551 16.55909805092961 8.2978261052630824 19.000362359918654 61.657064556144178 44.875058601610363 4.2329448629170647 30.677278686314821 83.404427089262754 5.4254402033984652 38.174121478572488 8.2493477547541243 24.432265903800726 173.51567886862904
leaf_count=68 1870 8111 855 7009 19211 3272 8724 165 8432 20264 3840 9769 432 545 10820 2644 11908 240 636 49883 74623 42135 8764 15215 107 344672 3049 3068 5626 8206 757 808 511 961 805 1831 64 1390 2049 64 871 261 1393 2822
internal_value=-0.000734885 -0.0346814 0.0211446 -0.0106458 0.0144923 0.0220365 -0.00461377 0.00600735 0.00766398 7.61833e-06 0.0399726 -0.0339668 -0.0461314 -0.0747864 -0.0085618 0.00569324 -0.00137635 -0.0881395 -0.00493522 0.0752134 -0.0550504 0.0532705 0.0416159 0.0335044 -0.0254695 -0.078919 -0.0663684 0.0316347 -0.0321537 -0.055349 -0.007152 -0.0435909 0.0216705 0.0188446 -0.00640225 0.0283626 0.0631321 0.00578635 0.0340184 -0.121623 0.0190276 0.0690832 -0.0610236 0.0206501
internal_weight=13526.1 5301.18 8224.89 3314.65 7323.81 5250.57 2073.24 3469.85 3409.85 2756.61 653.248 1365.56 947.442 1986.53 1986.2 1949.09 1531.68 60.0007 1854.21 901.078 833.087 1780.72 816.166 652.184 153.594 1832.93 557.508 417.415 275.579 91.8902 1781.23 117.912 24.8569 114.355 418.118 89.3334 964.554 34.9102 95.355 46.1096 61.7039 23.5298 93.0548 310.291
internal_count=688750 490318 198432 135588 145863 123056 22807 52216 51747 39475 12272 105425 94851 354730 20937 30163 21629 469 12213 52569 91409 70840 27251 18487 9990 344740 77672 8534 13737 8751 11577 14620 1319 3442 10574 2686 43589 1454 2481 304 1239 368 13301 5466
is_linear=0
shrinkage=0.08


Tree=50
num_leaves=45
num_cat=0
split_feature=7 8 4 7 12 3 12 1 4 3 3 10 4 0 10 6 7 8 10 0 3 12 12 11 1 11 4 11 10 7 8 1 8 12 4 10 1 12 4 0 3 3 0 6
split_gain=1547.38 904.341 448.274 173.109 185.907 121.945 112.164 69.1446 60.038 52.2829 51.4493 100.562 48.6525 41.1447 90.0744 64.4927 36.1328 34.9207 34.8611 32.4835 80.1724 29.3511 27.6634 27.065 25.9977 25.5001 21.8772 44.991 40.3316 21.4925 26.846 19.9393 16.448 15.1384 14.3097 13.9822 12.4827 14.9929 19.7634 12.4101 11.3096 10.4996 22.1697 19.2797
threshold=0.55585265159606945 0.22611077129840854 0.90873014926910411 0.98974332213401806 1.0000000180025095e-35 0.82426470518112194 1.0000000180025095e-35 0.84273937344551098 0.76388889551162731 0.97332859039306652 0.83910790085792553 0.75000000000000011 0.19090909510850909 0.24440020322799685 0.75000000000000011 0.11834733933210374 0.73721536993980419 0.97881317138671886 1.0000000180025095e-35 1.0000000180025095e-35 0.49205549061298376 1.0000000180025095e-35 1.0000000180025095e-35 0.78351232409477245 0.90999102592468273 0.98795136809349071 0.47727273404598242 0.4861415177583695 0.35000000149011617 0.39747571945190435 0.32525222003459936 0.65240275859832775 0.26336190104484564 1.0000000180025095e-35 0.61250001192092907 0.75000000000000011 0.52689418196678173 1.0000000180025095e-35 0.27922078967094427 0.28778468072414404 0.71516755223274242 0.98571136593818676 0.96449580788612377 0.21103239059448245
decision_type=2 2 2 2 2 2 2 2 2 2 2 2 2 2 2 2 2 2 2 2 2 2 2 2 2 2 2 2 2 2 2 2 2 2 2 2 2 2 2 2 2 2 2 2
left_child=1 12 3 4 10 21 23 19 18 -10 13 17 39 14 -2 -15 22 -12 -9 -6 -21 26 35 -3 29 -13 27 -5 -28 -8 -31 36 -23 41 -26 -4 37 -14 -39 -1 -32 43 -43 -33
right_child=2 6 16 5 7 -7 24 8 9 -11 11 25 31 15 -16 -17 -18 -19 -20 20 -22 32 -24 -25 34 -27 28 -29 -30 30 40 33 -34 -35 -36 -37 -38 38 -40 -41 -42 42 -44 -45
leaf_value=0.33400343238890534 0.094792520495119409 -0.078251828012426486 -0.040174051830219312 0.029046328405559332 0.047846336480185089 0.07050791742348167 -0.069594486595641977 0.030856287420576951 -0.089204005824103538 0.023804880779228876 -0.0096445179773271966 0.040980394361316452 -0.01253412678152579 0.0032443633112679954 -0.0056459942780762084 -0.034678224487516063 0.079731213333297704 0.054799098690695602 0.06902048633541942 -0.024570698261725293 0.020881295946920727 -0.13448724096126893 0.071239339538178931 -0.018874300001372319 0.10801993715383168 -0.036632405679459079 -0.080589643428509647 -0.011149850276817627 0.071889384691344663 0.15530300429653907 -0.052927910058934061 0.001703363920515005 0.055780278790422973 0.023305899280432356 0.005439384534764711 0.059945497592835524 -0.029967195685567539 0.2300838053446099 0.028987903716497447 -0.077860927977228767 -0.0058348310509312631 0.11444219369594878 0.0073648963183771347 -0.033481041194254213
leaf_weight=0.47237233072519202 61.231025274842978 2161.3753373646177 36.046520866453648 387.25884855166078 174.9468360664323 488.98487587459385 78.17917621973902 248.77243180572987 33.968398761935532 114.57847276050597 1062.7992472606711 477.76572791207582 51.662956094834954 444.61689216410741 856.42263652011752 809.65823853434995 766.9309240821749 56.685188630595803 398.65549812000245 313.58068684116006 1194.3451895192266 2.9610127788037053 46.499597216024995 50.272438112646341 10.564738440327345 28.721592627465725 12.830148410052059 330.13619980588555 82.429951380938292 5.5375255257822564 53.827755096834153 570.85864045424387 161.81237268261611 271.32362484652549 49.394778732210398 11.865920950658618 173.96860683197156 3.937591538764539 15.20834445953369 53.2101976191625 82.904132673051208 12.576657785102723 771.68825564719737 120.7579979673028
leaf_count=6 835 441844 406 5407 3421 26375 7704 2061 340 3015 8492 14564 2746 7360 7223 17236 50741 665 18685 2143 21513 24 2208 3701 220 983 165 2523 2085 58 2487 4342 2539 4169 1394 462 4485 42 109 6584 1922 61 3795 1610
internal_value=-0.00070068 -0.0385013 0.0192341 0.0131439 0.00736225 0.0378913 -0.0708588 0.0244041 0.0438318 -0.002037 -0.0037608 0.00700074 0.000917126 -0.0118172 0.00105583 -0.0212354 0.0739823 -0.00638141 0.054356 0.0152151 0.0114293 0.021574 0.0272823 -0.0769021 -0.0231937 0.0365792 0.0153316 0.0105486 0.0513527 -0.0358976 -0.0173806 0.00294247 0.0523611 0.0059383 0.0235139 -0.0153786 -0.0184415 0.00987565 0.0703457 -0.0742368 -0.0243741 0.00274546 0.00908201 -0.00443992
internal_weight=13142.2 4537.72 8604.5 7743.16 6276.75 1466.41 2492.06 2478.85 795.975 148.547 3797.9 1625.97 2045.67 2171.93 917.654 1254.28 861.343 1119.48 647.428 1682.87 1507.93 977.429 94.412 2211.65 280.408 506.487 812.655 717.395 95.2601 220.449 142.269 1991.98 164.773 1747.21 59.9595 47.9124 244.777 70.8089 19.1459 53.6826 136.732 1475.88 784.265 691.617
internal_count=688750 487279 201471 147654 108536 39118 459330 51178 24101 3355 57358 24704 27949 32654 8058 24596 53817 9157 20746 27077 23656 12743 3076 445545 13785 15547 10180 7930 2250 12171 4467 21359 2563 13977 1614 868 7382 2897 151 6590 4409 9808 3856 5952
is_linear=0
shrinkage=0.08


Tree=51
num_leaves=45
num_cat=0
split_feature=7 8 4 7 12 3 12 7 3 8 4 11 11 3 11 3 4 0 2 4 8 12 2 7 8 12 11 4 3 11 3 6 4 4 0 8 7 3 0 4 2 2 2 5
split_gain=1385.46 847.912 416.505 153.519 161.498 119.85 110.302 57.2392 46.6476 46.6077 42.7952 38.3788 37.5393 41.0182 35.4254 34.8251 67.2775 33.3352 33.107 49.5398 34.0597 30.027 29.713 23.8636 29.5377 22.6287 19.4333 18.9605 16.4117 36.8249 15.7551 14.6004 14.1453 23.8841 14.068 12.9014 12.4927 15.7224 12.1042 11.3447 16.5734 11.3595 11.2512 10.5117
threshold=0.54953444004058849 0.22611077129840854 0.90873014926910411 0.98974332213401806 1.0000000180025095e-35 0.65419578552246105 1.0000000180025095e-35 0.91388580203056347 0.83457711338996898 0.93592900037765514 0.19090909510850909 0.4309771209955216 0.98212760686874401 0.96051946282386791 0.89715632796287548 0.57932874560356151 0.087121214717626586 0.28778468072414404 0.30068494379520422 0.2264957278966904 0.46190130710601812 1.0000000180025095e-35 0.88774341344833385 0.41191250085830694 0.38046129047870642 1.0000000180025095e-35 0.78351232409477245 0.064583335071802153 0.69028213620185863 0.46616588532924658 0.89699381589889537 0.97619047760963451 0.10555555671453477 0.30384616553783422 0.6308579444885255 0.29736660420894628 0.95672976970672619 0.8521554470062257 0.28778468072414404 0.78888890147209179 0.98147514462471019 0.90815371274948131 0.83424907922744762 1.0000000180025095e-35
decision_type=2 2 2 2 2 2 2 2 2 2 2 2 2 2 2 2 2 2 2 2 2 2 2 2 2 2 2 2 2 2 2 2 2 2 2 2 2 2 2 2 2 2 2 2
left_child=1 10 3 4 9 18 26 15 11 12 38 -9 22 -14 21 17 -17 -6 20 27 -5 -4 -2 35 -25 34 -3 -20 -26 -30 32 -22 -7 -34 -12 -8 -11 -38 -1 40 -36 -41 -10 -27
right_child=2 6 14 5 7 30 23 8 42 36 25 -13 13 -15 -16 16 -18 -19 19 -21 31 -23 -24 24 28 43 -28 -29 29 -31 -32 -33 33 -35 39 -37 37 -39 -40 41 -42 -43 -44 -45
leaf_value=0.45437234972935742 -0.0090740896210795684 -0.078155974528262354 -0.014843309976375778 -0.021346472554597734 0.01193042066726345 0.082649843749233454 0.0078146883840453114 0.069186901085963176 0.045042739039346739 0.030467747763956332 -0.058316179758415188 0.0079289683781494751 -0.14224959390371647 -0.019406560995564173 0.079298651185336008 0.084827303587428945 0.015596890654812614 -0.038313383843132112 -0.022643844434489187 0.068235992458589897 0.015607323819511115 0.073561350733164707 0.013986091511250083 0.11623167347558006 -0.056087412099943314 -0.019943772367421186 -0.02311738593285128 -0.10072239616666247 0.38019871043545955 -0.0010987585188142869 0.072831099579612424 0.042835919639101112 -0.047115178607348991 0.046166725514223426 -0.0036246702670522813 -0.063458488693218879 -0.0096883758518835281 0.021800503006205743 -0.076574923498071587 0.037937767614235382 -0.11692132663984367 0.0043886683521629534 0.072082935775619555 0.027127038230174132
leaf_weight=0.27636085916310449 2630.2908604955301 1989.4296916117892 50.650415501557291 88.860068652778864 219.53292022459209 55.65118816588074 19.899808363523334 83.465369709767401 176.53299770690501 244.48633181117475 27.427744561806321 303.35213694535196 26.90151940099895 49.234187760390341 706.78490313421935 97.194339564070106 1186.8145216591656 137.40913166105747 120.68732313066721 36.98800485022366 207.07657326757908 47.788883204571903 413.8718172814697 12.553166658151893 38.811214382760227 34.086223165504634 41.922567957546562 23.836535282433033 1.6479722233489145 99.195118668489158 373.30238310620189 322.04663916677237 19.478760366328061 178.97528484370559 1212.9845738182776 88.723390991799533 184.62947715446353 225.33458398934454 48.579412841703743 80.518132544122636 8.3200382292270643 326.55095921177417 222.74688365310431 277.99908749200404
leaf_count=4 41232 440135 931 512 2105 1681 1458 2207 5532 3622 2399 4408 175 987 50512 2729 23005 1148 746 621 1456 2381 7489 255 1830 430 3592 137 23 1839 22708 5751 204 5482 12092 8235 1656 3955 6562 385 35 1773 10211 4137
internal_value=-0.000539227 -0.0374441 0.0183156 0.0125397 0.00709616 0.0361994 -0.0707316 0.0231959 0.0409463 -0.00325549 0.000389713 0.0211469 -0.00732662 -0.0628115 0.0730364 0.0146926 0.0208374 -0.00741154 0.0156604 -0.014378 0.0244832 0.0280741 -0.00593892 -0.0217571 -0.00131518 0.00222591 -0.0770201 -0.0355215 -0.0118812 0.00513238 0.0623718 0.0321798 0.0470062 0.0370109 -0.00149845 -0.0504012 0.0161549 0.00761932 -0.0735715 -0.000541434 -0.00439649 0.0110247 0.0601277 0.0219859
internal_weight=12742.8 4308.93 8433.92 7628.7 6201.8 1426.9 2292.18 2427.05 786.097 3774.75 2016.74 386.818 3120.3 76.1357 805.224 1640.95 1284.01 356.942 799.495 181.512 617.983 98.4393 3044.16 260.831 152.207 1967.89 2031.35 144.524 139.654 100.843 627.408 529.123 254.105 198.454 1655.8 108.623 654.45 409.964 48.8558 1628.37 1221.3 407.069 399.28 312.085
internal_count=688767 485184 203583 149759 110461 39298 457367 51345 22358 59116 27817 6615 49883 1162 53824 28987 25734 3253 9223 1504 7719 3312 48721 13640 3947 21251 443727 883 3692 1862 30075 7207 7367 5686 16684 9693 9233 5611 6566 14285 12127 2158 15743 4567
is_linear=0
shrinkage=0.08


Tree=52
num_leaves=45
num_cat=0
split_feature=7 8 4 7 12 3 12 1 4 1 4 3 4 11 4 4 6 8 11 3 6 4 8 12 3 3 7 6 7 5 3 12 11 3 3 4 4 8 0 3 1 4 8 2
split_gain=1220.02 800.565 391.672 137.785 140.24 113.147 110.631 60.0534 44.1742 41.6504 53.3295 40.2142 39.1415 35.6068 34.719 34.3066 53.9604 40.6411 32.4944 32.4234 30.0221 47.4249 28.0479 27.6287 25.8341 24.4164 21.5522 21.1697 21.065 20.4076 28.7325 21.327 19.8387 17.5453 16.1478 14.1841 14.1169 13.8944 11.8026 18.9325 16.94 11.2764 10.3055 9.97797
threshold=0.54953444004058849 0.22611077129840854 0.90873014926910411 0.98974332213401806 1.0000000180025095e-35 0.65419578552246105 1.0000000180025095e-35 0.87206766009330761 0.80909091234207164 0.86240702867507946 0.76388889551162731 0.96051946282386791 0.19090909510850909 0.89715632796287548 0.78888890147209179 0.73030304908752453 0.2419017776846886 0.64226880669593822 0.79175817966461193 0.96178188920021068 0.3483316451311112 0.19090909510850909 0.46190130710601812 1.0000000180025095e-35 0.37617924809455877 0.97646731138229381 0.43494854867458349 0.072077922523021712 0.91388580203056347 1.0000000180025095e-35 0.90521115064620983 1.0000000180025095e-35 0.78351232409477245 0.9529346525669099 0.89699381589889537 0.064583335071802153 0.78888890147209179 0.38046129047870642 0.88047617673873912 0.98213717341423046 0.83250823616981517 0.10555555671453477 0.29736660420894628 0.18677325546741488
decision_type=2 2 2 2 2 2 2 2 2 2 2 2 2 2 2 2 2 2 2 2 2 2 2 2 2 2 2 2 2 2 2 2 2 2 2 2 2 2 2 2 2 2 2 2
left_child=1 12 3 4 9 20 32 14 28 15 18 -12 -1 23 19 17 -17 -2 -11 -6 21 35 -22 -4 -24 -10 42 -28 -9 30 -14 -31 43 -16 36 -5 41 -29 40 -40 -32 -7 -8 -3
right_child=2 6 13 5 7 34 26 8 25 10 11 -13 29 -15 33 16 -18 -19 -20 -21 22 -23 24 -25 -26 -27 27 37 -30 31 38 -33 -34 -35 -36 -37 -38 -39 39 -41 -42 -43 -44 -45
leaf_value=-0.073066569083227256 -0.019496829020486078 -0.036469687870823012 -0.013595249257126534 -0.03065913008217876 0.011021567566592018 0.082081541527435353 0.0078429296934045632 0.040310136735888562 -0.14737940141272191 0.19189733237861917 -0.10510512239950945 -0.0063677719379032502 -0.045695350688355306 0.079001716304771166 -0.097021048081427821 0.11108312121891574 -0.05039853672979467 0.0014242604940954565 0.022917528517511943 0.03750185935194747 -0.018557974316392029 0.063356610642067976 0.039112975437841084 0.072637862939656628 -0.002358146996317654 -0.0013775821388381125 0.0554383633224751 0.092263585828548586 0.075184549094293521 0.0011076369222271778 0.0070002130257047655 0.025462677428175717 -0.021730317528318579 -0.005240227310998582 0.072083815050214925 -0.11446670737408048 -0.050360133531097404 -0.025822758072598401 -0.036127861522447714 0.044860468478741471 0.19415520710009626 0.03975779730976451 -0.05454300180303015 -0.078786355305603753
leaf_weight=45.414131799247116 851.40132533526048 36.380332546774298 50.866740064695477 105.13734962046146 1387.4349984489381 51.713903854601085 20.239350027404726 359.17980405688286 9.434762002900241 7.3758182441815725 33.525859830901027 124.19669083692133 126.16652199812233 654.79905878473073 25.355513159185648 14.248104404658077 187.86678371205926 1967.6073047630489 579.69834988098592 376.16773241665214 91.084824804216623 36.348355002701283 412.48146223463118 44.653098787181079 125.3496739603579 32.87126586958766 34.93448187969625 6.871016568504273 160.3275283286348 1473.1988439639099 7.4001153954304737 272.70313485432416 41.067168035078794 28.106808498501778 348.03137642424554 14.736028634011744 9.5023295162245613 88.709517898503691 39.368198220618069 34.805531414225698 5.3206385490484536 182.3572115842253 104.15223990613595 1804.7504958477803
leaf_count=6566 23874 6787 931 658 21160 1681 1462 10754 78 168 263 1928 5836 50512 167 111 1933 19241 11598 9688 520 621 6497 2381 834 753 593 89 8208 10553 120 4137 3592 537 22708 93 117 2134 283 278 44 5569 9362 433348
internal_value=-0.000516961 -0.0359618 0.0172292 0.0117311 0.00660586 0.0346063 -0.0700251 0.0218121 0.0446714 -0.00299971 0.0139448 -0.0273556 0.000357208 0.0723455 0.0147443 -0.00717704 -0.0390149 -0.00489436 0.0250405 0.0166697 0.0146982 -0.0166897 0.022495 0.0267165 0.0294475 -0.0339378 -0.0205648 0.00214482 0.0510729 0.00205937 -0.0213145 0.0049118 -0.0767235 -0.048769 0.0610268 -0.0409616 0.045228 -0.0173339 0.0140853 0.00187538 0.0852805 0.0491085 -0.0443924 -0.0779502
internal_weight=12413.3 4141.48 8271.86 7521.54 6144.8 1376.74 2137.1 2378.88 561.813 3765.92 744.797 157.723 2004.38 750.319 1817.07 3021.12 202.115 2819.01 587.074 1763.6 785.138 156.222 628.916 95.5198 537.831 42.306 254.907 130.515 519.507 1958.96 213.061 1745.9 1882.2 53.4623 591.605 119.873 243.573 95.5805 86.8945 74.1737 12.7208 234.071 124.392 1841.13
internal_count=688767 485184 203583 149759 110461 39298 457367 51345 19793 59116 13957 2191 27817 53824 31552 45159 2044 43115 11766 30848 9223 1372 7851 3312 7331 831 13640 2816 18962 21251 6561 14690 443727 704 30075 751 7367 2223 725 561 164 7250 10824 440135
is_linear=0
shrinkage=0.08


Tree=53
num_leaves=45
num_cat=0
split_feature=7 8 2 11 12 12 10 3 8 6 3 0 10 8 10 11 6 8 7 6 2 12 10 8 3 11 11 10 8 0 3 3 3 2 7 12 6 7 6 7 8 0 7 0
split_gain=1073.36 762.704 310.71 147.993 117.199 104.798 77.6246 97.7128 77.1632 58.9854 33.4804 30.7531 27.3808 39.496 26.8658 22.8064 31.804 25.2573 21.9764 20.9961 19.0506 18.6856 18.6416 33.9118 29.5395 15.8977 15.1206 14.6405 22.0638 18.6482 14.3997 13.8766 12.8158 47.1552 17.3637 13.4192 12.3707 11.5361 11.1525 10.8636 12.3073 12.4829 10.6737 10.1136
threshold=0.54416766762733471 0.22611077129840854 0.9495762586593629 0.99925094842910778 1.0000000180025095e-35 1.0000000180025095e-35 1.0000000180025095e-35 0.61435899138450634 0.92870518565177929 0.60996279120445263 0.71010184288024913 0.54261502623558056 0.35000000149011617 0.95090001821517955 1.0000000180025095e-35 0.98671081662178051 0.36899313330650335 0.64226880669593822 0.84237241744995128 0.19098278135061267 0.86222714185714733 1.0000000180025095e-35 0.35000000149011617 0.97881317138671886 0.63944444060325634 0.3712777048349381 0.78351232409477245 0.75000000000000011 0.39258070290088659 0.29818989336490637 0.69028213620185863 0.82287582755088817 0.96449580788612377 0.9634092152118684 0.75083893537521373 1.0000000180025095e-35 0.089898992329835906 0.22660961002111438 0.2522727251052857 0.38364128768444067 0.38605175912380224 0.87428161501884472 0.43963837623596197 1.0000000180025095e-35
decision_type=2 2 2 2 2 2 2 2 2 2 2 2 2 2 2 2 2 2 2 2 2 2 2 2 2 2 2 2 2 2 2 2 2 2 2 2 2 2 2 2 2 2 2 2
left_child=1 10 3 4 8 26 11 9 15 -8 38 -6 13 31 32 17 -17 -2 -13 -9 27 -12 23 -10 -24 -23 -3 29 43 -7 -30 -5 -4 36 35 -35 -34 -27 -1 -22 -41 -42 -31 -29
right_child=2 5 14 12 6 20 7 19 22 -11 21 18 -14 -15 -16 16 -18 -19 -20 -21 39 25 24 -25 -26 37 -28 28 30 42 -32 -33 33 34 -36 -37 -38 -39 -40 40 41 -43 -44 -45
leaf_value=-0.021402322468294953 -0.013323417419336726 -0.07786042753137043 0.076103248176910901 -0.11688267412395725 0.091187027192812811 0.22825731256881807 -0.013073659765426363 0.055805804927361986 -0.0068635831769680786 0.034223495818203505 -9.0404109226730725e-05 -0.017639322911698421 0.077542177993792663 -0.3261856393574824 0.074897853350179622 -0.024469660443051919 -0.18631429941256103 0.0012250250721388993 0.011307070889191327 0.033959834080407834 -0.030944398012443339 0.26727545734347075 0.010871866429776304 0.05284787368255122 0.042013309945744363 0.01942526878346372 -0.025585481097715596 0.23341771971278633 -0.071655433715379774 -0.074135137900002035 0.021033241340103967 0.055663890956078758 -0.12638266158275438 -0.038116276018846533 0.074456071044997019 0.07177234321904559 0.0083167560065466016 0.18716354261805174 -0.068362894538123817 0.14384760530487364 0.22780936284507106 0.011678907019688919 -0.021943636663552098 0.052257744306953534
leaf_weight=106.57636024989188 1142.6884646862745 1695.7595468810759 38.579151645302773 3.7232704078778669 23.030665370635688 1.4998412504792202 382.0902076177299 631.14942980650812 306.37990479916334 302.24320598877966 1565.4513224982657 328.07304472662508 244.19391572847962 2.3560444246977559 557.91868729051203 33.88894731272012 10.082790549844502 2302.8140832670033 343.73287126608193 508.33980800490826 22.582530461251736 1.6888295570388425 386.85385670233518 75.964421424083412 392.9613488772884 268.83922766568139 36.168355930130929 2.3204434886574736 24.903803534805775 71.189407780766487 18.843895001336932 15.002981736324728 14.542320298030974 20.385385191068053 56.662125687114894 10.922982831485571 6.2342306822538367 2.6499320119619361 46.481770012062043 5.9715469125658265 1.7873638314194966 39.650883811991662 38.717053162865341 13.143129242584108
leaf_count=5764 28093 438556 473 73 516 8 2900 27374 2168 5139 13521 2283 17327 53 45329 645 140 29591 2704 16390 1403 20 4704 954 13346 4247 3510 17 1084 8797 159 659 89 263 3744 367 43 33 4230 107 27 726 992 199
internal_value=-0.00049766 -0.0346354 0.016126 0.0113126 0.00914174 -0.0698958 0.0230413 0.03171 0.00161573 0.00781564 0.000285936 0.000287439 0.0699903 -0.0174824 0.0668742 -0.00433055 -0.0615809 -0.00359991 -0.00282876 0.0460601 -0.0204236 0.00327859 0.0194699 0.00499993 0.0265645 0.0225846 -0.0767688 -0.0348414 -0.00269681 -0.051926 -0.0317307 0.0213571 0.0364887 0.022435 0.0480365 0.000222085 -0.0859646 0.0210625 -0.0356636 0.0147223 0.0364745 0.0210013 -0.0557495 0.0794424
internal_weight=12105 3964.23 8140.81 7435.57 7170.29 1972.54 2518.66 1823.82 4651.63 684.333 1991.69 694.837 265.276 21.0823 705.245 3489.47 43.9717 3445.5 671.806 1139.49 240.61 1838.63 1162.16 382.344 779.815 273.178 1731.93 170.618 59.2113 111.406 43.7477 18.7263 147.326 108.747 87.9705 31.3084 20.7766 271.489 153.058 69.9923 47.4098 41.4382 109.906 15.4636
internal_count=688767 483400 205367 155059 136947 455585 57306 51803 79641 8039 27815 5503 18112 785 50308 58469 785 57684 4987 43764 13519 17821 21172 3122 18050 4300 442066 11256 1459 9797 1243 732 4979 4506 4374 630 132 4280 9994 2263 860 753 9789 216
is_linear=0
shrinkage=0.08


Tree=54
num_leaves=45
num_cat=0
split_feature=7 10 4 4 11 7 12 7 4 1 10 3 1 10 3 8 3 11 7 7 3 5 1 10 10 4 10 8 12 1 10 3 4 3 10 6 6 8 10 3 3 11 4 4
split_gain=929.209 563.84 359.919 183.598 107.746 103.59 83.1182 62.9529 54.0634 68.0295 71.2331 52.0688 48.2201 45.1915 42.6527 42.0883 40.7202 40.2434 37.0946 49.5553 33.8891 29.2443 38.1246 27.3597 26.8961 26.5346 25.8579 30.9685 25.4662 25.2629 22.2006 51.0715 21.4433 20.8001 19.9778 18.9279 18.8256 18.1251 17.6003 17.0631 15.8743 15.396 14.5577 12.7424
threshold=0.67658114433288585 1.0000000180025095e-35 0.90873014926910411 0.30384616553783422 0.99925094842910778 0.51244834065437328 1.0000000180025095e-35 0.89402851462364208 0.76388889551162731 0.84273937344551098 0.75000000000000011 0.86391696333885204 0.18350168317556384 0.75000000000000011 0.9797959327697755 0.92870518565177929 0.82952776551246654 0.47796006500720983 1.0000000180025095e-35 0.43085423111915594 0.31698563694953924 1.0000000180025095e-35 0.85857143998146068 0.35000000149011617 0.35000000149011617 0.095454547554254546 0.35000000149011617 0.95090001821517955 1.0000000180025095e-35 0.7933771312236787 1.0000000180025095e-35 0.680425524711609 0.12916667014360431 0.63453349471092235 0.35000000149011617 0.10762548446655275 0.22335600852966311 0.53365698456764232 0.75000000000000011 0.61167800426483165 0.31698563694953924 0.59570512175560009 0.38750000298023229 0.27922078967094427
decision_type=2 2 2 2 2 2 2 2 2 2 2 2 2 2 2 2 2 2 2 2 2 2 2 2 2 2 2 2 2 2 2 2 2 2 2 2 2 2 2 2 2 2 2 2
left_child=1 5 4 11 6 40 8 30 9 15 -11 12 24 18 35 -2 20 39 34 -20 -9 22 42 -18 -3 -13 27 -6 -14 -19 32 -32 -8 -30 -5 -10 -21 -26 -16 -7 -1 -23 -15 -27
right_child=2 3 -4 13 26 17 7 16 14 10 -12 25 28 21 38 -17 23 29 19 36 -22 41 -24 -25 37 43 -28 -29 33 -31 31 -33 -34 -35 -36 -37 -38 -39 -40 -41 -42 -43 -44 -45
leaf_value=0.37507649313923069 -0.0051723404972186249 0.46961282783676411 0.076252368842484874 0.0047173788343233347 0.012244786056062997 0.13273739459157727 0.08612150414408079 0.053570250690357632 0.085047770268825304 0.007330854379173378 0.057087465638530087 0.16588364665215649 -0.07212808776658379 -0.10813817820381484 -0.026686944944978103 0.015568047337544742 0.024095431529413069 -0.052476392149227717 -0.071110451684469403 0.026675012230935581 0.0099576120364135851 0.28335866267409571 0.10809378352245295 0.065386807509956291 0.013970373963165406 -0.0070636359675195536 0.075156241440247615 -0.32033052069767498 -0.056528936498223673 -0.002861843022725314 -0.0086104075157479761 0.035400553654056928 -0.007351371771381887 0.018440443137475955 -0.03045566162517227 -0.10049362359277629 -0.041383979052670938 -0.054130891492757842 0.04222205379579947 0.5505315968562734 -0.07799645351812394 0.059339634367033697 -0.00021622162324789023 0.18411761171888699
leaf_weight=0.49511317489668627 2470.6526497201994 0.75825793109834094 596.55941039416939 1745.5472392365336 15.507125358097257 5.226196158444508 16.268237150274217 156.21879986301064 3.7302672937512389 481.75730628985912 298.08329822588712 8.6937323978636396 392.92571487301029 17.387890243902802 111.68216329067945 838.78334117680788 146.36563976574689 132.45553321857005 107.20838205143809 78.493432274553925 422.22345191147178 1.9967345832847048 12.095376396784557 344.25397081766278 76.012018466833979 28.700664226897064 199.01400965824723 2.026048704981803 59.538571879733354 130.28936184383929 276.360804554075 433.35890360549092 455.51271301135421 39.332051307428628 109.85336547531188 62.085533123463392 38.902634576428682 37.278737436514348 30.119319437071681 0.71070140437223006 1289.4312604092993 117.75187383918092 14.814943165751172 2.419291377067565
leaf_count=13 24720 8 52290 13791 588 214 456 3766 56 5074 14346 192 80598 1849 738 12569 1795 11791 23257 2934 6217 131 354 18886 8127 1951 14755 39 2138 2312 2381 16587 3043 842 899 484 1730 1074 1406 30 350218 3338 691 77
internal_value=-0.000761031 -0.0296279 0.0166845 -0.00871033 0.0114309 -0.0684098 0.00959462 0.0220493 0.00307128 0.00509324 0.0263496 -0.0463037 -0.0521276 0.00210604 -0.0367537 8.43533e-05 0.0361152 -0.0232196 -0.00108222 -0.0317882 0.021736 0.042531 -0.0130042 0.0530684 -0.00526026 0.0423184 0.0669509 -0.026186 -0.0629963 -0.0278736 0.00932202 0.0182629 -0.00412818 -0.0267051 0.00263488 -0.0899776 0.00412167 -0.0084386 -0.0120503 0.182751 -0.0778226 0.063075 -0.0584886 0.00779895
internal_weight=11808.9 4448.32 7360.56 2889.71 6764 1558.61 6547.46 2250.56 4296.89 4089.28 779.841 645.659 605.845 2244.05 207.617 3309.44 1069.06 268.682 2080.01 224.604 578.442 164.047 44.2982 490.62 114.049 39.8137 216.547 17.5332 491.796 262.745 1181.5 709.72 471.781 98.8706 1855.4 65.8158 117.396 113.291 141.801 5.9369 1289.93 119.749 32.2028 31.12
internal_count=688755 508559 180196 143981 127906 364578 112524 53131 59393 56709 19420 95007 92787 48974 2684 37289 30664 14347 42611 27921 9983 6363 2894 20681 9209 2220 15382 627 83578 14103 22467 18968 3499 2980 14690 540 4664 9201 2144 244 350231 3469 2540 2028
is_linear=0
shrinkage=0.08


Tree=55
num_leaves=45
num_cat=0
split_feature=7 8 4 7 11 1 12 7 7 12 1 4 1 3 1 4 4 3 12 3 4 6 3 5 3 12 3 1 3 0 8 8 12 12 4 11 8 3 1 8 3 6 11 12
split_gain=813.471 474.748 338.705 302.992 99.8545 76.3758 72.7887 59.363 50.2201 48.9288 45.7861 36.87 38.1842 35.0597 33.0995 32.3388 30.7022 28.3132 27.2393 25.694 22.5026 22.18 21.8528 19.5185 35.7389 18.0549 16.9136 15.4255 15.2362 14.3002 17.5207 14.1238 12.9087 12.3935 12.835 12.5424 12.2857 11.7293 11.1825 10.6412 10.5808 10.121 9.33608 11.1315
threshold=0.67658114433288585 0.22611077129840854 0.90873014926910411 0.47769485414028173 0.99925094842910778 0.72627374529838573 1.0000000180025095e-35 0.94764256477355968 0.98192706704139721 1.0000000180025095e-35 0.85565477609634411 0.76388889551162731 0.84273937344551098 0.59516963362693798 0.86526826024055492 0.76388889551162731 0.19090909510850909 0.99397590756416332 1.0000000180025095e-35 0.84475743770599376 0.10555555671453477 0.65881377458572399 0.96051946282386791 1.0000000180025095e-35 0.98213717341423046 1.0000000180025095e-35 0.68457102775573742 0.90815371274948131 0.31698563694953924 0.22792208194732669 0.36136806011199957 0.49085332453250891 1.0000000180025095e-35 1.0000000180025095e-35 0.27922078967094427 0.63484570384025585 0.46190130710601812 0.84028983116149913 0.55351883172988903 0.40770515799522405 0.92403846979141246 0.12613636255264285 0.89715632796287548 1.0000000180025095e-35
decision_type=2 2 2 2 2 2 2 2 2 2 2 2 2 2 2 2 2 2 2 2 2 2 2 2 2 2 2 2 2 2 2 2 2 2 2 2 2 2 2 2 2 2 2 2
left_child=1 16 4 9 6 18 8 14 11 -3 36 12 -2 -7 22 -16 -1 -13 21 28 32 26 -8 24 37 -22 -5 29 -9 30 -11 -23 -15 -25 38 -36 -10 -18 -35 -20 -6 -39 43 -4
right_child=2 3 42 5 40 13 7 19 10 27 -12 17 -14 20 15 -17 23 -19 39 -21 25 31 -24 33 -26 -27 -28 -29 -30 -31 -32 -33 -34 34 35 -37 -38 41 -40 -41 -42 -43 -44 -45
leaf_value=-0.068638409069823325 -0.0044792178155079057 -0.079138714915449673 -0.037642438384709424 -0.072688344213584333 0.018349635062155919 0.49417378559185493 0.00084832117880759424 0.058266820149522627 -0.015270312167783327 0.28587104459525636 0.064054633684281784 -0.082387240114122379 0.017522334097682557 0.33455451318496543 0.043767934407492257 -0.0082261315213842251 -0.057852149078550179 -0.015731756065944111 0.049440258934708201 0.067807826259332418 -0.0049269278116866192 0.037111318265225561 0.026322394153272512 0.0018695314403658423 0.050611317661216293 0.032657330668638108 -0.030769734747917919 0.015516151424084489 0.020639519166063464 -0.051518427350610518 -0.021058077318267702 -0.036574630722000734 0.078590243724395464 0.2057496404287851 0.015558136549676478 0.19731331919630232 0.015227901530696848 -0.03813113201830718 0.029666367762795645 -0.014480299906009849 0.072920580278143007 0.01730239687157931 0.078029220260128276 0.071076390058591538
leaf_weight=40.224512172164395 2415.7939055385068 1345.1315286571626 9.9480912378057837 170.91881178086624 26.091308929026127 0.97412428632378478 953.35127915907651 95.155155068263412 94.403523465618491 1.8006587326526631 123.06704741436988 58.506963853724301 638.21580747608095 2.0421053322497746 342.50070187821984 98.598891092464328 83.86443954333663 134.642767672427 18.966597545892 187.90599383786321 193.60492156585678 27.982748759211972 278.4757564086467 1463.924416651018 36.608994482085109 141.65324523020536 96.318829775089398 35.373162785544991 249.35778874903917 106.23604055028409 3.5115283466875553 41.099685475463048 3.296519510447979 4.3898888770490867 255.18638505320996 2.4532486153766504 808.57029315270483 52.878812290728092 4.8677856726571918 137.55481675080955 176.99889904353768 35.052569292485714 528.88419853430241 15.292960601858795
leaf_count=6612 23317 406301 490 31465 556 65 13811 2601 496 11 7079 493 12153 45 12894 2266 5209 2012 192 10554 7475 3576 6822 10517 297 2691 12048 1395 4183 10566 79 2402 37 36 4056 52 13843 489 41 2256 14826 646 50509 1291
internal_value=-0.000726191 -0.0282581 0.0156577 -0.0527607 0.0106732 -0.0141543 0.00894165 0.0207454 0.00284986 -0.0743509 0.0182783 -0.00202523 0.000118586 0.0149187 0.0133409 0.0321457 0.000540086 -0.0359224 -0.0343039 0.0440114 0.013548 -0.0471344 0.00660717 0.00197502 -0.0211547 0.0109532 -0.0575799 -0.030516 0.0310323 -0.0451133 0.0829809 -0.00672717 0.1765 0.00476003 0.0206143 0.0172888 0.0120394 -0.0364478 0.113163 -0.00673468 0.0659098 -0.0160334 0.0757607 0.0282277
internal_weight=11541.7 4305.92 7235.76 2326.47 6681.64 834.412 6478.55 2205.35 4273.2 1492.05 1026.04 3247.16 3054.01 341.571 1672.93 441.1 1979.45 193.15 492.841 532.419 340.597 336.32 1231.83 1939.23 208.405 335.258 267.238 146.921 344.513 111.548 5.31219 69.0824 5.33862 1730.82 266.897 257.64 902.974 171.796 9.25767 156.521 203.09 87.9314 554.125 25.2411
internal_count=688755 508559 180196 480604 127906 62252 112524 53131 59393 418352 21418 37975 35470 10313 35793 15160 27955 2505 51939 17338 10248 49491 20633 21343 6641 10166 43513 12051 6784 10656 90 5978 82 14702 4185 4108 14339 6344 77 2448 15382 1135 52290 1781
is_linear=0
shrinkage=0.08


Tree=56
num_leaves=45
num_cat=0
split_feature=7 8 1 12 10 3 10 7 0 1 1 0 2 0 5 10 10 11 3 3 0 12 7 8 10 8 7 11 5 2 12 7 11 2 2 10 11 10 7 3 0 5 1 10
split_gain=714.409 626.803 285.176 111.838 100.509 99.027 113.611 69.5693 61.9606 98.3794 91.1649 55.1226 47.5202 39.8991 36.5505 38.68 35.0512 30.7674 28.7338 27.3774 25.8679 25.531 20.4006 17.6718 17.1656 17.0874 16.1245 15.8452 21.5773 31.6577 15.6411 24.1797 15.5328 14.9753 14.2997 98.4908 22.5051 13.43 13.4102 13.0845 18.1093 12.3919 12.0023 11.68
threshold=0.55585265159606945 0.24037037044763568 0.92805382609367382 1.0000000180025095e-35 1.0000000180025095e-35 0.97700846195220958 0.75000000000000011 0.98974332213401806 0.92637759447097789 0.83424907922744762 0.86240702867507946 0.86616915464401256 0.85565477609634411 0.99504950642585765 1.0000000180025095e-35 0.75000000000000011 0.35000000149011617 0.78351232409477245 0.89512962102890026 0.71010184288024913 0.95488464832305919 1.0000000180025095e-35 0.41191250085830694 0.94257584214210521 0.75000000000000011 0.38046129047870642 0.33260554075241094 0.99925094842910778 1.0000000180025095e-35 0.77003204822540294 1.0000000180025095e-35 0.92352676391601574 0.98671081662178051 0.82413583993911754 0.18677325546741488 0.75000000000000011 0.35913865268230444 1.0000000180025095e-35 0.72245565056800853 0.65648320317268383 0.4970588237047196 1.0000000180025095e-35 0.98147514462471019 0.75000000000000011
decision_type=2 2 2 2 2 2 2 2 2 2 2 2 2 2 2 2 2 2 2 2 2 2 2 2 2 2 2 2 2 2 2 2 2 2 2 2 2 2 2 2 2 2 2 2
left_child=1 19 5 17 30 7 20 8 10 13 11 -2 -11 -10 15 -9 23 34 -12 26 -7 -17 24 -16 -5 -24 41 28 29 -8 31 -4 -30 -22 35 -3 -37 -35 -6 -27 -41 -1 -32 -19
right_child=2 3 4 22 38 6 27 14 9 12 18 -13 -14 -15 16 21 -18 43 -20 -21 33 -23 25 -25 -26 39 -28 -29 32 -31 42 -33 -34 37 -36 36 -38 -39 -40 40 -42 -43 -44 -45
leaf_value=-0.063756531047790041 0.00030703966888717151 1.5953194626672831 -0.024338867741289918 -0.065443569989969183 0.033102795851278032 0.091882289947111229 -0.16212184838650731 0.071654718880893559 0.05645500304733133 -0.021873230037154624 0.062811988189636236 -0.034427751918393978 -0.10262046416139259 -0.018415048876574105 0.0024016666741220193 0.0032618631326614589 0.068530108488202193 -0.029627005341484835 0.016817986810667204 0.0030630916115328907 -0.0070671563083828312 0.042363257943768037 0.089500210787267775 -0.16632700669447001 0.020935340841821672 -0.050486809701933248 0.25916176654636597 0.077846788016674037 0.056449921062284719 0.029093625700120206 0.018283751978869663 0.039769259389708829 0.0077126134487281919 0.0090086316096829964 -0.078446928787295811 -0.041765887776297077 0.90006728121221258 0.047623072820788287 0.074707292178651144 0.20537477034341556 0.0020893878996081118 -0.016345067787708858 0.077089932323344879 0.07421215512588189
leaf_weight=58.069384506205097 3222.1546482867561 0.2382213450036933 108.00733609125018 67.322342725936323 53.97372003365308 22.590366660617292 7.4930395931005505 69.501083893701434 69.230785166844726 75.011269476264715 175.8699927860871 321.58499707700685 123.34586090501398 133.19963010307401 14.012273753061892 675.94720503129065 147.81720874737948 36.125626455061138 171.89673805143684 1828.0292112349998 361.45125877019018 126.94246753957123 13.120725254062561 5.5446560624986878 18.845613105222583 32.401941297575831 1.20269743236713 132.10797122493386 369.23085777554661 21.274214465171099 65.71313445083797 57.805470185354352 47.201103210449219 389.62205445580184 1330.5944686280563 33.138176368549466 0.16317244386300345 67.653903485275805 609.51724557951093 2.8841506270691744 101.66895366320387 89.908980028005317 33.555055800825357 8.5790617940947396
leaf_count=7206 51865 8 1793 9390 2521 312 279 2034 944 933 4103 4051 1463 1220 309 9404 6192 3562 4157 18921 3567 2390 257 69 160 1724 28 12383 17025 1233 751 1798 2114 2608 432529 6996 28 2755 60803 42 2083 4050 2574 121
internal_value=-0.000695053 -0.0299812 0.0131192 -0.0664647 0.0546866 0.00740148 0.0261863 0.00240368 -0.00209385 -0.0320444 0.000990768 -0.00284505 -0.0720849 0.00719035 0.0209701 0.0144002 0.0552138 -0.0750063 0.0400777 0.000373882 0.00743247 0.00944407 -0.0155267 -0.0454352 -0.0465518 0.00228681 -0.0325791 0.0535165 0.0462967 -0.0207125 0.0130464 -0.00198957 0.0509257 0.00510233 -0.0771465 -0.0255561 -0.037151 0.0147216 0.0713228 -0.00606851 0.00769712 -0.0349502 0.0381617 -0.00969973
internal_weight=11301.5 3622.29 7679.26 1645.08 928.572 6750.68 1418.62 5332.06 4292.29 400.788 3891.51 3543.74 198.357 202.43 1039.76 872.391 167.374 1408.84 347.767 1977.21 841.318 802.89 236.244 19.5569 86.168 150.076 149.181 577.307 445.199 28.7673 265.081 165.813 416.432 818.727 1364.13 33.5396 33.3013 457.276 663.491 136.955 104.553 147.978 99.2682 44.7047
internal_count=688755 487105 201650 456900 70240 131410 42276 89134 68736 4560 64176 55916 2396 2164 20398 13828 6570 443244 8260 30205 9242 11794 13656 378 9550 4106 11284 33034 20651 1512 6916 3591 19139 8930 439561 7032 7024 5363 63324 3849 2125 11256 3325 3683
is_linear=0
shrinkage=0.08


Tree=57
num_leaves=45
num_cat=0
split_feature=7 8 4 7 11 1 4 3 1 12 4 3 4 2 2 4 3 4 11 2 12 2 12 4 2 3 5 3 4 2 2 0 1 3 2 4 2 3 3 1 7 2 4 3
split_gain=663.963 497.001 289.523 144.62 87.9227 75.0539 89.3961 64.7185 54.5581 48.3892 47.0197 322.467 198.714 160.081 60.7337 39.686 40.9513 27.0272 24.5937 22.3098 22.2866 21.1806 17.7861 17.1029 14.5436 13.5097 13.0647 28.2022 12.962 12.6108 12.4134 19.4663 15.5078 12.0854 11.6379 11.4473 11.3059 10.2284 23.7433 10.9745 9.62051 9.606 15.9962 13.2924
threshold=0.59940120577812206 0.22611077129840854 0.90873014926910411 0.47769485414028173 0.99925094842910778 0.83796653151512157 0.76388889551162731 0.97646731138229381 0.74464204907417308 1.0000000180025095e-35 0.064583335071802153 0.60495716333389293 0.19090909510850909 0.30068494379520422 0.60640108585357677 0.55050507187843334 0.98147514462471019 0.2264957278966904 0.89715632796287548 0.63211598992347728 1.0000000180025095e-35 0.88273492455482494 1.0000000180025095e-35 0.10555555671453477 0.84660634398460399 0.85028737783432018 1.0000000180025095e-35 0.98213717341423046 0.83974358439445507 0.18677325546741488 0.58380147814750682 0.83910790085792553 0.62316370010375988 0.92403846979141246 0.24525599926710132 0.47727273404598242 0.78086888790130626 0.61938297748565685 0.59516963362693798 0.88548010587692272 0.54416766762733471 0.7243877947330476 0.10555555671453477 0.33615820109844213
decision_type=2 2 2 2 2 2 2 2 2 2 2 2 2 2 2 2 2 2 2 2 2 2 2 2 2 2 2 2 2 2 2 2 2 2 2 2 2 2 2 2 2 2 2 2
left_child=1 17 4 9 5 10 15 19 20 -3 11 13 24 -2 -14 -7 -17 25 22 -8 21 29 -4 -10 -12 40 27 -19 -9 -5 31 35 36 -6 -13 -28 -32 38 -25 -39 -1 43 -43 -11
right_child=2 3 18 8 33 6 7 28 23 41 12 34 14 -15 -16 16 -18 26 -20 -21 -22 -23 -24 37 -26 -27 30 -29 -30 -31 32 -33 -34 -35 -36 -37 -38 39 -40 -41 -42 42 -44 -45
leaf_value=-0.071050312622927894 0.0097184806820785168 -0.078635411968499755 -0.019393816478311628 -0.007477247649265161 0.013199357847718673 0.052816996684281609 0.096186452783433782 0.010112812928453141 0.2271684301062297 0.059792024582706091 -0.10125120337344022 -0.016291650064214864 0.02718766578256037 -0.043316740045995429 -0.0062885639018348469 0.00641189032480178 0.039159477668617493 -0.033732243771342027 0.077176967513814185 -0.089366518264944406 -0.0080539444170899168 0.82754439636827815 0.069746243865213872 0.7542082208305495 0.12929194434913305 0.038905796495469505 0.043609797526898537 0.045008698542863372 -0.062758957379372121 -0.067709710471024545 -0.042753544861300147 -0.010855218585343619 0.0030912411527337889 0.072595800520268969 0.087808955497200331 0.13730652821743902 0.097956809205207412 -0.010311859394630252 -0.12770369581891836 0.032152927058276319 0.49954190476358706 0.28034123192784621 -0.013952511437552526 -0.0623268459033035
leaf_weight=51.898410380119458 1902.7125781159848 1151.1449041666929 31.05380482506007 26.102582511957735 25.577199460938573 379.83848410192877 4.3898565135896197 211.82870880234987 2.4516376778483382 6.2922204118221989 137.74142473051324 7.0288272919133297 428.07629037648439 450.47956956224516 1827.8473311080597 502.18548067845404 476.0826477278024 157.02649853378534 457.27959944400936 74.98192772641778 84.762965734116733 0.17271360894665022 26.593865768052638 0.38175157690420647 1.7738016415387381 8.6656997590325755 24.909649470821023 35.736551187001169 16.865621109493077 150.58759048744105 67.22606886876747 30.798257670365274 1580.5202490072697 153.49943117331713 310.08902668766677 12.549365520477293 3.8646140624769023 71.572460026713088 0.40018717735074461 85.454509969335049 0.18980685621499915 1.2015307219699014 72.905098155606538 61.0740060727112
leaf_count=8989 20850 406106 780 4240 562 12271 50 4766 36 116 3598 249 6078 5859 28172 16259 14299 4651 50423 712 1727 5 2123 37 21 301 734 293 271 38142 1053 246 11488 14757 9345 86 36 4112 32 2326 2 20 4394 7507
internal_value=-0.000680571 -0.0284276 0.0130993 -0.0599353 0.00878746 0.00731575 0.0220446 -0.016863 -0.0192655 -0.0732092 0.0024713 0.00977124 -0.0056663 -0.000434232 6.37701e-05 0.0308702 0.0223488 -0.0010533 0.0709693 -0.079104 -0.0417817 -0.057946 0.021728 0.0174922 -0.0983201 -0.053584 0.000615317 -0.0191344 0.00473871 -0.0588115 0.00282886 0.0362612 0.00144718 0.0641123 0.0855016 0.0749997 -0.0351043 0.0142348 0.302856 0.0127976 -0.0689711 -0.0290564 -0.00918097 -0.0509206
internal_weight=11113.8 3687.89 7425.93 1714.5 6911 6731.92 1666.17 308.066 421.886 1292.62 5065.75 2670.31 2395.44 2353.19 2255.92 1358.11 978.268 1973.39 514.927 79.3718 261.626 176.863 57.6477 160.261 139.515 60.7539 1912.63 192.763 228.694 176.69 1719.87 68.2573 1651.61 179.077 317.118 37.459 71.0907 157.809 0.781939 157.027 52.0882 141.473 74.1066 67.3662
internal_count=688124 496679 191445 468800 138119 122800 48628 5799 50657 418143 74172 36303 37869 26709 34250 42829 30558 27879 53326 762 44114 42387 2903 6543 3619 9292 18587 4944 5037 42382 13643 1066 12577 15319 9594 820 1089 6507 69 6438 8991 12037 4414 7623
is_linear=0
shrinkage=0.08


Tree=58
num_leaves=45
num_cat=0
split_feature=7 10 4 4 7 12 7 7 0 10 10 4 3 1 0 10 1 10 3 10 3 6 4 10 4 4 1 10 3 7 3 7 11 6 3 0 4 4 6 8 3 4 0 0
split_gain=582.048 424.597 274.297 125.053 121.013 77.1215 71.5491 50.4947 67.9551 45.8454 44.7309 39.5525 118.987 44.6216 38.9253 38.5258 33.0938 32.5045 54.3002 34.069 28.6291 26.2709 25.2768 22.712 22.4714 21.7706 31.6742 52.3985 29.9118 24.7891 21.7094 21.6292 20.8354 20.7023 39.0027 31.8536 28.2063 17.802 17.6824 17.4002 17.2797 16.0841 27.7059 20.5462
threshold=0.70638945698738109 1.0000000180025095e-35 0.90873014926910411 0.30384616553783422 0.51244834065437328 1.0000000180025095e-35 0.94764256477355968 0.98974332213401806 0.73375529050827037 0.75000000000000011 0.75000000000000011 1.0000000180025095e-35 0.63944444060325634 0.21846590936183932 0.41728855669498449 0.35000000149011617 0.84028983116149913 1.0000000180025095e-35 0.59516963362693798 0.75000000000000011 0.86319074034690868 0.87138131260871898 0.27922078967094427 0.75000000000000011 0.10555555671453477 0.76388889551162731 0.82413583993911754 0.75000000000000011 0.99397590756416332 0.95672976970672619 0.90366768836975109 0.38903903961181646 0.55652579665184032 0.22335600852966311 0.99397590756416332 0.93127068877220165 0.90873014926910411 0.27922078967094427 0.11483516544103624 0.5397799313068391 0.8263767957687379 0.47727273404598242 0.84680575132370006 0.64326766133308422
decision_type=2 2 2 2 2 2 2 2 2 2 2 2 2 2 2 2 2 2 2 2 2 2 2 2 2 2 2 2 2 2 2 2 2 2 2 2 2 2 2 2 2 2 2 2
left_child=1 4 5 11 -1 7 17 25 9 -9 33 12 13 23 -6 40 -16 22 19 -19 -8 -11 -7 -3 -20 26 29 -28 38 -2 -13 -14 -15 -5 36 -36 -35 -32 -27 -24 -10 43 -43 -12
right_child=2 3 -4 10 14 6 20 8 15 21 41 30 31 32 16 -17 -18 18 24 -21 -22 -23 39 -25 -26 28 27 -29 -30 -31 37 -33 -34 34 35 -37 -38 -39 -40 -41 -42 42 -44 -45
leaf_value=-0.076892798143137472 -0.00039749008217723091 0.19627087635316984 0.075105123123904466 0.0035524140262463387 0.17647328647198141 0.068348253252665525 0.032046692295358351 0.083588237935801557 -0.10068475597610425 -0.016274688393368743 0.16573087162696276 -0.069039028252766935 -0.034788226741812076 -0.068657866203823983 -0.046111090836088831 0.063900266518748042 0.0069977441223377599 0.093918941466466191 0.078545044663616975 -0.0097732166505477766 0.069045698322172069 0.016265286583924357 0.054298959925813545 -0.010243762284496912 0.030432386372643505 0.08052493895826901 0.00045020695747950641 0.046767403636007121 -0.0063231073672566787 -0.021384395557232677 -0.0097951236755089415 0.15160609108350229 0.15299839595760376 -0.04920404870890116 0.11906097966562518 -0.0045096226549776438 0.1283289983408781 0.22907201199373764 -0.085533910703554206 -0.0095812479906143538 0.013817702790691253 0.13712949726509618 0.037704281906707854 -0.020945871584089754
leaf_weight=957.19077494228259 1832.4718870949 3.4849103242158881 437.28274363745004 1431.8784655004274 6.3440944312605998 30.822054421529174 344.37457990273833 45.002858405932784 12.078413249924777 316.87768486142159 4.1753919520415357 244.3693939296063 4.653925842139869 163.97045355779119 178.10864358209074 245.79580640234053 129.82878022850491 21.603385392576456 69.597002513706684 330.81151622720063 218.94158520549536 318.28058842010796 28.839139588177204 154.9856575562153 578.9698956431821 4.4219617135822764 513.90521490667015 224.6559837302193 135.68163897003978 448.32595528196543 18.97753275255673 27.692131289280951 2.759759251959621 187.32551106647588 13.786088879918678 422.8714549774304 5.9081849006470284 2.2316123184282324 57.056119488552213 507.9778239056468 27.963629733771086 21.155967995291576 117.90458824508823 39.190948619740084
leaf_count=349848 16736 33 51523 27444 179 677 7404 1382 157 3443 316 55558 1074 27059 13055 17920 1928 421 2905 2909 16319 4346 205 10541 24201 56 4518 9459 2099 4595 952 980 98 9694 106 5674 40 44 471 3556 1041 398 3994 2766
internal_value=-0.000649514 -0.0242715 0.0138307 -0.00720841 -0.0627507 0.00958735 0.0219708 0.00327519 0.019315 0.00555978 0.00159512 -0.0389145 -0.0215437 -0.0360985 -0.0196789 0.0520459 -0.02372 0.0131882 0.0218603 -0.00341678 0.0464269 3.12354e-05 -0.00210432 -0.00570232 0.0355953 -0.00154195 0.000139888 0.014539 -0.0272981 -0.00452279 -0.0623006 0.124788 -0.064989 -0.00176449 -0.0138509 -0.000608269 -0.0437759 0.0153383 -0.0735897 -0.00614944 -0.0207212 0.039565 0.0528303 -0.00297229
internal_weight=10890.5 4138.79 6751.74 2867.32 1271.47 6314.45 2131.94 4182.52 965.999 680.161 2244.2 623.125 357.547 325.201 314.282 285.838 307.937 1568.62 1000.98 352.415 563.316 635.158 567.639 158.471 648.567 3216.52 3019.36 738.561 197.16 2280.8 265.579 32.3461 166.73 2061.77 629.891 436.658 193.234 21.2091 61.4781 536.817 40.042 182.427 139.061 43.3663
internal_count=688124 511781 176343 146771 365010 124820 58597 66223 28289 9171 50432 96339 39785 37731 15162 19118 14983 34874 30436 3330 23723 7789 4438 10574 27106 37934 35308 13977 2626 21331 56554 2054 27157 42958 15514 5780 9734 996 527 3761 1198 7474 4392 3082
is_linear=0
shrinkage=0.08


Tree=59
num_leaves=45
num_cat=0
split_feature=7 10 4 4 11 12 7 7 8 3 10 12 1 1 4 8 12 8 4 1 7 8 3 10 3 4 4 10 6 12 4 4 3 1 10 6 0 10 11 3 11 3 10 3
split_gain=507.404 448.638 250.349 120.262 74.7972 65.2911 52.3112 42.1624 38.0185 32.2982 29.113 26.6858 26.5566 25.794 26.2387 25.5776 25.5524 24.7574 21.8526 20.0701 20.0117 34.0418 17.5309 67.1123 61.3164 17.4429 17.0989 16.4754 16.2679 15.2803 15.0644 13.1177 13.0129 12.4299 12.7751 11.7011 11.7011 11.1983 19.456 19.8238 10.828 10.508 10.4332 32.4567
threshold=0.59940120577812206 1.0000000180025095e-35 0.90873014926910411 0.30384616553783422 0.99925094842910778 1.0000000180025095e-35 0.93369963765144359 0.47769485414028173 0.93592900037765514 0.86391696333885204 0.35000000149011617 1.0000000180025095e-35 0.85565477609634411 0.90366768836975109 0.70714285969734203 0.64226880669593822 1.0000000180025095e-35 0.93362700939178478 0.064583335071802153 0.85857143998146068 0.48290473222732549 0.27540570497512823 0.28869047760963445 0.75000000000000011 0.49205549061298376 0.80909091234207164 0.10555555671453477 0.35000000149011617 0.13397436589002612 1.0000000180025095e-35 0.63068181276321422 0.47727273404598242 0.87206766009330761 0.18350168317556384 0.75000000000000011 0.30839161574840551 0.24440020322799685 0.35000000149011617 0.87885946035385143 0.86391696333885204 0.7677670717239381 0.82952776551246654 0.35000000149011617 0.63944444060325634
decision_type=2 2 2 2 2 2 2 2 2 2 2 2 2 2 2 2 2 2 2 2 2 2 2 2 2 2 2 2 2 2 2 2 2 2 2 2 2 2 2 2 2 2 2 2
left_child=1 7 4 9 5 8 13 36 22 11 17 33 27 14 -7 16 37 -6 41 -20 21 -5 23 -2 -24 -15 -11 -8 30 40 31 -22 -30 34 -3 -19 -1 38 -4 -40 -23 -9 -10 -44
right_child=2 3 15 20 10 6 12 18 42 26 -12 -13 -14 25 -16 -17 -18 35 19 -21 28 29 24 -25 -26 -27 -28 -29 32 -31 -32 -33 -34 -35 -36 -37 -38 -39 39 -41 -42 -43 43 -45
leaf_value=0.26762664316566087 0.088368038371725341 0.37678241923059042 -0.037702767065398816 0.0010352753102972126 0.031958284830080383 0.0097940122036279959 -0.017408369103693314 0.039975429355555883 0.0027254549319504985 0.15906841742470978 0.073621913221357776 -0.014060583491314177 0.068855978510772603 0.042832966282972097 -0.023699580519587475 0.076512097161858472 0.070075530841929828 -0.078596176824342751 -0.061237710920507532 0.00097970885944400634 0.032501744627928 -0.074283236977328915 -0.036830306885551597 0.00043675307513824882 -0.0015166651024860335 -0.028665143274959393 0.0022103882610946201 0.033040574087865274 -0.056407091744460847 -0.010484460886908921 0.023762084085601411 0.14887758896596345 0.029666145422594156 -0.073658355611088244 -0.03001228300152484 -0.31219106908002958 -0.078332101699261844 0.047657619133656549 -0.55033026855371103 -0.10330454354908217 0.048111402005479198 0.24777405787823659 0.0032214978224028019 0.038899340097794978
leaf_weight=0.6261559259146442 59.027297414839268 0.50057438015937705 16.484871162101634 1859.3339835158549 11.020614595152439 1176.8106332374737 45.486254782415926 5.3983309278264633 314.97842425759882 5.2922632198315105 142.26688180677593 78.40915475320071 131.54666295088828 197.83305125404149 171.50795790180564 393.71091689309105 29.053788112942129 3.3765395805239669 94.266839386196807 51.20746431639418 9.7115351848769951 67.254610885167494 372.22835654951632 943.36425564903766 2035.4504206958227 24.547501704655588 27.870195127092302 464.55812578927726 16.869177011307329 57.09302665758878 29.198588303988799 17.138246827526018 33.695388101274148 240.19582265964709 38.069545628037304 2.3122046701610088 842.11541624041274 7.0153721435926846 1.006827841512858 1.718668894842267 4.9676615276839575 2.1889821251388639 337.93617685604841 315.57925481721759
leaf_count=6 1173 3 137 16651 494 20468 634 796 2616 109 14674 2831 9146 8371 3182 49561 3020 103 19746 1955 752 24047 6516 7138 33405 498 2007 12540 989 1442 538 446 582 76565 7868 48 338200 495 25 88 1107 39 4268 12845
internal_value=-0.000613059 -0.0256875 0.0115131 -0.00751003 0.00766538 0.00635745 0.0175593 -0.0710597 0.00069765 -0.0482798 0.0618893 -0.0552918 0.0368072 0.00969705 0.00553358 0.0693573 0.0183999 -0.0380046 -0.0324336 -0.039337 8.51812e-05 -0.00172507 -0.00327508 0.00561472 -0.00697617 0.0349406 0.0272427 0.0285415 0.0338517 -0.0414141 0.0635337 0.106785 0.000950687 -0.066889 -0.0247328 -0.173541 -0.0780751 -0.0388482 -0.070439 -0.268441 -0.0658646 0.0999265 0.0146856 0.0204501
internal_weight=10680.2 3481.4 7198.82 2485.6 6749.83 6590.85 2212.29 995.803 4378.56 390.338 158.976 357.175 641.591 1570.7 1348.32 448.99 55.2795 16.7094 153.062 145.474 2095.26 1988.65 3410.07 1002.39 2407.68 222.381 33.1625 510.044 106.613 129.315 56.0484 26.8498 50.5646 278.766 38.5701 5.68874 842.742 26.2257 19.2104 2.7255 72.2223 7.58731 968.494 653.515
internal_count=688124 496679 191445 135937 138119 122800 54839 360742 67961 89383 15319 87267 22320 32519 23650 53326 3765 645 22536 21701 46554 43247 48232 8311 39921 8869 2116 13174 3307 26596 1736 1198 1571 84436 7871 151 338206 745 250 113 25154 835 19729 17113
is_linear=0
shrinkage=0.08


Tree=60
num_leaves=45
num_cat=0
split_feature=7 8 7 4 12 7 1 12 7 3 3 4 0 3 6 11 1 6 2 3 3 11 8 4 2 4 2 11 8 7 3 4 2 1 4 8 4 6 3 4 6 8 4 8
split_gain=414.894 324.517 271.39 250.705 65.5373 56.2116 52.1823 51.804 49.2401 54.8091 39.7893 32.8061 46.8443 28.5959 28.3295 28.1528 37.2582 28.048 23.5772 23.2539 21.0284 20.7822 23.2631 20.6819 20.3302 29.5984 35.7436 29.3939 28.8115 22.3291 20.2545 20.01 19.8931 18.2105 17.7915 16.838 16.6058 23.2664 17.6741 15.6134 15.374 14.7441 13.5508 12.5734
threshold=0.70638945698738109 0.22611077129840854 0.47769485414028173 0.90873014926910411 1.0000000180025095e-35 0.91388580203056347 0.77459675073623668 1.0000000180025095e-35 0.98048734664917003 0.8521554470062257 0.83457711338996898 0.70714285969734203 0.9529346525669099 0.28869047760963445 0.30839161574840551 0.79175817966461193 0.88548010587692272 0.20185185223817828 0.77581480145454418 0.87939393520355236 0.99397590756416332 0.49591098725795751 0.62880185246467601 0.074175827205181136 0.22401433438062671 0.43650794029235845 0.77581480145454418 0.72698858380317699 0.5278482735157014 0.55585265159606945 0.99397590756416332 0.19090909510850909 0.8263767957687379 0.86526826024055492 0.78888890147209179 0.99829351902008068 0.70714285969734203 0.24283374845981601 0.95861870050430309 0.78888890147209179 0.048003071919083602 0.5397799313068391 0.78888890147209179 0.30028901994228369
decision_type=2 2 2 2 2 2 2 2 2 2 2 2 2 2 2 2 2 2 2 2 2 2 2 2 2 2 2 2 2 2 2 2 2 2 2 2 2 2 2 2 2 2 2 2
left_child=1 31 7 4 8 33 24 -3 11 21 13 12 23 -7 -14 16 30 39 -18 41 -19 22 -10 -2 28 26 -26 -27 29 -4 -8 -1 -11 36 40 -15 38 -38 -6 -13 -35 -17 -23 -9
right_child=3 2 6 -5 5 10 15 43 9 32 -12 17 14 35 -16 19 18 20 -20 -21 -22 42 -24 -25 25 27 -28 -29 -30 -31 -32 -33 -34 34 -36 -37 37 -39 -40 -41 -42 -43 -44 -45
leaf_value=-0.062535020581703682 0.0033589975961815571 -0.078367812418790733 -0.025367341549485684 0.074979343260481876 0.00079806402069621213 0.056534757582729675 0.017896959194683523 0.039601467160447969 -0.0030849315109951463 0.020857381342809612 0.055739038093884474 0.015262311972503637 0.049927150257706339 0.0023895364516305661 0.0066818876464969689 -0.10119858018038391 0.42115083595045549 -0.085192757268544292 0.12846015938890992 0.011212790161224281 -0.028538294719449794 -0.002607407652599889 0.038133352781514522 -0.01204360944126393 -0.051935651422326229 0.094841769925657723 0.079495875813552316 -0.017242526861155513 -0.037480288519589927 0.067961966758805462 0.2643177140513982 0.0031714712403710993 0.066346950057116272 0.006537364163590016 -0.0085226337524249279 0.04910945070201117 0.05829270792333606 -0.047370186412371458 0.030951177890901845 -0.026294432961421785 0.050193643492015751 -0.0096028075469454886 -0.093249156198188285 -0.033866718682858517
leaf_weight=30.129376024706289 1154.573587722145 921.30036682309583 25.307888269424438 379.39652724284679 649.18259042687714 108.74803868122399 56.515293541597202 17.246631807414815 150.01076973043382 99.809442921541631 359.43543333793059 122.85457511432469 174.30813872907311 309.41849868372083 218.44681494124234 20.83315480267629 2.0290382129605851 59.096616443246603 13.352999904425813 219.78799674473703 144.33725095447153 438.31249095313251 210.74705130979419 1079.6690644342452 326.84688350278884 18.00907341344282 13.801976902876048 88.861661061644554 68.031540864380077 46.645766854286194 2.2185544460080555 1914.8952872143127 160.40594592457637 76.205327336676419 75.386567041277885 58.743349647149444 16.126799900084734 77.102273311465979 153.90337422862649 109.3762292554602 160.06621658336371 24.444045228883624 10.816243253648279 109.97044665552676
leaf_count=6543 10373 405989 3687 51543 9232 3333 2644 1595 957 5579 23782 2556 4108 5267 2762 497 91 492 678 5246 1792 6055 4726 12000 46055 951 455 1970 1660 1315 48 21286 13236 2942 1672 727 254 1145 3851 1674 6269 426 109 10500
internal_value=-0.000452912 -0.0210415 -0.0438822 0.0118573 0.00798036 0.0196966 -0.0123392 -0.07176 0.00218479 0.0169577 0.0356394 -0.0029769 0.000394916 0.0204908 0.0258745 0.0126456 0.0562324 -0.0233085 0.167069 0.000458074 -0.0449962 0.00669508 0.0209939 -0.00408411 -0.0267635 -0.0350867 -0.0466105 0.0016451 -0.000154999 0.0351357 0.027205 0.00215365 0.0488988 0.00865856 0.0253162 0.0098441 0.00286652 -0.0290926 0.00657661 -0.00431011 0.0361131 -0.0517483 -0.00479031 -0.0239067
internal_weight=10476.7 3920.23 1975.2 6556.48 6177.08 2044.32 926.686 1048.52 4132.76 1070.1 836.345 3062.66 2627 476.91 392.755 339.181 74.1159 435.665 15.382 265.065 203.434 809.887 360.758 2234.24 587.505 447.52 340.649 106.871 139.985 71.9537 58.7338 1945.02 260.215 1207.97 311.658 368.162 896.315 93.2291 803.086 232.231 236.272 45.2772 449.129 127.217
internal_count=688072 511636 483807 176436 124893 58474 65723 418084 66419 30662 33109 35757 29243 9327 6870 9630 3461 6514 769 6169 2284 11847 5683 22373 56093 49431 46510 2921 6662 5002 2692 27829 18815 25365 10883 5994 14482 1399 13083 4230 9211 923 6164 12095
is_linear=0
shrinkage=0.08


Tree=61
num_leaves=45
num_cat=0
split_feature=7 8 7 4 8 12 12 1 7 3 0 3 4 0 5 3 6 4 4 1 7 2 4 2 0 8 7 4 4 3 0 2 6 3 1 4 12 7 8 7 2 7 4 1
split_gain=360.253 293.743 261.277 233.999 57.2311 55.4063 53.0418 45.2505 36.6403 36.063 35.3137 33.1082 28.7014 41.5107 38.3972 30.3108 36.4725 26.5163 24.8143 21.9949 18.6179 18.0348 26.8015 31.287 25.3881 24.6268 18.3522 17.9522 15.7894 13.5339 13.3178 12.9466 12.9449 12.4923 27.3947 26.0827 11.082 11.8469 10.7912 11.9058 17.7399 10.7455 10.4431 13.4524
threshold=0.70638945698738109 0.22611077129840854 0.47769485414028173 0.90873014926910411 0.97881317138671886 1.0000000180025095e-35 1.0000000180025095e-35 0.77459675073623668 0.88960573077201854 0.82952776551246654 1.0000000180025095e-35 0.84680575132370006 0.70714285969734203 0.95180022716522228 1.0000000180025095e-35 0.9797959327697755 0.14160401374101642 0.074175827205181136 0.58571431040763866 0.88548010587692272 0.97735819220542919 0.22401433438062671 0.43650794029235845 0.77581480145454418 0.77459675073623668 0.5219806730747224 0.55585265159606945 0.19090909510850909 0.11805555596947671 0.87939393520355236 0.31662489473819738 0.89699381589889537 0.13680927455425265 0.49205549061298376 0.30068494379520422 0.095454547554254546 1.0000000180025095e-35 0.22660961002111438 0.30028901994228369 0.29526825249195104 0.9495762586593629 0.40633355081081396 0.27922078967094427 0.76506900787353527
decision_type=2 2 2 2 2 2 2 2 2 2 2 2 2 2 2 2 2 2 2 2 2 2 2 2 2 2 2 2 2 2 2 2 2 2 2 2 2 2 2 2 2 2 2 2
left_child=1 27 6 4 5 12 -3 21 33 10 -10 -6 13 17 -15 16 -14 -2 19 28 -17 25 23 -23 -24 26 -4 -1 -9 32 -13 -11 -20 34 -7 -35 42 -38 39 -8 -41 -40 43 -29
right_child=3 2 7 -5 11 8 38 18 9 31 -12 30 15 14 -16 20 -18 -19 29 -21 -22 22 24 -25 -26 -27 -28 36 -30 -31 -32 -33 -34 35 -36 -37 37 -39 41 40 -42 -43 -44 -45
leaf_value=-0.061123693546422227 0.0054613359135632627 -0.078205685610994669 -0.022879839067301972 0.074448852178793365 0.018946587468580335 0.0067760236505809094 -0.015681546326483636 0.21590899218322748 0.05705700754072475 0.036576026698850322 0.0022180548169815962 -0.48607545298106436 0.013150230615726389 -0.051697353881825663 0.032776295173260771 -0.012286534298550741 -0.07956323223900999 -0.010166333902950105 -0.0094627761079609483 0.12346292279946659 0.052837629676998898 -0.049735196547505689 0.11222867097973684 0.073967620327292205 -0.012200737537221005 -0.033989655145113574 0.063095529375332401 -0.055497828953810134 0.016214768258658953 0.0091193139830490679 0.06408454287040867 0.06814619333881955 -0.095091430567419144 0.055562383235996757 -0.061633690932860842 0.0055660786514648277 0.015635645117750441 0.18191927957568096 -0.056807067152489121 0.080359807676153472 0.55126510382160487 -0.0061835514960596662 0.0013757245714647868 0.083865410623811171
leaf_weight=28.429314943728969 1597.0143870487809 852.16068777977489 24.340533641166985 352.6234076153487 324.52652081474662 128.3396473582834 10.988829759415241 2.6632625437341622 93.592807430773973 301.91111962869763 381.43662157747895 0.28208832629024883 38.736022272147238 37.756256827618927 391.84230020456016 317.53624703362584 90.834777057170868 1230.0965179484338 36.124189549358562 20.244864884763956 30.821939867921174 314.52182957530022 11.792671065777538 13.653369647683574 95.335866031935439 69.354470847407356 45.767911645118147 37.248464456293732 52.226682755863294 211.14495390979573 162.7760024247691 114.72611949080601 16.441678503295407 73.276182300411165 52.908275492489338 753.45942121464759 291.52481378614902 2.7681468147784463 54.638123131589964 6.1225464348681262 0.55871605407446612 52.735599417937919 1577.8724255578127 5.0316607728600493
leaf_count=6543 16265 405989 3619 51543 5425 1238 1240 55 3282 13683 5913 21 593 1148 9175 5337 797 17600 957 476 2818 46055 299 455 2622 1809 1234 4782 2155 5503 13433 8564 484 2179 321 17101 4551 55 7828 333 22 2672 11776 122
internal_value=-0.000428861 -0.0198644 -0.0423116 0.0110794 0.00742924 0.00515378 -0.071066 -0.0115558 0.0162772 0.0280901 0.0130227 0.0337233 -0.000504221 0.00218242 0.0253521 -0.0188115 -0.0518459 -0.00133838 0.0116323 0.0521909 -0.0065245 -0.025226 -0.0332471 -0.0445887 0.00149641 -0.000189953 0.0332463 0.00198137 0.0259039 7.65963e-05 0.0631328 0.0452693 -0.0362459 0.00582739 -0.0131935 0.00999741 0.00291847 0.0171997 -0.0224101 0.0355225 0.119739 -0.0319438 0.000324347 -0.0389125
internal_weight=10308.2 3833.69 1890.82 6474.5 6121.87 5634.29 977.205 913.612 1899.65 891.667 475.029 487.585 3734.64 3256.71 429.599 477.929 129.571 2827.11 338.846 75.1348 348.358 574.767 435.304 328.175 107.129 139.463 70.1084 1942.87 54.8899 263.711 163.058 416.637 52.5659 1007.98 181.248 826.736 1914.45 294.293 125.044 17.6701 6.68126 107.374 1620.15 42.2801
internal_count=688072 511636 483807 176436 124893 106014 418084 65723 52281 31442 9195 18879 53733 44188 10323 9545 1390 33865 9630 2686 8155 56093 49431 46510 2921 6662 4853 27829 2210 6944 13454 22247 1441 20839 1559 19280 21286 4606 12095 1595 355 10500 16680 4904
is_linear=0
shrinkage=0.08


Tree=62
num_leaves=45
num_cat=0
split_feature=7 4 4 2 4 7 3 11 12 7 6 7 4 11 6 1 6 3 12 7 7 11 11 1 4 4 3 6 8 3 4 1 6 1 6 3 12 4 2 3 6 8 0 3
split_gain=313.45 252.008 223.124 94.1952 87.8399 113.913 67.1902 54.5387 48.4118 45.6449 44.1787 31.3129 31.0412 37.0783 26.5794 24.6873 24.3806 23.5252 21.9179 42.6582 82.2803 32.8334 21.8487 21.4459 21.1838 20.0649 19.8275 18.6902 17.8851 17.3812 16.8311 32.1695 21.742 16.7852 14.9659 14.8589 14.1138 13.627 13.4437 12.5624 39.3176 12.0361 12.0286 11.9011
threshold=0.73721536993980419 0.43650794029235845 0.90873014926910411 0.86222714185714733 1.0000000180025095e-35 1.0000000180025095e-35 0.65058138966560375 0.99925094842910778 1.0000000180025095e-35 0.50658008456230175 0.51639783382415783 0.93369963765144359 0.70714285969734203 0.94001403450965892 0.29198718070983892 0.8521554470062257 0.20185185223817828 0.99397590756416332 1.0000000180025095e-35 1.0000000180025095e-35 0.45910002291202551 0.79175817966461193 0.60002797842025768 0.96039214730262767 0.78888890147209179 0.074175827205181136 0.87585616111755382 0.20722186565399173 0.65586885809898388 0.96590468287467968 0.70714285969734203 0.84660634398460399 0.19399641454219821 0.87585616111755382 0.10582306981086732 0.92403846979141246 1.0000000180025095e-35 0.30384616553783422 0.93405798077583324 0.96590468287467968 0.19399641454219821 0.5278482735157014 0.86391696333885204 0.71834936738014232
decision_type=2 2 2 2 2 2 2 2 2 2 2 2 2 2 2 2 2 2 2 2 2 2 2 2 2 2 2 2 2 2 2 2 2 2 2 2 2 2 2 2 2 2 2 2
left_child=1 3 7 4 6 43 10 8 12 36 22 30 13 25 -15 -13 33 -18 19 -3 -21 34 -1 24 39 -2 -23 29 -7 42 31 -10 -32 -14 -22 -9 -8 -30 -26 40 -20 -12 -5 -6
right_child=2 18 -4 27 5 28 9 35 11 -11 41 15 16 14 -16 -17 17 -19 23 20 21 26 -24 -25 38 -27 -28 -29 37 -31 32 -33 -34 -35 -36 -37 -38 -39 -40 -41 -42 -43 -44 -45
leaf_value=-0.064000264178384073 0.0061120739144837309 0.001427994578782951 0.075935679689331279 0.13817065926110958 -0.039068481994506667 -0.074920204983255106 -0.080203637242292791 -0.0022712448465712354 0.0066508475775853204 0.12923970941039428 0.012298395511492245 0.023951786933283484 0.061497097002343813 0.044319518361028251 0.0043703031941771898 0.065413057889995407 -0.079644992501294615 -0.02132903909789536 0.015139365514899878 -0.076319786718831453 0.081595012066578862 -0.064830979523018833 0.19776972409729354 0.042544161211482363 -0.02353276230851261 -0.0070912199118090945 -0.0053015792528610496 -0.096950794913837832 -0.08068207502927445 -0.13260871877964542 0.014460760846743182 0.041340238265581579 -0.033832161218112139 -0.0081568957117842972 0.005800448504231369 0.06886499555565935 0.11603103119027615 0.037408349840341588 -0.1266457094021447 0.027703091722039948 -0.078036032362663918 -0.024481832190623339 0.047983200656901856 -0.00096783740700134748
leaf_weight=150.13464389427099 1734.3334825150669 1390.1929348465055 319.33047058060765 11.324754555826074 73.674154385458678 820.60000284959096 11.815052090329116 22.486345655750483 798.0156263820827 31.586395410355181 122.30131362692919 478.64547884091735 24.67469275277108 228.21552388044074 199.9969559777528 113.75454081222415 62.000426799058914 154.84086656104773 149.82682578335516 145.62266980798449 36.006374329794198 44.954554850701243 2.0687600482488042 122.15052994294092 40.236892092740163 1280.5192301273346 176.00266975257546 5.6190517056966192 10.167001985944809 3.0418493920005849 120.14854622911662 217.784876733087 118.51818875223398 215.70488202385604 31.050802450045012 114.39879729738459 2.9267698642797759 16.248967966064811 10.129565049428491 159.88316003559157 35.936401762068272 106.55339493323117 57.623006757348776 182.29765747697093
leaf_count=31693 18896 6988 50657 340 8219 339879 5641 559 13764 646 12841 13176 262 9973 2826 9166 520 1986 3558 73448 2520 814 51 4663 890 16840 3614 342 278 158 3817 8758 2113 4392 3136 14810 248 172 322 3840 1022 2471 2240 5523
internal_value=-0.000408515 -0.0180236 0.0108079 -0.0424103 -0.0467706 -0.0587012 -0.0159805 0.00727334 0.00608468 0.0749911 -0.0270406 0.0167548 0.00103215 0.00363292 0.0256612 0.0319133 -0.0185527 -0.038003 -0.00128008 -0.00540522 -0.0273117 -0.00253283 -0.0604423 0.0132395 0.00420051 0.000504148 -0.0174131 0.0435717 -0.0728345 0.0545399 0.00959648 0.0140882 -0.00952075 -0.00100699 0.0464984 0.0571793 -0.0412442 -0.0080424 -0.0442706 0.0112636 -0.00288567 -0.00482626 0.0627966 -0.011934
internal_weight=10153.3 3949.98 6203.37 1607.98 1530.37 1102.99 427.386 5884.04 5747.15 46.3282 381.058 1846.87 3900.29 3443.07 428.212 592.4 457.221 216.841 2341.99 1823.83 433.637 288.014 152.203 518.163 396.013 3014.85 220.957 77.6087 847.016 71.9896 1254.47 1015.8 238.667 240.38 67.0572 136.885 14.7418 26.416 50.3665 345.646 185.763 228.855 68.9478 255.972
internal_count=688072 515557 172515 410742 407662 354071 53591 121858 106489 6535 47056 50794 55695 48535 12799 22342 7160 2506 104815 90520 83532 10084 31744 14295 9632 35736 4428 3080 340329 2738 28452 22522 5930 4654 5656 15369 5889 450 1212 8420 4580 15312 2580 13742
is_linear=0
shrinkage=0.08


Tree=63
num_leaves=45
num_cat=0
split_feature=7 10 4 7 5 10 11 4 1 10 4 6 3 4 3 0 6 0 3 6 0 3 7 10 4 1 1 10 4 4 10 4 8 6 12 4 0 0 11 4 0 1 5 3
split_gain=294.754 301.291 209.082 126.504 93.6808 65.2233 54.5519 46.5062 41.6797 90.8338 42.2421 40.4672 68.985 39.288 35.8767 35.0964 43.4291 39.8423 33.1514 75.5941 32.7577 32.5183 27.906 28.6079 38.2323 30.6637 27.3809 25.4086 25.1786 24.7965 23.8005 23.0876 21.8814 16.8099 16.1911 14.2344 13.6164 12.3582 12.9597 11.803 11.7789 11.3673 10.9653 10.5844
threshold=0.73721536993980419 1.0000000180025095e-35 0.90873014926910411 0.47769485414028173 1.0000000180025095e-35 0.75000000000000011 0.99925094842910778 0.064583335071802153 0.87007671594619762 1.0000000180025095e-35 0.70714285969734203 0.22886905074119571 0.9740215837955476 0.80909091234207164 0.86319074034690868 0.94312667846679699 0.26975052058696752 0.87428161501884472 0.92637759447097789 0.086335405707359328 0.80901724100112926 0.97014260292053234 0.54416766762733471 0.75000000000000011 0.080128207802772536 0.6911335587501527 0.84028983116149913 0.35000000149011617 0.11805555596947671 0.19090909510850909 0.35000000149011617 0.2264957278966904 0.95090001821517955 0.22335600852966311 1.0000000180025095e-35 0.70714285969734203 0.45035210251808172 0.99504950642585765 0.55970329046249401 0.27922078967094427 0.95180022716522228 0.88998898863792431 1.0000000180025095e-35 0.31698563694953924
decision_type=2 2 2 2 2 2 2 2 2 2 2 2 2 2 2 2 2 2 2 2 2 2 2 2 2 2 2 2 2 2 2 2 2 2 2 2 2 2 2 2 2 2 2 2
left_child=1 3 6 43 14 27 8 36 10 18 15 40 -13 -11 22 17 -17 -2 42 -20 31 -15 35 24 -24 -25 39 29 -16 -6 32 -7 -8 -31 -33 -3 -5 38 -30 -9 -12 -29 -10 -1
right_child=2 4 -4 7 5 20 30 26 9 13 11 12 -14 21 28 16 -18 -19 19 -21 -22 -23 23 25 -26 -27 -28 41 37 33 -32 34 -34 -35 -36 -37 -38 -39 -40 -41 -42 -43 -44 -45
leaf_value=0.24375146265416814 0.0044504916858217076 -0.059111773580146985 0.075725297171709394 0.17981372831372355 -0.078463723632050175 -0.060333190259571116 0.0118831958052732 -0.0770427067746349 -0.0039877641709358787 0.054018354061038054 0.0062856052861935408 -0.091423169460081888 -0.0089847340590308005 -0.15642547153184919 0.11850276288769435 0.066955666824323107 0.011897497928739453 -0.025112753986710246 -0.0727224650596104 0.0071401090138711112 0.034999714142770297 0.025607648920505266 0.19048526729467471 -0.033393731446353367 -0.026752873660355878 0.085498256980423473 -0.0024561477236333508 -0.059969834993982583 0.006888256621046268 0.0087458776082235609 0.070727226692897729 0.22697631801119877 -0.23139867951988857 -0.0079004379886517661 0.10215264215082423 0.058130005840917411 0.044567741282469271 0.032448488395840996 -0.050143418258651005 -0.03426157468408908 0.093311214925082708 -0.0062800774582305423 0.050499090927908857 -0.077883978738496853
leaf_weight=0.65550080128013988 3556.1276972275227 267.61871515715029 296.10216001560912 8.0244091779459286 24.010630397009663 3.7845110342605066 11.498754619155077 55.720622312277555 32.340878767892718 408.98231662530452 19.176545870490372 93.639828942716122 212.14087880030274 10.453736022114754 11.682017016923053 116.81891568936408 426.22772169858217 317.8318322552368 99.479951383545995 319.40116932801902 134.82291460549459 15.733423939906061 9.232838714495303 297.54191642277874 11.825969496043397 14.563036736333741 170.99748917086981 62.351705893175676 57.126098468666896 1204.9337520047557 113.7504845848307 10.805023838416675 2.9791300408542147 572.81882326561026 17.297394340857863 6.7958848527632645 11.726470561930908 43.069929722929373 46.061196077032946 159.18054956581909 20.696687262505293 42.400426354492083 87.846324674785137 626.51703085936606
leaf_count=11 47310 74892 50620 261 8630 830 593 14155 301 32106 276 716 3936 91 377 3007 8610 5066 907 2417 5052 924 117 14488 467 295 3548 1700 837 21368 14616 612 44 15184 193 367 759 882 2902 8947 273 495 699 338592
internal_value=-0.000733602 -0.0180317 0.0101361 -0.0550308 -0.00457037 0.00426057 0.00682485 -0.0202172 0.00567137 0.0207481 0.00258732 -0.0243455 -0.03423 0.0479358 -0.0284869 0.00469495 0.0237415 0.00202503 -0.00119962 -0.0118264 0.0522458 -0.0470587 -0.0373169 -0.0217568 0.0684911 -0.0278461 -0.0263454 6.46313e-05 0.00548147 0.00229149 0.0584312 0.125165 -0.0381772 0.00338218 0.150146 -0.0562083 0.0995156 -0.00354589 -0.0185698 -0.0453541 0.0514573 -0.0382379 0.0358374 -0.0775478
internal_weight=10032.8 3871.56 6161.23 1032.82 2838.74 2073.23 5865.13 405.65 5736.9 974.238 4762.66 345.654 305.781 435.169 765.518 4417.01 543.047 3873.96 539.068 418.881 166.71 26.1872 607.578 333.164 21.0588 312.105 385.899 1906.52 157.939 1801.76 128.228 31.8869 14.4779 1777.75 28.1024 274.415 19.7509 146.257 103.187 214.901 39.8732 104.752 120.187 627.173
internal_count=688473 515961 172512 366273 149688 54064 121892 27670 106639 37445 69194 5201 4652 33121 95624 63993 11617 52376 4324 3324 6687 1015 90626 15367 584 14783 26650 47377 4998 45182 15253 1635 637 36552 805 75259 1020 4621 3739 23102 549 2195 1000 338603
is_linear=0
shrinkage=0.08


Tree=64
num_leaves=45
num_cat=0
split_feature=7 10 4 7 5 10 11 4 2 10 4 4 1 10 1 4 2 8 0 4 10 4 10 10 4 6 10 2 11 8 4 8 6 1 2 4 6 6 2 1 6 0 0 5
split_gain=255.469 275.301 194.926 126.345 81.8437 56.0284 49.8805 39.6423 37.0332 65.824 38.1522 37.5888 37.2085 51.5835 30.9372 39.5958 79.0198 30.6652 26.931 25.2192 24.8639 22.7013 21.9926 21.9202 19.0321 18.3225 17.58 19.1818 18.4444 17.0803 16.9171 16.0178 14.2525 12.7581 11.9961 15.2675 11.7276 10.1929 10.0718 9.61578 9.23672 8.76266 8.41697 8.20145
threshold=0.73721536993980419 1.0000000180025095e-35 0.90873014926910411 0.47769485414028173 1.0000000180025095e-35 0.75000000000000011 0.99925094842910778 0.064583335071802153 0.90366768836975109 1.0000000180025095e-35 0.76388889551162731 0.58571431040763866 0.82413583993911754 0.35000000149011617 0.77836257219314586 1.0000000180025095e-35 0.5604878067970277 0.35624311864376074 0.80901724100112926 0.30384616553783422 0.75000000000000011 0.19090909510850909 0.35000000149011617 0.35000000149011617 0.2264957278966904 0.10582306981086732 0.35000000149011617 0.83424907922744762 0.55970329046249401 0.29283827543258673 0.36931818723678594 0.95090001821517955 0.22335600852966311 0.41287094354629522 0.88774341344833385 0.58571431040763866 0.11834733933210374 0.12973351776599887 0.63686314225196849 0.88998898863792431 0.39504285156726843 0.27334994077682501 0.99504950642585765 1.0000000180025095e-35
decision_type=2 2 2 2 2 2 2 2 2 2 2 2 2 2 2 2 2 2 2 2 2 2 2 2 2 2 2 2 2 2 2 2 2 2 2 2 2 2 2 2 2 2 2 2
left_child=1 3 6 41 14 21 8 33 10 11 12 -10 17 -14 15 16 20 -2 24 29 -3 -6 32 31 -7 -13 -16 28 -28 -9 -17 43 -23 -5 -21 -36 -26 -12 -39 -24 -32 -1 -29 -8
right_child=2 4 -4 7 5 18 23 19 9 -11 37 25 13 -15 26 30 -18 -19 -20 34 -22 22 39 -25 36 -27 27 42 -30 -31 40 -33 -34 -35 35 -37 -38 38 -40 -41 -42 -43 -44 -45
leaf_value=0.20139467711608341 -0.041603124611509522 0.084829697990796704 0.075275556119930281 0.18311311536528049 -0.078242432415455115 -0.058147428411308807 -0.19739591772165932 0.62496100105885488 0.059642550268688199 0.054739046280951678 0.046995187766707754 -0.033841619453622039 0.002796113935806384 0.043801133917131072 -0.010405490011115912 -0.075829922185126158 0.12272843587569356 0.0023735405456023063 0.032820803489446285 -0.027182232871567926 -0.032872395904460124 0.0080613253710396914 -0.055425565838512991 0.069842474814436728 0.20079484065952755 0.0067109246451851172 0.35005660221651858 -0.039154306141247271 0.081965429282882224 -0.075556988115376048 -0.041064648800126204 -0.18774680742889696 -0.0072764922407540624 0.046421187548147697 0.080560579847838695 -0.0063075290521079691 0.0954095609634866 0.076697775528042716 -0.041728636879491757 -0.0057632508893852479 0.039181251540524306 -0.077685040293521065 0.092019572672432631 0.033177881437745256
leaf_weight=0.72093999991193314 104.11338212992996 11.90321290376596 274.90489881625399 6.5291026504710343 23.406924580805935 3.6195355191594016 1.0921056307852239 0.22361215867567708 59.115818516351283 256.49196855956689 9.4726824415847641 122.79190299380571 466.26782606169581 339.16417742101476 115.28128066728823 158.83450739562977 23.568516781437211 4012.1457919878885 132.3764781486243 208.96358763216995 327.96149313519709 1202.7679757837905 60.429535506758839 106.28199729882181 11.102784918621184 170.06416531652212 1.8053157189860964 13.410434092860671 18.199702960555442 58.422371985972859 57.858417797251604 3.3597141709178677 572.2085388682317 13.214852026430888 14.928664232138543 97.634671181207523 17.270758311729878 4.7316427119076243 160.46112870890647 42.502088390523568 10.911486802855505 579.7537371693179 4.0841530861798665 10.28830436244607
leaf_count=11 901 2194 50620 162 9011 830 41 12 649 23041 138 951 4412 17654 4216 43724 1624 55379 5052 9214 36942 21368 1319 14616 302 1286 43 356 769 15255 4876 44 15184 858 229 1940 503 40 2188 495 736 338592 144 552
internal_value=-0.000687886 -0.0170006 0.00944584 -0.0535008 -0.0042636 0.0039299 0.00633952 -0.0189007 0.00526135 0.0239156 0.00303419 0.00145361 0.00433816 0.0200632 -0.0270181 -0.0353132 -0.0189267 0.00126123 0.0487402 -0.0246407 -0.0287501 5.6028e-05 0.00103197 0.057163 0.114609 -0.0102924 0.00507195 0.0526527 0.106159 -0.072886 -0.0614787 -0.0342608 0.00311679 0.0916237 -0.0158409 0.00521332 0.136648 -0.0337087 -0.0383365 -0.0349192 -0.0283323 -0.0773384 -0.00853145 0.0110512
internal_weight=9890.64 3789.89 6100.75 980.392 2809.5 2065.68 5825.84 399.917 5704.82 608.464 5096.36 351.972 4921.69 805.432 743.819 591.038 363.433 4116.26 164.37 380.173 339.865 1901.32 1877.91 121.022 31.9931 292.856 152.781 37.4996 20.005 58.646 227.604 14.7401 1774.98 19.744 321.527 112.563 28.3735 174.665 165.193 102.932 68.7699 580.475 17.4946 11.3804
internal_count=688473 515961 172512 366273 149688 54064 121892 27670 106639 25927 80712 2886 78346 22066 95624 90096 40760 56280 6687 26650 39136 47377 38366 15253 1635 2237 5528 1312 812 15267 49336 637 36552 1020 11383 2169 805 2366 2228 1814 5612 338603 500 593
is_linear=0
shrinkage=0.08


Tree=65
num_leaves=45
num_cat=0
split_feature=7 10 4 7 5 10 11 0 1 10 4 4 6 3 3 0 5 0 3 6 4 3 6 6 4 0 4 4 2 10 10 4 4 10 2 7 6 4 11 4 4 0 2 4
split_gain=221.212 251.008 181.467 125.617 71.4259 48.2475 45.5413 34.4627 32.692 75.2616 35.1064 34.45 33.6442 59.0218 29.973 29.7936 40.3282 34.7958 28.6495 44.9469 27.0854 62.4822 27.14 25.2304 25.0203 23.2706 20.8381 20.4893 20.3528 20.1897 18.7227 17.8715 17.6709 15.0007 13.7154 13.125 12.0826 10.7872 14.2916 10.6071 10.4725 10.4606 9.35133 8.8988
threshold=0.73721536993980419 1.0000000180025095e-35 0.90873014926910411 0.47769485414028173 1.0000000180025095e-35 0.75000000000000011 0.99925094842910778 0.43534001708030706 0.87007671594619762 1.0000000180025095e-35 0.80909091234207164 0.70714285969734203 0.22886905074119571 0.96178188920021068 0.86319074034690868 0.94312667846679699 1.0000000180025095e-35 0.87428161501884472 0.908033847808838 0.089898992329835906 1.0000000180025095e-35 0.63944444060325634 0.51639783382415783 0.14160401374101642 0.38750000298023229 0.77015754580497753 0.19090909510850909 0.11805555596947671 0.88774341344833385 0.35000000149011617 0.35000000149011617 0.5634920895099641 0.30384616553783422 0.75000000000000011 0.83131474256515514 0.50872123241424572 0.22335600852966311 0.36931818723678594 0.41932493448257452 0.36931818723678594 0.58571431040763866 0.94185259938240062 0.82413583993911754 0.43650794029235845
decision_type=2 2 2 2 2 2 2 2 2 2 2 2 2 2 2 2 2 2 2 2 2 2 2 2 2 2 2 2 2 2 2 2 2 2 2 2 2 2 2 2 2 2 2 2
left_child=1 3 6 -1 14 26 8 -5 11 18 -11 15 34 -14 20 17 -17 -2 41 -20 21 22 -3 -12 -22 32 -6 -16 43 42 36 -30 -7 -26 -13 -23 -28 38 -29 -34 -39 -10 -8 -9
right_child=2 4 -4 7 5 25 29 28 9 10 23 12 13 -15 27 16 -18 -19 19 -21 24 35 -24 -25 33 -27 30 37 31 -31 -32 -33 39 -35 -36 -37 -38 40 -40 -41 -42 -43 -44 -45
leaf_value=-0.07711575930757604 0.0039196177869466192 -0.059989668111045891 0.074800772292179712 0.13932185828782395 -0.07789956980844441 0.0060183947784697191 -0.085211823559073835 -0.050732978822601575 0.055847728041883128 0.05116168495123765 0.036762898289285383 0.081018231076569067 -0.084784146909502159 -0.0080286009895835127 0.11330800911591846 -0.050299847346980696 0.028579314252601504 -0.023669467610413362 -0.04872319848799269 0.0070220340977056117 -0.075252121783795631 -0.005198321717149023 -0.011872106880484779 -0.12201220133069166 -0.035093347988307357 0.033245385803943449 0.0074293192543349179 0.36088532817912489 0.086277613202229542 0.068916176213885627 -0.032314248373776007 -0.0055380115390721079 0.22148203066155461 0.058326791903903552 -0.02128040816711799 0.13961142525053358 -0.0067012702652382043 0.038151485639755921 -0.054132676586916617 0.092914067101847395 -0.010961049152991783 -0.008219659517887723 0.042708099033918048 -0.021221859271340945
leaf_weight=537.34416838502511 3545.6759954169393 117.18488321569748 255.31593114836141 8.7508944377768767 21.698636668734252 6.2789667509496239 8.5934891775250417 109.66978105914313 67.752444006502628 372.19611287117004 12.349431238602849 26.165341545827687 91.73135110270232 212.98762256093323 10.536993385525419 45.353428172878921 486.01167559251189 318.88405025471002 130.59661018010229 317.90240802709013 146.0801365460502 5.1629754035966497 208.5037184440298 13.307569936849175 61.463522337726317 139.02124062855728 1200.7664203844033 0.54129372956231492 15.7397265646141 99.376666926778853 102.37488120177295 98.323294109897688 9.1202317301649618 13.398451440385541 12.345375580713151 17.871414092369378 571.6440903111361 46.191827678587288 28.032930019311607 7.4712170579005024 69.740245874738321 21.481697546318173 6.3674735669046632 161.98082698602229
leaf_count=338603 47310 23928 50620 540 9011 992 232 20670 544 32106 730 371 713 3939 377 959 10658 5066 1150 2419 43853 1530 14774 285 5571 5289 21368 31 241 14616 1814 1951 210 713 178 257 15184 1379 1523 196 1688 211 405 4268
internal_value=-0.000646906 -0.0160104 0.00879549 -0.0519489 -0.00397772 0.00362684 0.00588446 -0.0176663 0.00487727 0.0185434 0.0449223 0.00217935 -0.0222306 -0.0311348 -0.0255768 0.00408526 0.0218468 0.00164311 -0.000973559 -0.00921019 -0.0340645 -0.0201795 -0.0291851 -0.0455893 -0.0559799 0.0455475 4.83282e-05 0.00560897 -0.021228 0.0558726 0.000950492 0.00713176 0.120327 -0.0183734 0.0482244 0.107153 0.00287187 -0.00224414 -0.0462708 0.163587 0.00860729 0.0404245 -0.0307684 -0.033136
internal_weight=9759.29 3714.89 6044.39 931.809 2783.08 2058.38 5789.08 394.465 5674.74 935.586 397.853 4739.15 343.23 304.719 724.708 4395.93 531.365 3864.56 537.733 448.499 569.665 348.723 325.689 25.657 220.942 161.892 1896.48 155.043 385.714 114.338 1874.79 114.063 22.8704 74.862 38.5107 23.0344 1772.41 144.506 28.5742 16.5914 115.932 89.2341 14.961 271.651
internal_count=688473 515961 172512 366273 149688 54064 121892 27670 106639 37445 33121 69194 5201 4652 95624 63993 11617 52376 4324 3569 90626 40489 38702 1015 50137 6687 47377 4998 27130 15253 38366 2192 1398 6284 549 1787 36552 4621 1554 406 3067 755 637 24938
is_linear=0
shrinkage=0.08


Tree=66
num_leaves=45
num_cat=0
split_feature=10 7 11 1 4 5 0 4 10 4 1 3 4 10 2 4 4 10 4 7 11 5 3 7 12 7 0 4 1 3 12 7 3 4 1 0 7 4 4 3 11 12 7 7
split_gain=204.457 312.709 198.452 115.312 126.485 104.253 142.781 97.4386 94.181 60.8442 42.5674 136.183 154.185 95.1556 56.0327 55.9367 40.9696 40.0763 33.9796 31.3981 29.896 28.5888 23.3686 21.2631 20.7963 19.1746 16.9635 14.7055 13.4948 14.7264 12.3732 12.2073 13.8075 11.9642 11.9141 11.8557 11.8153 10.8878 12.8367 29.3665 10.5849 10.5017 15.3714 13.2128
threshold=1.0000000180025095e-35 0.47769485414028173 0.693914294242859 0.89769753813743602 0.095454547554254546 1.0000000180025095e-35 0.77015754580497753 0.064583335071802153 0.75000000000000011 0.38750000298023229 0.24068965017795566 0.61435899138450634 0.080128207802772536 0.75000000000000011 0.30068494379520422 0.19090909510850909 0.70714285969734203 0.75000000000000011 0.2264957278966904 0.64624765515327465 0.71135684847831737 1.0000000180025095e-35 0.98629108071327221 0.75083893537521373 1.0000000180025095e-35 0.97735819220542919 0.28778468072414404 1.0000000180025095e-35 0.57735043764114391 0.908033847808838 1.0000000180025095e-35 0.97156333923339855 0.55470088124275219 0.30384616553783422 0.83424907922744762 0.48331478238105779 0.39747571945190435 0.88194444775581371 0.80909091234207164 0.98147514462471019 0.38431020081043249 1.0000000180025095e-35 0.57214644551277172 0.38903903961181646
decision_type=2 2 2 2 2 2 2 2 2 2 2 2 2 2 2 2 2 2 2 2 2 2 2 2 2 2 2 2 2 2 2 2 2 2 2 2 2 2 2 2 2 2 2 2
left_child=1 -1 10 4 -4 6 9 -3 22 -6 13 14 36 -2 17 -14 -10 -12 27 -20 33 -17 -7 41 -8 28 -19 -16 -22 -30 40 32 -32 -9 -27 -35 -13 38 -25 -40 -15 42 43 -5
right_child=2 7 3 23 5 8 24 20 16 -11 11 12 15 30 18 21 -18 26 19 -21 25 -23 -24 37 -26 34 -28 -29 29 -31 31 -33 -34 35 -36 -37 -38 -39 39 -41 -42 -43 -44 -45
leaf_value=-0.076805727305801985 0.093065238991881141 0.081620942780543437 0.091440467910941209 -0.064982410936689508 -0.10755756034849639 -0.035579127996109364 -0.0097005232514804068 -0.076239745350063115 0.040298699652752595 0.036379169384579232 0.12757215427896845 -0.03982927868764486 -0.08406939646567127 -0.0074971603164270687 -0.050917741684771631 -0.028442372804026412 -0.001384706753853367 0.002100000571129509 -0.028387682739505454 0.11797741796746766 -0.04504804625865666 0.0020973746076139365 0.010073607108161851 0.05827291998963563 0.034619495836684069 0.0027119214873474596 -0.035071365294772623 -0.088519804727498305 0.0026731642795618914 -0.012997500720314175 0.011557908476572459 0.04922185574574181 -0.15850112024769114 0.37093455111461754 0.063095469955346484 -0.020988974338734308 0.088444335092864715 0.078293076735790043 -0.16739584201800714 0.052332134218788198 0.0074282680160370242 0.049358672814991351 -0.033498442003967205 0.076830491627276287
leaf_weight=497.32727281178813 78.89511945284903 77.952755695208907 129.72552375542 5.2638607287080985 130.53263413114473 188.55533596524037 155.13864071364515 58.153279028716497 817.36806896398775 21.957224257290363 13.163266344810834 4.7604271742748088 53.715677135623991 653.0395847709151 427.48155761242379 220.95080797781702 185.08006546320394 171.91640751215164 30.664399491739459 13.513989251106976 64.710706269019283 1749.5574991259491 115.84818085597362 248.13196082320064 120.30286618834361 46.606615742668509 144.71533368539531 78.839756522094831 572.00462671637069 1166.4572474458255 214.58359656576067 62.603766879066825 3.099740137346088 0.5021456513786714 37.93299340037629 30.356412918423302 132.7964510085294 193.85414167540148 5.4192574257031092 13.820264163892716 569.1155047545908 61.836780856363475 33.572272986639291 20.898319172905758
leaf_count=338439 2323 2561 5340 2458 1113 4701 5066 15203 29345 313 222 1419 17358 14196 21874 22729 8360 3978 4905 132 665 28022 6821 27048 7589 320 4729 17904 6484 13549 3067 1880 41 16 952 4337 4433 44671 83 1090 6376 3742 1090 1600
internal_value=-0.000474723 -0.0198851 0.00653097 0.0249524 0.0152437 0.00954579 -0.0247261 -0.00610761 0.0207682 -0.0868319 -0.00322001 -0.00875446 0.00204681 0.00742681 -0.0352797 -0.0035227 0.0326028 -0.00920291 -0.0509018 0.0163848 -0.00956721 -0.00132701 -0.0182049 0.0560127 0.00965685 -0.00743083 -0.014889 -0.0567728 -0.00917664 -0.0078414 0.00292983 0.0180897 0.00913632 -0.0548745 0.0298061 -0.0146114 0.0840052 0.0638579 0.0533918 -0.00955935 -0.000546903 0.0262491 0.00232614 0.0482976
internal_weight=9622.72 2552 7070.72 2447.31 1864.51 1734.78 427.931 2054.68 1306.85 152.49 4623.41 3042.08 2161.78 1581.34 880.295 2024.22 1002.45 329.795 550.5 44.1784 1976.72 1970.51 304.404 582.797 275.442 1887.71 316.632 506.321 1803.17 1738.46 1502.44 280.287 217.683 89.0118 84.5396 30.8586 137.557 461.226 267.371 19.2395 1222.16 121.571 59.7345 26.1622
internal_count=688544 382526 306018 150430 68648 63308 14081 44087 49227 1426 155588 127705 73961 27883 53744 68109 37705 8929 44815 5037 41526 50751 11522 81782 12655 21970 8707 39778 20698 20033 25560 4988 3108 19556 1272 4353 5852 72892 28221 1173 20572 8890 5148 4058
is_linear=0
shrinkage=0.08


Tree=67
num_leaves=45
num_cat=0
split_feature=10 7 11 6 4 4 0 4 11 6 2 4 4 4 4 4 2 1 2 6 11 4 2 10 4 4 2 4 8 8 8 7 6 7 1 10 2 4 7 4 2 7 2 2
split_gain=176.842 295.437 173.749 109.565 86.0537 81.0115 62.3524 65.1808 53.0949 45.5361 114.446 68.7204 63.0098 40.1074 32.6395 41.6701 60.7495 51.9949 31.4458 29.6753 27.1348 25.979 31.8862 23.7507 102.17 30.8529 39.6601 21.818 20.1458 19.4115 17.5142 16.7446 15.5649 13.5726 13.5355 12.9595 12.6841 12.1573 11.3865 10.8636 12.1702 10.4961 10.4457 8.32746
threshold=1.0000000180025095e-35 0.47769485414028173 0.693914294242859 0.16064515709877017 0.064583335071802153 0.10555555671453477 0.91715687513351452 0.70714285969734203 0.94286683201789867 0.39504285156726843 0.52565789222717296 0.064583335071802153 0.2264957278966904 0.19090909510850909 0.095454547554254546 0.43650794029235845 0.71010184288024913 0.73746865987777721 0.28759399056434637 0.31311275064945226 0.71135684847831737 0.19090909510850909 0.60640108585357677 0.75000000000000011 1.0000000180025095e-35 0.074175827205181136 0.44920890033245092 0.90873014926910411 0.9311257302761079 0.97881317138671886 0.3175536990165711 0.22660961002111438 0.59491634368896495 1.0000000180025095e-35 0.51899951696395885 0.75000000000000011 0.9495762586593629 0.2264957278966904 0.4240777343511582 0.30384616553783422 0.60107529163360607 0.69104278087615978 0.57932874560356151 0.8521554470062257
decision_type=2 2 2 2 2 2 2 2 2 2 2 2 2 2 2 2 2 2 2 2 2 2 2 2 2 2 2 2 2 2 2 2 2 2 2 2 2 2 2 2 2 2 2 2
left_child=1 -1 9 8 -3 -5 21 19 14 10 12 42 18 -13 -4 17 -17 -16 35 -8 30 -7 -23 24 38 26 28 -9 -25 32 -6 -26 36 -15 -14 -2 -22 -27 -11 -32 -41 -40 -12 -31
right_child=2 4 3 5 20 6 7 27 -10 23 11 13 34 33 15 16 -18 -19 -20 -21 29 22 -24 25 31 37 -28 -29 -30 43 39 -33 -34 -35 -36 -37 -38 -39 41 40 -42 -43 -44 -45
leaf_value=-0.07652559549292462 0.11611310869210179 0.078832656070728563 0.090550599039309482 0.09079737343867518 0.33064796943410152 -0.10970563333188321 0.064736327352153816 -0.019884404040060519 0.068589168110533408 -0.080718087303695896 0.0073999948636193922 -0.086519263098303892 0.079239912044861485 -0.00043445423216936649 -0.038267559365963912 0.071671249571073098 0.02041936229481869 0.039780089729806345 -0.06333421238911506 0.018901682408454353 -0.0092665391553419449 0.01600550790214985 -0.036547046236073584 -0.0026690121912084424 0.0034774299744337539 -0.10247712733714616 0.076357679644416032 0.082945237224071516 0.020069754555994208 0.014998338552208024 -0.077984386368285682 -0.07238806042317926 -0.080530768899500768 -0.030241701246202318 -0.010902546312304565 -0.024490592823787877 0.017983259069054063 0.039666556501279961 0.22117083319666112 0.045238756849480873 -0.058795936616018708 0.093071059949289395 0.090603851709962754 0.077457273696805121
leaf_weight=460.70490463206079 4.3111058723879969 74.402080019935966 54.535887826234102 66.723308768123388 0.75462214660365035 22.423341659130529 142.70914214279037 267.87814107001759 308.38552429527044 2.313825055724009 11.569637885550035 36.897607956663705 29.921313022263348 1625.5859109798912 122.22451765323058 216.05062853707932 470.01986846991349 98.777764143538661 357.12612112413626 246.65748699940741 1697.0361433103681 105.20011573028751 248.28430340834893 1462.616017995053 220.42034049483482 24.420472117722969 46.120033921673894 13.890354261617174 300.61406857892871 35.910372240003198 53.97148971806746 20.337321258033626 18.877421679906547 104.02471846691333 16.56197776645422 156.35456430341583 116.85104780900292 4.5718166563892728 4.289620710653252 11.82588402205147 18.383507847436704 89.600340329110622 58.405095850815997 22.050489397719502
leaf_count=338439 51 2561 2640 2777 34 179 10298 12747 54617 794 883 13263 1863 15426 1484 5762 30725 3668 32138 16520 15590 1447 6326 29163 4213 2013 1508 1240 4852 354 15176 9852 275 26810 2505 4133 5082 347 173 1198 3148 2538 3063 669
internal_value=-0.00043642 -0.0186372 0.00612954 0.0236428 -0.00562808 0.00532814 -0.000118424 0.0144922 0.0397045 -0.00299346 -0.0105899 -0.000907789 -0.042101 -0.0039878 0.0304412 0.0268273 0.0365591 -0.00338388 -0.0501108 0.0357008 -0.00880882 -0.0262039 -0.0209069 0.00539025 0.0249153 0.00181138 0.00312329 -0.0148152 0.00120773 -0.00682169 -0.0530439 -0.00293109 -0.0082632 -0.00222716 0.0471222 -0.0207178 -0.0075111 -0.0800624 0.094603 -0.0564834 -0.0180701 0.0989236 0.0768469 0.0387601
internal_weight=9470.59 2510.77 6959.82 2383.76 2050.06 1113.77 1047.04 671.135 1269.99 4576.06 2400.76 1836.48 564.275 1766.51 961.609 907.073 686.07 221.002 517.792 389.367 1975.66 375.908 353.484 2175.3 336.961 1838.34 1809.35 281.768 1763.23 1890.73 84.9355 240.758 1832.76 1729.61 46.4833 160.666 1813.89 28.9923 96.2038 84.1809 30.2094 93.89 69.9747 57.9609
internal_count=688544 382526 306018 150430 44087 51534 48757 40805 98896 155588 100135 59445 40690 55499 44279 41639 36487 5152 36322 26818 41526 7952 7773 55453 17570 37883 35523 13987 34015 21970 19556 14065 20947 42236 4368 4184 20672 2360 3505 19522 4346 2711 3946 1023
is_linear=0
shrinkage=0.08


Tree=68
num_leaves=45
num_cat=0
split_feature=10 7 11 6 4 4 5 10 0 11 6 5 2 4 8 4 5 0 2 8 4 7 11 0 8 10 2 4 8 4 0 11 2 4 0 6 2 8 10 0 2 0 7 4
split_gain=152.833 278.417 151.54 98.5045 75.8263 74.3295 57.5861 56.528 52.4768 52.12 39.2379 107.073 68.0263 57.9691 56.1765 31.2675 38.2835 76.098 35.8139 29.577 26.7435 25.4073 24.6997 23.8549 21.0521 33.9808 19.8247 19.567 16.8023 16.4608 15.8304 14.5536 13.6249 41.0972 14.0571 12.9422 18.8455 12.6629 11.8161 67.6754 14.2284 13.824 11.9947 11.7989
threshold=1.0000000180025095e-35 0.47769485414028173 0.693914294242859 0.16064515709877017 0.064583335071802153 0.10555555671453477 1.0000000180025095e-35 0.75000000000000011 0.77015754580497753 0.94286683201789867 0.38138528168201452 1.0000000180025095e-35 0.69631093740463268 0.095454547554254546 0.50753843784332286 0.095454547554254546 1.0000000180025095e-35 0.75162336230278026 0.6900656819343568 0.99829351902008068 0.38750000298023229 0.99814125895500194 0.71135684847831737 0.93643954396247875 0.83177077770233165 0.75000000000000011 0.27518594264984136 0.080128207802772536 0.97881317138671886 0.30384616553783422 0.95180022716522228 0.36523896455764776 0.71209660172462474 0.47727273404598242 0.76833632588386547 0.30839161574840551 0.68020617961883556 0.3175536990165711 0.75000000000000011 0.41728855669498449 0.51000401377677929 0.28778468072414404 0.22660961002111438 0.087121214717626586
decision_type=2 2 2 2 2 2 2 2 2 2 2 2 2 2 2 2 2 2 2 2 2 2 2 2 2 2 2 2 2 2 2 2 2 2 2 2 2 2 2 2 2 2 2 2
left_child=1 -1 10 9 -3 -5 8 23 20 15 11 12 26 -14 32 -4 17 -17 -18 -10 -7 -9 37 -8 38 -26 -2 31 35 -16 -15 -27 33 -13 -34 36 -24 -6 39 -12 41 -40 -41 -42
right_child=2 4 3 5 22 6 7 21 19 -11 24 14 13 30 29 16 18 -19 -20 -21 -22 -23 28 -25 25 27 -28 -29 -30 -31 -32 -33 34 -35 -36 -37 -38 -39 40 42 43 -43 -44 -45
leaf_value=-0.076225886414655386 -0.018366233679030793 0.075897388743984939 0.089878750376481006 0.090009106131216335 0.23894912244975872 -0.10303801084257747 -0.06951901347137264 0.016160307883113012 -0.023633639270222676 0.067665505653473901 0.10256433467430426 -0.018377787414633414 0.096913079794212417 -0.031856729696607834 -7.2527275931842837e-05 -0.075039047332229505 0.068507244179574628 0.026849094686237668 0.024655094308746725 0.071299742860043355 0.061573286556654602 0.06626471569324198 0.023528723833050328 -0.009121676931185041 0.088844299530327575 -0.058473614219622182 -0.054533436179793088 -0.096287598770523716 0.036768615565258546 0.13863382358162463 0.030322165267905907 0.01623307422291061 -0.058741256470132626 0.05649066855048638 -0.0017928135237206312 -0.020980355208070744 -0.0071831246683273769 -0.054839886556316123 -0.0020130540569914799 0.0035135470597884512 0.095538394839030802 -0.030365226505806382 -0.054879436331643536 -0.039695890445231939
leaf_weight=426.89013129775412 121.7980759186903 71.230649246601388 50.704366628546268 62.111340393312275 0.95010087219998141 71.510732568101957 58.427807135158218 532.12858376209624 127.31095752853435 288.40644449414685 46.636397102964111 91.517615459277295 38.20525244390592 96.380322281038389 7.0508026224561062 66.496021381113678 155.9730662680231 159.31329671724234 505.45465828571469 25.153572083450854 6.9285236941650501 73.748620930593461 141.53078201506287 147.53050779807381 39.444406167604029 17.173396963626146 476.34388472139835 10.44836128875613 56.330281739588827 24.511293599382043 35.990837394376285 591.69235824653879 28.337213624734432 96.299981249612756 1317.2045718192821 369.02618310425896 1324.9797875313088 80.00736500765197 1093.1170816906961 237.31701323774178 16.013875517994169 122.38527999143116 24.873486298602074 5.5635115421609944
leaf_count=338439 2943 2561 2640 2777 34 596 1411 20539 4819 54617 1402 14590 1989 6967 433 628 3446 7175 30390 4200 89 8708 1418 8395 1464 191 53462 60 1023 321 305 9024 1734 1125 13622 3635 15894 19522 19906 4715 482 8516 11437 900
internal_value=-0.000401516 -0.0174642 0.00573588 0.0223145 -0.00519209 0.00498911 -7.51537e-05 0.00995118 -0.0353268 0.0379235 -0.00278009 -0.0100103 -0.0344601 0.0101043 0.00199989 0.0287781 0.0252863 -0.00315479 0.034996 -0.00797155 -0.0884979 0.0222591 -0.0081199 -0.0262556 0.00487308 0.0168486 -0.0471688 0.0122632 -0.00626818 0.107648 -0.0149507 0.0141259 -0.000174719 0.0200096 -0.00299215 -0.00758893 -0.00421917 -0.051392 -0.000230063 0.0137683 -0.00372463 -0.00486775 -0.00202608 0.0606696
internal_weight=9340.45 2470.95 6869.5 2331.2 2044.06 1104.85 1042.74 811.836 230.904 1226.35 4538.31 2333.64 768.718 170.576 1564.92 937.941 887.237 225.809 661.428 152.465 78.4393 605.877 1972.82 205.958 2204.67 658.759 598.142 619.314 1891.87 31.5621 132.371 608.866 1533.36 187.818 1345.54 1835.54 1466.51 80.9575 1545.91 308.827 1237.08 1215.5 262.19 21.5774
internal_count=688544 382526 306018 150430 44087 51534 48757 39053 9704 98896 155588 97491 65666 9261 31825 44279 41639 7803 33836 9019 685 29247 41526 9806 58097 10739 56405 9275 21970 754 7272 9215 31071 15715 15356 20947 17312 19556 47358 17554 29804 28422 16152 1382
is_linear=0
shrinkage=0.08


Tree=69
num_leaves=45
num_cat=0
split_feature=7 10 4 7 1 8 4 1 10 2 3 3 2 6 2 10 11 3 11 1 11 3 2 1 3 11 1 2 2 6 8 3 8 5 4 10 10 10 8 2 6 7 1 7
split_gain=133.855 165.044 141.292 117.055 51.9294 38.252 25.8601 40.7208 68.1131 35.0186 33.4436 31.4633 27.9172 24.8105 24.7019 24.3534 22.9874 21.6103 16.9014 16.2576 14.0424 28.8363 21.6587 17.2787 14.311 13.6082 13.4695 15.1536 12.4111 13.3919 12.9734 12.1769 25.3984 24.2695 16.4437 14.6646 11.0805 10.7678 10.597 9.87546 9.45019 9.21356 8.57114 8.19081
threshold=0.73721536993980419 1.0000000180025095e-35 0.90873014926910411 0.47769485414028173 0.66323024034500133 0.97881317138671886 0.76388889551162731 0.83796653151512157 1.0000000180025095e-35 0.90999102592468273 0.91734972596168529 0.97646731138229381 0.63453349471092235 0.12613636255264285 0.83131474256515514 0.75000000000000011 0.47218231856822973 0.85028737783432018 0.49175028502941137 0.29217478632926946 0.50698873400688182 0.81530213356018078 0.65419578552246105 0.93957647681236278 0.92718276381492626 0.34111164510250097 0.79095324873924266 0.54653680324554454 0.6926884949207307 0.2149859964847565 0.34297668933868414 0.28869047760963445 0.53365698456764232 1.0000000180025095e-35 1.0000000180025095e-35 0.75000000000000011 0.75000000000000011 1.0000000180025095e-35 0.32361441850662237 0.89512962102890026 0.22335600852966311 0.45910002291202551 0.6832355558872224 0.54416766762733471
decision_type=2 2 2 2 2 2 2 2 2 2 2 2 2 2 2 2 2 2 2 2 2 2 2 2 2 2 2 2 2 2 2 2 2 2 2 2 2 2 2 2 2 2 2 2
left_child=1 3 5 25 14 6 7 9 10 16 -9 12 -8 -14 31 20 -2 -7 -19 -5 22 23 42 -22 -24 -1 38 -28 29 -17 41 32 43 34 -33 -35 -34 -13 -21 -40 -23 -30 -6 -3
right_child=2 4 -4 19 15 17 11 8 -10 -11 -12 37 13 -15 -16 28 -18 18 -20 26 21 40 24 -25 -26 -27 27 -29 30 -31 -32 33 36 35 -36 -37 -38 -39 39 -41 -42 -43 -44 -45
leaf_value=0.17028068570972188 0.0097461597491814017 -0.010017971430231639 0.073212095174122901 0.15726616280720745 -0.014653285735456427 0.016897169878012791 0.11893184573116672 0.033042306338786458 0.043148641338408691 0.078195873118763332 -0.011221884461855194 -0.013996378933790141 0.043923699477065876 -0.083178386343062696 0.11539067504532544 0.12150787119784941 -0.003955999752905017 -0.64138261426742693 0.058370966355154062 0.10527457671913167 -0.049516088645142731 0.0057014274334394911 0.0048906798817463957 0.023050386676447213 0.09725091361886494 -0.076266677687868129 0.2658282097199699 -0.0030683319829360725 0.075571824104165256 0.0041775375667606821 0.016698181675554549 -0.02887797655413539 0.17902748513351988 -0.017857895867370438 -0.067963597604365336 0.044728724894086608 -0.046631560583004383 0.024442649084051162 -0.037316896959681177 0.13389417789861871 -0.0081643903425151643 0.27933509035215059 0.12409900747795304 0.040237225203914928
leaf_weight=1.4379953572060902 1112.3890826529823 31.443441414274275 201.85361493006349 3.5505213927244759 3.4322415185160962 307.86945037264377 5.4442131845280519 149.36207918729633 427.10710794758052 37.103652121964842 406.68954125232995 153.15934654325247 11.206338322255759 79.970921856351197 8.3049093142617476 18.281057956861336 2651.0734245101921 0.22132123820483585 118.55818628612906 3.5237560613313681 114.30357672146056 1099.4173587786499 135.51234812522307 25.726487237145193 11.660803389037026 394.78047653497197 1.3499637227505434 208.94812823808752 6.7726920691784454 9.4412505613872764 130.88394316076301 163.90835471043829 1.423258440569042 231.42289119993802 118.83154600823764 26.727143755997531 64.688111811177805 67.062767550814897 157.79850014811382 2.1859930788632473 440.66848555637989 1.7970606875605879 16.776090184110217 61.066662294324487
leaf_count=359 12401 6788 50733 148 192 5542 69 1078 35842 972 3122 771 236 730 170 821 42257 12 13402 55 11105 17156 2479 382 115 338001 49 4884 176 463 5956 30208 18 20726 40169 1481 1450 5254 22453 28 7798 90 353 1740
internal_value=-5.75324e-05 -0.0123935 0.00747029 -0.0450021 -0.00312803 0.0050694 0.00314458 0.00461058 0.0191226 0.000856511 0.000668004 -0.0189893 -0.0570488 -0.0675566 -0.0217684 0.00342092 9.40293e-05 0.0280805 0.0570671 -0.0131143 0.000775087 -0.00142633 0.0228721 -0.0361841 0.0122086 -0.0753719 -0.0147327 -0.00134221 0.0326606 0.0815493 0.0229419 -0.0233969 -0.00390585 -0.0291128 -0.0453051 -0.0113781 -0.0417735 -0.0022908 -0.0319549 -0.0349775 0.00173397 0.118301 0.100533 0.0231559
internal_weight=9225.14 3496.07 5729.07 773.575 2722.49 5527.22 5100.57 4783.72 983.159 3800.57 556.052 316.844 96.6215 91.1773 707.816 2014.67 3763.46 426.649 118.78 377.357 1847.5 1680.12 167.381 140.03 147.173 396.218 373.806 210.298 167.176 27.7223 139.454 699.511 158.621 540.89 282.74 258.15 66.1114 220.222 163.508 159.984 1540.09 8.56975 20.2083 92.5101
internal_count=688234 515813 172421 365977 149836 121688 102732 95672 40042 55630 4200 7060 1035 966 102750 47086 54658 18956 13414 27617 39580 36441 3139 11487 2594 338360 27469 4933 7506 1284 6222 102580 9996 92584 70377 22207 1468 6025 22536 22481 24954 266 545 8528
is_linear=0
shrinkage=0.08


Tree=70
num_leaves=45
num_cat=0
split_feature=8 10 4 12 7 7 1 5 10 6 12 10 0 2 8 2 2 2 5 10 7 2 0 4 4 0 5 6 2 4 1 7 8 6 5 7 7 1 2 8 7 2 7 2
split_gain=116.7 154.897 137.498 114.979 44.0963 42.3776 32.3905 29.1916 39.8419 29.1317 41.7373 25.5248 25.0577 23.6194 22.2995 21.7728 21.5185 20.2878 42.4395 32.5627 20.0142 19.8761 19.7543 18.9526 15.9166 21.6241 40.6576 17.4852 17.6448 16.5257 15.1889 11.6938 16.1864 40.3437 11.2893 10.9594 13.3683 10.1106 9.26973 9.58409 8.72827 8.51307 8.44803 8.12284
threshold=0.62880185246467601 1.0000000180025095e-35 0.90873014926910411 1.0000000180025095e-35 0.51244834065437328 0.98974332213401806 0.74210175871849071 1.0000000180025095e-35 0.35000000149011617 0.97619047760963451 1.0000000180025095e-35 0.75000000000000011 0.38327018916606909 0.79502627253532421 0.94257584214210521 0.9495762586593629 0.89512962102890026 0.24525599926710132 1.0000000180025095e-35 0.75000000000000011 0.99814125895500194 0.73942822217941295 0.97467949986457836 1.0000000180025095e-35 0.76388889551162731 0.9569842815399171 1.0000000180025095e-35 0.13397436589002612 0.63453349471092235 0.61250001192092907 0.50862327218055736 0.41277122497558599 0.22611077129840854 1.0000000180025095e-35 1.0000000180025095e-35 0.63343685865402233 0.90152388811111461 0.96808147430419933 0.92805382609367382 0.38243331015110021 0.81861472129821788 0.93957647681236278 0.93035691976547252 0.75123763084411632
decision_type=2 2 2 2 2 2 2 2 2 2 2 2 2 2 2 2 2 2 2 2 2 2 2 2 2 2 2 2 2 2 2 2 2 2 2 2 2 2 2 2 2 2 2 2
left_child=1 3 5 4 -1 15 16 9 14 10 30 35 -6 37 -9 24 17 19 23 -3 -16 -20 -17 -19 25 29 -27 42 -29 -2 -7 32 33 -5 41 -8 -37 -14 -36 -40 -15 -33 -26 -13
right_child=2 6 -4 31 12 7 11 8 -10 -11 -12 43 13 40 20 22 -18 18 21 -21 -22 -23 -24 -25 27 26 -28 28 -30 -31 -32 34 -34 -35 38 36 -38 -39 39 -41 -42 -43 -44 -45
leaf_value=-0.078349110790667559 0.00052560531508712345 0.10747308584764459 0.073513879663745701 1.4568370013956635 0.11879192979379724 -0.0225390870120078 0.0024789631429760904 0.011477690817141711 0.065933338528154334 0.040618692554099819 0.046087310842589047 0.072197023518149564 -0.056753888296771964 -0.0057305768144647294 0.016144480917228456 0.059076756773177863 0.13128713350015636 -0.021616434889227008 0.00079728929714607279 -0.004422028969743798 -0.22508936112394495 -0.048041580435540569 -0.024261432100370586 -0.057720496038719274 -0.00079894842681471319 -0.043582792499211029 0.017856079051060476 0.1379340273822027 -0.031130081435365196 -0.026078853848434599 0.016219783824345729 0.067115269559918561 -0.062304449278520191 0.034152455732802997 -0.002617752126380091 -0.068779435937791719 0.052904399769415501 -0.19022814094766333 0.25988791824605889 0.042075580290887774 0.16329720170137887 -0.14130466735147273 0.057577245090891842 0.026371892773762427
leaf_weight=362.92910422960995 2619.8422802892746 17.066384163219482 196.84105861582793 0.15610065474175172 7.0361604392528525 235.15147816389799 1541.4463398169028 21.923057861626152 158.18974425597116 180.65513345599174 105.32699232804589 30.967853910056874 88.033672980964184 69.699677210883237 3.4986736434511823 75.606822942849249 6.7431667795171952 178.15247030963656 450.62304139509797 673.81445716100279 5.934947167057544 60.490054476074874 23.976084566209465 194.80865655641537 54.238528507761657 74.846071722451597 872.73771550226957 4.0240598935633889 217.25372018059716 158.46634291205555 89.276138741057366 35.166797434445471 17.877757689682767 0.69788847188465297 90.853901039343327 27.302656687097624 7.3292736285366109 3.7884287564083925 1.3850620649755025 19.431166565511376 2.0116339060477904 1.3006495563313354 22.42590464418754 123.41601819521748
leaf_count=340481 41197 495 50015 22 163 2067 26224 871 17729 5122 6104 1243 12151 1850 50 4144 101 28285 27420 15327 132 1803 1208 47458 1163 1923 22135 33 3372 2905 4922 987 7666 143 1491 714 633 60 51 408 15 13 882 7056
internal_value=-5.59284e-05 -0.0102714 0.0079496 -0.0444533 -0.0625816 0.00532828 -0.00304358 0.0221792 0.0496037 0.0136632 0.00233198 0.00451994 -0.0290322 -0.0353924 -0.0327772 0.00205916 -0.0113185 -0.011929 -0.0199556 -0.00165796 -0.135622 -0.00498277 0.0390118 -0.0404747 0.00114465 0.00256745 0.0130033 -0.0166481 -0.0280556 -0.000991833 -0.0118734 0.0135048 -0.046051 0.294205 0.0210355 0.00147904 -0.0430271 -0.0622608 0.00841501 0.0565683 -0.000989037 0.0596818 0.0162773 0.035564
internal_weight=9132.74 4012.53 5120.21 700.368 533.499 4923.37 3312.16 799.956 189.546 610.41 429.755 1730.46 170.57 163.533 31.3567 4123.42 1581.7 1574.96 884.074 690.881 9.43362 511.113 99.5829 372.961 4023.83 3725.89 947.584 297.942 221.278 2778.31 324.428 166.869 18.7317 0.853989 148.138 1576.08 34.6319 91.8221 111.67 20.8162 71.7113 36.4674 76.6644 154.384
internal_count=688234 522260 165974 365501 354720 115959 156759 36997 18782 18215 13093 35870 14239 14076 1053 78962 120889 120788 104966 15822 182 29223 5352 75743 73610 68160 24058 5450 3405 44102 6989 10781 7831 165 2950 27571 1347 12211 1950 459 1865 1000 2045 8299
is_linear=0
shrinkage=0.08


Tree=71
num_leaves=45
num_cat=0
split_feature=12 8 10 1 1 7 7 3 0 7 5 6 10 7 8 1 3 10 10 3 7 8 2 8 3 0 2 3 6 2 3 2 3 2 10 6 6 3 2 8 8 6 7 6
split_gain=102.399 90.3872 199.041 62.6224 58.6199 44.6747 41.0119 29.9881 22.2579 22.0421 32.5458 39.1092 30.6505 22.4311 39.9517 35.3535 21.9076 62.8472 55.4908 21.5714 30.0545 31.9877 21.458 17.0052 16.5562 24.38 22.9399 51.4261 21.645 22.9656 21.1618 16.2952 15.5162 14.7077 14.007 16.6837 12.764 12.127 11.8043 12.01 10.5932 21.0477 10.3378 10.4677
threshold=1.0000000180025095e-35 0.62880185246467601 1.0000000180025095e-35 0.98147514462471019 0.96039214730262767 0.51244834065437328 0.94764256477355968 0.86319074034690868 0.38327018916606909 0.98974332213401806 1.0000000180025095e-35 0.87138131260871898 0.35000000149011617 0.95842933654785167 0.9656645953655244 0.27195686101913458 0.53694942593574535 0.75000000000000011 0.75000000000000011 0.81016731262207042 0.62090381979942333 0.22611077129840854 0.79502627253532421 0.94257584214210521 0.98147514462471019 0.99504950642585765 0.91331186890602123 0.91734972596168529 0.12158167362213136 0.7897985875606538 0.94494947791099559 0.73746865987777721 0.62593284249305736 0.18677325546741488 0.75000000000000011 0.080540537834167494 0.97619047760963451 0.31698563694953924 0.75123763084411632 0.33267457783222204 0.99829351902008068 0.16823899745941165 0.60894551873207103 0.043961353600025184
decision_type=2 2 2 2 2 2 2 2 2 2 2 2 2 2 2 2 2 2 2 2 2 2 2 2 2 2 2 2 2 2 2 2 2 2 2 2 2 2 2 2 2 2 2 2
left_child=1 2 5 9 6 -1 24 37 -7 13 11 32 23 16 15 -15 17 -3 -18 20 21 31 -10 -12 25 26 27 -2 -27 -30 -28 -4 -11 -23 -26 -36 -16 -8 39 -22 41 -39 -6 -44
right_child=4 3 19 -5 42 8 7 -9 22 10 12 -13 -14 14 36 -17 18 -19 -20 -21 38 33 -24 -25 34 28 30 -29 29 -31 -32 -33 -34 -35 35 -37 -38 40 -40 -41 -42 -43 43 -45
leaf_value=-0.07819802560692167 0.0055779432991993226 0.094832097831151499 0.0019912328382909591 0.070980903813731414 0.03504886788173011 0.11594545311127892 0.047993790010572898 0.06357440100147306 -0.059918674448334083 -0.022525974757240816 0.016528690543225876 0.03701776142912027 0.064209365995113302 0.018552746528911181 0.016536183761966732 -0.044553447648993119 -0.0037293222943332108 -0.018662102563785591 0.028506777520562625 -0.00037885939395717238 -0.038237943330173788 -0.015096609648116148 -0.00091320934781147776 -0.10954217519920827 0.0090169932666477447 0.064411120674202987 0.072053791202479775 -0.048626315494197131 -0.0085970357985268968 -0.09141820893487386 0.0035830669712652967 -0.045482271868183814 0.016035451086733727 -0.071236135835242145 -0.44546050253259056 0.039241678807620244 -0.076817950854703929 0.032395060960132505 -0.094127874610746828 -0.00031024744832005619 0.04194122332937493 -0.024489756824917944 0.075993008827511796 -0.041229919134905799
leaf_weight=335.64745829516323 1074.3262042807182 33.333611673442647 151.49928754952271 86.260823812102899 98.8835571592208 6.6483825650066128 65.419755546376109 134.8877528461162 87.938432847731747 227.66124810604379 21.21799100399949 161.54416470648721 126.7944381206762 71.094425804913044 200.17206183751114 282.88994939788245 984.77068088855594 493.90459219785407 523.39611442270689 1551.1131294165971 58.61868015001528 38.487826217664406 71.527550973813049 10.110330884810535 410.53532026405446 11.582164299907161 56.822399069787934 125.0604554329766 40.803189183003269 45.124787370208651 58.763702627737075 66.623329249210656 94.503581231459975 133.33657929813489 0.45589395891874929 147.23660048516467 9.8339498061686736 71.790954619646072 9.3621602635830623 604.01884996029548 48.009208474773914 99.082780562806875 106.06250967411324 5.1102726424578568
leaf_count=340481 25820 488 12195 24459 2782 163 2523 16062 12211 1516 844 4426 14782 708 3149 4641 7963 4427 13809 29784 428 8209 1865 181 7020 285 2504 3430 613 647 2467 817 5447 78717 41 10754 190 2664 76 7634 699 1473 28274 566
internal_value=-5.24814e-05 -0.0054608 -0.0152549 0.00370734 0.0133485 -0.0614048 0.00978724 0.03251 -0.0274728 0.00191694 0.0151936 0.00489368 0.0467016 -0.00136126 -0.0154791 -0.0318792 0.00255065 -0.0114867 0.00745793 -0.00639315 -0.0151778 -0.0328453 -0.0334521 -0.0241571 0.00495387 0.000344168 0.00320625 -7.39532e-05 -0.0382524 -0.0520903 0.0372434 -0.0125091 -0.0112144 -0.0586612 0.0166178 0.0377455 0.0121647 0.0177714 -0.00492574 -0.00366543 0.00873857 -0.000590148 0.0538668 0.0706046
internal_weight=9042.27 6442.31 3114.82 3327.49 2599.96 501.762 2389.9 419.19 166.114 3241.23 641.832 483.709 158.123 2599.4 563.99 353.984 2035.4 527.238 1508.17 2613.06 1061.95 389.947 159.466 31.3283 1970.71 1412.48 1314.97 1199.39 97.5101 85.928 115.586 218.123 322.165 171.824 558.228 147.692 210.006 284.303 672 662.638 218.883 170.874 210.056 111.173
internal_count=688234 579610 492580 87030 108624 354720 77002 23421 14239 62571 27196 11389 15807 35375 8688 5349 26687 4915 21772 137860 108076 99938 14076 1025 53581 35766 34221 29250 1545 1260 4971 13012 6963 86926 17815 10795 3339 7359 8138 8062 4836 4137 31622 28840
is_linear=0
shrinkage=0.08


Tree=72
num_leaves=45
num_cat=0
split_feature=12 8 10 4 7 7 7 7 5 6 4 2 4 6 11 10 11 11 0 2 10 4 11 10 8 6 7 11 8 2 2 7 8 4 7 11 4 2 7 11 8 7 8 7
split_gain=102.883 82.3911 193.632 45.2908 42.98 38.4971 49.7807 37.9027 49.3613 28.3434 27.87 26.8556 21.5453 28.7468 21.3848 20.7279 20.3793 19.871 18.8168 17.7717 20.0985 24.6642 17.0208 16.1023 15.0318 16.5481 15.0118 14.9286 38.4132 14.5283 18.7004 13.743 29.9863 50.5337 21.969 13.3785 11.9782 11.7561 15.6249 10.4244 10.3445 10.121 8.959 11.1548
threshold=1.0000000180025095e-35 0.50108224153518688 1.0000000180025095e-35 0.90873014926910411 0.94764256477355968 1.0000000180025095e-35 0.51628047227859508 0.98974332213401806 1.0000000180025095e-35 0.87138131260871898 0.78888890147209179 0.88774341344833385 0.55050507187843334 0.056349206715822227 0.28814046084880834 0.35000000149011617 0.38431020081043249 0.9022241234779359 0.27334994077682501 0.94185259938240062 0.75000000000000011 0.58571431040763866 0.59958091378211986 0.35000000149011617 0.76728257536888134 0.76568627357482921 0.5893288552761079 0.75632518529891979 0.32947862148284918 0.84660634398460399 0.71010184288024913 0.95842933654785167 0.96015870571136486 0.095454547554254546 0.91388580203056347 0.93337100744247448 0.19090909510850909 0.9569842815399171 0.83096903562545787 0.94001403450965892 0.26336190104484564 0.70638945698738109 0.45474053919315344 0.85258609056472789
decision_type=2 2 2 2 2 2 2 2 2 2 2 2 2 2 2 2 2 2 2 2 2 2 2 2 2 2 2 2 2 2 2 2 2 2 2 2 2 2 2 2 2 2 2 2
left_child=1 2 18 4 10 36 27 19 9 24 11 16 -13 -14 -8 29 23 40 -1 31 21 -21 -18 -2 -9 -26 -5 -7 -29 30 -10 34 33 -33 -3 -16 -4 41 -39 -23 -6 -12 -20 -44
right_child=3 7 5 26 17 6 14 8 15 -11 37 12 13 -15 35 -17 22 -19 42 20 -22 39 -24 -25 25 -27 -28 28 -30 -31 -32 32 -34 -35 -36 -37 -38 38 -40 -41 -42 -43 43 -45
leaf_value=0.12210884203708512 0.10481431316791331 -0.0069000291550581098 -0.076257233339179595 0.027486105383481351 -0.13209832790852188 -0.073790380797704863 0.052950623009169348 0.047629871396526191 0.053338919505494797 0.029522706751612143 -0.061229773644197003 0.067409612077582115 -0.021276363936697545 0.040714841931248559 -0.015653583597991901 0.067668282200648577 -0.013052739034698675 0.056998786765467185 -0.079053807789496888 0.086911053327012253 0.067163729240117723 -0.033701756757715973 0.0065550507657700218 0.022839028643334706 -0.010642306156520107 -0.13237531786982959 0.072611976021723174 1.121278909240645 -0.00096879271840358196 0.070445424438945053 -0.097119051647680893 0.015126654508794444 0.004485365026131595 -0.055337900079626128 0.0087112241422146412 -0.19230514501239776 -0.0012682553400553504 -0.38734480501545093 -0.012548686115918925 0.021233514214505044 0.022099393093486856 -0.012720107160419818 -0.048766754820322167 0.14117796245317329
leaf_weight=3.1488884543068698 17.581998129375279 1538.0014405541006 13.751303499564527 90.971531236660667 2.8146758270449928 136.17380984366173 30.351395215606317 28.052110079675913 8.5713980582077074 203.04949240572751 36.176655960385688 75.465129787568003 76.781784244813025 127.16585654160008 347.79067206336185 145.07805541274138 393.87215315317735 149.52557805483229 303.76801388716558 19.528437059838325 47.814363533863798 56.03125691076275 1009.6189925378421 120.03078122390434 297.24630291201174 7.3228587461635462 98.012973634991795 0.19825129909440775 12.68889462656807 11.734920094022526 13.797007425688205 96.55818409845233 268.68829612084664 200.15641680778936 923.23034275276586 2.7656188048422328 1578.8125335914083 1.3388965940102928 1.5201177685521541 36.512737163342535 258.88649201998487 115.11867039324716 38.330029357515741 2.0864454396069041
leaf_count=77 575 37817 5724 2583 27 88055 1717 458 177 4826 902 3626 3095 5981 8874 24081 9645 16415 325927 314 10280 1112 25657 2378 7565 76 27781 21 2437 1128 325 1090 4458 3129 13218 117 15390 37 46 2973 7296 2570 18499 14
internal_value=-0.000304417 -0.00575838 -0.0171922 0.0131908 0.0102047 -0.00813094 -0.0268076 0.00148008 0.0181283 0.00596997 0.00530473 0.00807035 0.0308897 0.0173765 -0.0114697 0.054476 0.00393304 0.0337337 -0.0725648 -0.00225471 0.0237391 0.00521251 0.00105237 0.0333125 -0.00840786 -0.0135692 0.0508897 -0.066002 0.0162955 -0.00164476 -0.0394647 -0.00362788 -0.0148752 -0.032407 -0.00104411 -0.0170472 -0.00191576 -0.0273564 -0.188068 -0.0120273 0.0204409 -0.0243194 -0.0743459 -0.0389611
internal_weight=8946.12 6371.24 2469.87 2574.88 2385.9 2122.53 529.969 3901.37 714.852 535.671 1974.67 1820.52 279.413 203.948 380.908 179.181 1541.1 411.227 347.333 3186.52 159.887 112.072 1403.49 137.613 332.621 304.569 188.985 149.061 12.8871 34.1033 22.3684 3026.63 565.403 296.715 2461.23 350.556 1592.56 154.154 2.85901 92.544 261.701 151.295 344.184 40.4165
internal_count=688493 579879 466852 108614 78250 122335 101221 113027 38636 12925 54512 50957 12702 9076 10708 25711 38255 23738 344517 74391 14679 4399 35302 2953 8099 7641 30364 90513 2458 1630 502 59712 8677 4219 51035 8991 21114 3555 83 4085 7323 3472 344440 18513
is_linear=0
shrinkage=0.08


Tree=73
num_leaves=45
num_cat=0
split_feature=12 8 10 1 7 7 7 7 5 6 10 7 3 3 3 0 3 2 6 2 0 1 0 2 10 3 5 3 3 0 6 0 10 7 3 10 8 8 8 2 2 8 3 3
split_gain=88.3409 71.3971 182.097 40.9081 33.8142 33.5444 47.5515 32.8356 45.2941 24.5853 19.6589 19.5843 23.2218 18.9839 17.5799 43.1517 30.1328 38.486 31.8019 19.765 17.2197 16.9237 59.7797 15.4383 18.6769 23.5254 15.5602 15.111 39.7713 71.5757 27.6011 26.127 18.1526 14.7091 26.0331 13.8605 13.8528 12.742 13.7364 12.7409 14.0491 12.388 12.1028 11.2731
threshold=1.0000000180025095e-35 0.50108224153518688 1.0000000180025095e-35 0.90366768836975109 0.94764256477355968 1.0000000180025095e-35 0.51628047227859508 0.98974332213401806 1.0000000180025095e-35 0.87138131260871898 0.35000000149011617 0.90152388811111461 0.91331186890602123 0.80229884386062633 0.98571136593818676 0.89386734366416942 0.91734972596168529 0.92805382609367382 0.18561584502458575 0.88273492455482494 0.27334994077682501 0.94791102409362804 0.9529346525669099 0.94185259938240062 0.75000000000000011 0.96051946282386791 1.0000000180025095e-35 0.98147514462471019 0.93788579106330883 0.87428161501884472 0.11834733933210374 0.93127068877220165 0.75000000000000011 0.59940120577812206 0.99397590756416332 0.75000000000000011 0.39554230868816381 0.76728257536888134 0.8894205391407014 0.8521554470062257 0.71010184288024913 0.61577314138412487 0.28869047760963445 0.31698563694953924
decision_type=2 2 2 2 2 2 2 2 2 2 2 2 2 2 2 2 2 2 2 2 2 2 2 2 2 2 2 2 2 2 2 2 2 2 2 2 2 2 2 2 2 2 2 2
left_child=1 2 20 4 14 -4 21 23 9 37 39 12 -5 43 15 19 18 -18 -17 42 -1 -7 -23 27 25 26 -25 28 30 -30 -3 41 -33 36 -35 -16 -8 -9 -39 40 -10 -29 -2 -6
right_child=3 7 5 11 13 6 33 8 10 -11 -12 -13 -14 -15 35 16 17 -19 -20 -21 -22 22 -24 24 -26 -27 -28 31 29 -31 -32 32 -34 34 -36 -37 -38 38 -40 -41 -42 -43 -44 -45
leaf_value=0.12074516604234964 0.02487968784869099 0.01005284021441933 -0.0017655173344615174 0.072879862754408414 0.045799410629803042 -0.072875686512141144 0.21183645369178611 0.044031908420746162 0.051289666488574602 0.027885786503878542 0.066604591453808093 0.065562762333573915 0.016592810617141115 0.054438155327961736 0.0080552070025331352 0.040850134702935241 -0.088753116397753185 0.035678360547849078 -0.041407860991455242 0.070090053693962678 -0.073806950370592539 1.7150622850937243 0.012039556978406179 -0.092454002444629799 0.066054674805993543 -0.016935460484480594 0.088724194268823817 0.273846548263873 0.071097790849129011 -0.071121268812983002 -0.0095738546746781845 -0.0029166801740220754 0.027643071511548985 -0.012696420385834767 -0.19087872863938046 0.040495215429752804 0.024606286641188073 -0.043405143871440732 -0.0031426973518873733 0.073178672991178736 -0.077930300643171968 0.076216611952555663 -0.0003341753404016173 0.0064159384030257173
leaf_weight=2.9383438653312615 141.05625868262723 657.12543083610944 1591.5540800137678 55.490603023441508 62.291631093248725 129.52788267203141 2.7535694004036477 27.922419062117115 8.215636348351838 197.98634817264974 135.97710021934472 98.536028876435012 303.33935606537852 127.40536109195091 307.41900229838211 51.973776477389038 84.199563413276337 19.614028143580072 71.406625784817152 28.977143837837502 319.98893855104689 0.13367996993474385 9.9893433359684423 3.4456852860748794 44.849662844557315 82.157593128678855 25.378003745339811 2.325621705385859 27.580687684938312 126.63475159124937 1517.732966841897 515.88284486159682 163.92965055885725 342.58434520754963 5.3294273102655998 116.13913566619158 31.024410260957666 70.478515336755663 235.25204300903715 10.269470225088297 15.627608133945612 15.964296117890624 894.32944174879231 183.6583447130397
leaf_count=77 2380 15217 21114 3987 2538 88019 464 458 177 4826 24081 21110 21297 13568 5089 1321 1593 473 1064 1042 344440 55 2439 62 10280 3946 391 43 699 1765 29395 4359 7913 3549 77 7681 6618 1424 6217 1106 347 321 22282 3189
internal_value=-0.000280319 -0.0053483 -0.016086 0.012302 0.00755631 -0.00753467 -0.0251467 0.00138449 0.0170489 0.00555269 0.0529821 0.0339721 0.0252972 0.0293741 0.0028069 -0.00183132 -0.0334817 -0.0652436 -0.00675683 0.00492462 -0.0720367 -0.0650901 0.0345289 -0.00206892 0.0224874 0.00488099 0.0670655 -0.00333301 -0.00642748 -0.0456861 -0.00364372 0.00699104 0.00445248 -0.0105325 -0.0154259 0.0169502 0.0398692 -0.00769955 -0.0124242 -0.00131859 -0.0334051 0.101346 0.00310085 0.0163906
internal_weight=8866.4 6320.56 2435.82 2545.84 2088.47 2112.9 521.343 3884.74 701.729 531.639 170.09 457.366 358.83 373.355 1715.11 1291.56 227.194 103.814 123.38 1064.36 322.927 139.651 10.123 3183.01 155.831 110.981 28.8237 3027.18 2329.07 154.215 2174.86 698.102 679.812 381.692 347.914 423.558 33.778 333.653 305.731 34.1127 23.8432 18.2899 1035.39 245.95
internal_count=688493 579879 466852 108614 62220 122335 101221 113027 38636 12925 25711 46394 25284 19295 42925 30155 4451 2066 2385 25704 344517 90513 2494 74391 14679 4399 453 59712 47076 2464 44612 12636 12272 10708 3626 12770 7082 8099 7641 1630 524 364 24662 5727
is_linear=0
shrinkage=0.08


Tree=74
num_leaves=45
num_cat=0
split_feature=12 7 7 7 4 4 7 4 1 3 7 3 3 11 7 7 5 4 3 4 3 6 3 2 4 6 4 0 11 1 7 3 2 6 7 4 3 6 11 4 2 4 7 3
split_gain=75.9254 57.2219 139.139 112.546 39.4746 39.2263 33.8887 23.8417 25.1157 22.3991 18.7967 17.1185 27.3892 15.9224 15.443 14.4056 35.2826 19.1326 36.8218 30.695 14.3907 18.9505 16.9429 13.6098 31.8115 12.7626 12.602 22.7024 11.742 11.589 11.1124 20.0709 67.7484 25.8018 11.9987 11.0365 10.6338 10.3526 9.41548 9.33359 8.97983 8.78252 8.35927 8.01628
threshold=1.0000000180025095e-35 0.67658114433288585 1.0000000180025095e-35 0.50658008456230175 0.90873014926910411 0.90873014926910411 0.94764256477355968 0.78888890147209179 0.91922956705093395 0.87026646733284008 0.82554244995117199 0.98147514462471019 0.91734972596168529 0.78351232409477245 0.5893288552761079 0.98974332213401806 1.0000000180025095e-35 0.095454547554254546 0.62593284249305736 0.36931818723678594 0.97646731138229381 0.12158167362213136 0.89512962102890026 0.66323024034500133 0.087121214717626586 0.65881377458572399 0.61250001192092907 0.9529346525669099 0.61907106637954723 0.9569842815399171 0.95672976970672619 0.89022758603096019 0.73123827576637279 0.29679679870605474 0.90957191586494457 0.19090909510850909 0.47856706380844122 0.42146381735801702 0.79175817966461193 0.86190477013587963 0.97332859039306652 0.80909091234207164 0.83096903562545787 0.89512962102890026
decision_type=2 2 2 2 2 2 2 2 2 2 2 2 2 2 2 2 2 2 2 2 2 2 2 2 2 2 2 2 2 2 2 2 2 2 2 2 2 2 2 2 2 2 2 2
left_child=1 2 35 13 15 6 7 8 11 41 -6 12 -2 -4 -7 30 17 18 -17 -19 21 -9 -23 25 -25 28 40 -28 -5 39 34 32 -32 -33 43 -1 -36 -13 -26 -22 -10 -8 -31 -3
right_child=5 4 3 23 10 14 9 20 26 -11 -12 37 -14 -15 -16 16 -18 19 -20 -21 29 22 -24 24 38 -27 27 -29 -30 42 31 33 -34 -35 36 -37 -38 -39 -40 -41 -42 -43 -44 -45
leaf_value=-0.075750407230342293 0.0046363890190508671 -0.00090709245924794422 -0.075919622399715322 -0.066011032514273746 -0.033877875842034937 0.024264706117517507 0.019318223592093123 0.069855715267511567 0.0720178573569622 0.060528185631722214 0.07093402719923271 0.026806385999543703 -0.029831713964082938 0.018088396084767523 0.071644754354928883 0.0015330929930315691 0.046294703604559562 -0.078168768728173868 0.083569721550406692 0.015659556797604668 -0.0043168991542116807 -0.045914642991988483 -0.16206036388578948 0.21655802319482795 0.026364709192494864 0.0030406907854851873 -0.076407920897500023 0.046241227107748258 -0.0077643703761999154 -0.28496856614345545 -0.0036325079903155194 0.023712792671717584 -0.080206410222413121 -0.032955633071338183 -0.0063128262320319073 -0.0010256104080690884 0.011693659181043668 -0.0028586460820641149 -0.012791191761203699 -0.2021194792617175 -0.055030859355148572 -0.14954028434549096 -0.020508805854017469 -0.013665252106646347
leaf_weight=12.751896595582364 1117.6230813662987 985.38090907526202 379.24346659105504 63.202462704502977 12.923187121283261 88.297541301231831 275.27519563748501 5.5659738064277908 64.663037186022848 111.79031763295643 71.7441199736204 291.89175954903476 169.98586643149611 11.892349162953904 87.812000588048249 512.8780414564535 137.00103926938027 46.124847256112844 37.58215593919158 43.225626710103825 109.81087721919175 21.535702184541151 12.825271764653733 4.392534418962895 55.78583997010719 53.517817949177697 13.494208353571592 33.98260086751543 34.102051026246045 1.6764143574982875 283.00699450401589 163.71897409856319 100.10193637153134 74.968535806052387 297.86476446501911 1578.7348584756255 710.74401916516945 101.46103646466509 133.02246012003161 1.5482642697170366 3.7679421845823518 1.9855209477245797 1.4069151259027419 463.43001518258825
leaf_count=5724 26522 10579 424736 21727 1576 2583 7752 104 4077 15970 23680 10001 4477 2576 27781 6725 15778 631 2174 3068 2971 231 135 85 5376 4260 676 1947 4414 36 2606 4240 1201 1177 2062 15390 11543 2929 2118 35 328 16 43 6433
internal_value=-0.000259612 -0.00497255 -0.0149209 -0.0437055 0.000901102 0.0114784 0.00873846 0.00443982 0.00703176 0.0302978 0.0549361 0.00454816 8.60243e-05 -0.0730613 0.0478894 -0.00028535 0.00944993 0.00156045 0.00713407 -0.0327769 -0.0257306 -0.0670839 -0.0892662 -0.0103296 0.00372928 -0.0283387 0.0430504 0.011381 -0.0455975 -0.0113031 -0.00274133 -0.0122954 -0.0236404 0.005914 -0.000323872 -0.00162435 0.00637594 0.0191546 -0.00122208 -0.00706702 0.0650223 0.018109 -0.164296 -0.00498803
internal_weight=8783.74 6267.34 2326.65 735.159 3940.7 2516.4 2340.29 1951.24 1796.87 389.051 84.6673 1680.96 1287.61 391.136 176.11 3856.03 776.812 639.811 550.46 89.3505 154.369 39.9269 34.361 344.023 193.201 150.822 115.908 47.4768 97.3045 114.442 3079.22 621.796 383.109 238.688 2457.42 1591.49 1008.61 393.353 188.808 111.359 68.431 277.261 3.08333 1448.81
internal_count=688493 579879 486406 465292 93473 108614 78250 54512 50957 23738 25256 43929 30999 427312 30364 68217 28376 12598 8899 3699 3555 470 366 37980 7579 30401 7028 2623 26141 3085 39841 9224 3807 5417 30617 21114 13605 12930 7494 3006 4405 7768 79 17012
is_linear=0
shrinkage=0.08


Tree=75
num_leaves=45
num_cat=0
split_feature=7 7 12 2 3 3 4 10 2 7 7 4 4 1 11 0 11 3 0 1 2 0 1 4 4 1 7 2 3 5 2 5 11 4 2 0 0 3 1 2 3 12 7 7
split_gain=64.0767 179.243 61.2367 58.519 32.4536 52.3343 59.8549 41.9651 40.9746 27.5339 23.5876 22.6696 52.2771 34.0947 20.0667 29.395 56.2469 26.4044 18.7823 15.4809 14.7861 12.732 12.4563 29.778 13.3797 10.2818 9.94191 9.7229 38.4521 21.1794 70.4819 13.4539 9.46599 9.25303 9.21096 18.6267 15.509 13.3843 13.074 12.2293 10.5885 9.11026 8.53068 16.8393
threshold=0.52011558413505565 1.0000000180025095e-35 1.0000000180025095e-35 0.9495762586593629 0.98571136593818676 0.95040982961654674 0.47727273404598242 0.75000000000000011 0.93582704663276683 0.97570812702178966 0.72245565056800853 0.72077924013137828 0.90873014926910411 0.79784947633743297 0.75074693560600292 0.97646731138229381 0.77690690755844127 0.89927536249160778 0.93127068877220165 0.6832355558872224 0.18677325546741488 0.93788579106330883 0.82413583993911754 0.58571431040763866 0.70714285969734203 0.28035087883472448 0.34759725630283361 0.9634092152118684 0.96449580788612377 1.0000000180025095e-35 0.97530490159988414 1.0000000180025095e-35 0.99925094842910778 0.19090909510850909 0.5912291705608369 0.78319624066352855 0.65240275859832775 0.56980520486831676 0.62316370010375988 0.83131474256515514 0.70505386590957653 1.0000000180025095e-35 0.98469346761703502 0.97156333923339855
decision_type=2 2 2 2 2 2 2 2 2 2 2 2 2 2 2 2 2 2 2 2 2 2 2 2 2 2 2 2 2 2 2 2 2 2 2 2 2 2 2 2 2 2 2 2
left_child=1 33 14 4 5 8 -7 18 11 21 41 13 -13 -2 20 16 17 -16 -6 32 25 -8 23 -20 -24 26 -3 28 -12 30 -29 -30 -9 -1 35 36 -35 -38 39 -36 -37 -5 43 -21
right_child=3 2 -4 10 7 6 9 19 -10 -11 27 12 -14 -15 15 -17 -18 -19 22 42 -22 -23 24 -25 -26 -27 -28 29 31 -31 -32 -33 -34 34 38 40 37 -39 -40 -41 -42 -43 -44 -45
leaf_value=-0.064818008427607834 -0.0015325458843817395 0.85795437551387221 -0.0070386578080363898 -0.020328648660543017 0.08712003157912207 0.042786883446294936 -0.059863886373852565 -0.021598746922658629 0.077638082022560631 0.048813540855707702 0.080235729098566605 -0.04476227879225509 0.048523318068209031 0.017476376866176455 0.77155226669121191 -0.027752655096287864 2.0475178192642791 -0.0067801103547716693 0.024935920841279043 0.04315750783575327 -0.078867149576975729 -0.11330187446025197 0.032157054792749662 -0.024947722245733332 0.0027363366325767269 0.89439603152389824 -0.0082850427241569647 -0.0023514913704473497 0.065283905843199194 0.073353031926420287 -1.1215637801544078 -0.076293757907544141 0.064599964673248994 0.0088039290830958915 -0.04001586258875342 -0.081310394808715714 -0.077868114688855933 0.11184906046022107 0.00079247501469496243 0.1529391172326853 0.0081015645387992868 0.044369766736607884 0.076600779062953858 -0.034378603277542163
leaf_weight=13.883845008560455 3671.7951165293925 0.085270354757082667 136.72833740583155 45.265043865889311 17.185139862122014 38.654452345566824 68.209444848354906 41.050277348142117 44.292066222988069 11.247709700372068 38.40356726013124 176.28156407619826 49.171195450937375 722.7487478548428 0.37533369607990508 33.72269181383308 0.11275434785056848 1.0862703926977699 112.91124548669904 261.8933490619529 330.73409156210255 49.057990069035441 136.13007077178918 238.0729607262183 362.00204407214187 0.082064035465010288 15.23516997345723 3.6839057193137696 5.4542645686306086 126.97721577365883 0.3991228244267403 20.224558105925098 10.174364193109794 24.059007530333474 69.261996309040114 10.830273696687071 2.6088708622846779 27.120027790311724 1665.7926419284195 2.1679806336760512 39.005231159739196 20.120731832459569 41.759168938966468 19.243731833528727
leaf_count=5786 76462 35 13158 852 286 1811 1581 1893 2665 1676 3117 2089 10327 20166 118 19818 17 417 1561 19379 408850 813 2206 2234 4406 17 5784 378 327 43365 47 639 2784 2186 1855 268 123 1296 13445 14 483 1756 10985 1350
internal_value=-0.0001626 -0.0113749 -0.0529736 0.00403888 0.00244587 -0.000517634 -0.0444979 0.0139887 0.00105863 -0.0707512 0.0411657 0.000324463 -0.0244167 0.00159376 -0.0694394 -0.0119784 0.325905 0.193092 0.00431887 0.03638 -0.075299 -0.0822193 0.00264306 -0.00890021 0.0107765 0.00132003 -0.00346374 0.0550995 0.029562 0.0675862 -0.111756 -0.0462222 -0.00447775 0.000246705 0.00073743 0.0239078 0.0565558 0.0952004 -0.000644656 -0.0341595 -0.0113295 -0.000419434 0.0428617 0.0378502
internal_weight=8705.3 2372.89 518.162 6332.41 6071.88 4831.46 167.17 1240.42 4664.29 128.515 260.528 4620 225.453 4394.54 381.434 35.2971 1.57436 1.4616 866.301 374.121 346.137 117.267 849.116 350.984 498.132 15.4025 15.3204 195.143 64.0824 131.06 4.08303 25.6788 51.2246 1854.73 1840.85 103.623 53.7879 29.7289 1737.22 71.43 49.8355 65.3858 322.896 281.137
internal_count=688825 473670 448214 215155 164674 117590 5881 47084 111709 4070 50481 109044 12416 96628 435056 20370 552 535 10693 36391 414686 2394 10407 3795 6612 5836 5819 47873 4083 43790 425 966 4677 25456 19670 4356 3605 1419 15314 1869 751 2608 31714 20729
is_linear=0
shrinkage=0.08


Tree=76
num_leaves=45
num_cat=0
split_feature=8 10 4 12 8 7 3 3 3 4 1 0 6 3 3 10 6 12 4 11 5 7 0 6 7 8 1 6 0 1 8 12 0 5 7 7 1 4 12 6 1 10 1 4
split_gain=57.9964 125.825 53.9398 45.6803 37.7786 26.199 31.2527 23.9161 18.0968 42.2535 36.4668 39.5275 31.5232 47.0861 30.8039 25.8387 17.5103 14.2482 14.1038 13.1957 18.29 13.9648 13.1784 12.3923 12.2019 13.5072 11.6649 11.6134 14.7635 11.5191 11.1 10.7427 10.6685 10.2306 10.1865 9.87189 9.79512 9.79159 9.19555 9.69704 7.76475 7.38363 7.09234 6.70163
threshold=0.45259316265583044 1.0000000180025095e-35 0.90873014926910411 1.0000000180025095e-35 0.64226880669593822 0.98974332213401806 0.87939393520355236 0.81754159927368175 0.98147514462471019 0.61250001192092907 0.86240702867507946 0.93908473849296581 0.22792208194732669 0.93419912457466137 0.89512962102890026 1.0000000180025095e-35 0.42146381735801702 1.0000000180025095e-35 0.70714285969734203 0.28814046084880834 1.0000000180025095e-35 0.54953444004058849 0.91715687513351452 0.38138528168201452 0.44402673840522772 0.22611077129840854 0.95850551128387462 0.077677227556705489 0.87428161501884472 0.95850551128387462 0.31437556445598608 1.0000000180025095e-35 0.27334994077682501 1.0000000180025095e-35 0.47332762181758886 0.87540850043296825 0.90999102592468273 0.80909091234207164 1.0000000180025095e-35 0.87138131260871898 0.71010184288024913 0.35000000149011617 0.99504950642585765 0.47727273404598242
decision_type=2 2 2 2 2 2 2 2 2 2 2 2 2 2 2 2 2 2 2 2 2 2 2 2 2 2 2 2 2 2 2 2 2 2 2 2 2 2 2 2 2 2 2 2
left_child=1 3 5 32 26 8 37 19 9 10 11 -2 13 -11 -12 22 18 -18 -17 -3 21 36 -10 -14 25 33 -4 43 -29 -24 -23 34 -1 40 -28 -9 -21 38 39 -7 -5 -8 -35 -22
right_child=2 7 4 24 -6 6 41 35 15 12 14 -13 23 -15 -16 16 17 -19 -20 20 27 30 29 -25 -26 -27 31 28 -30 -31 -32 -33 -34 42 -36 -37 -38 -39 -40 -41 -42 -43 -44 -45
leaf_value=0.11592909203706846 -0.0032704955097134403 0.023552282248596283 0.13910085857470558 0.2591125197828949 0.069150872346191369 -0.0018060923997341774 0.011865313202961374 0.00065224917084827653 0.088367019099419492 0.010862485432186883 0.05485599169744082 0.068066755647300733 -0.050438237113578463 -0.059009152211924716 0.0068831491857462984 0.051484223009528568 -0.033641752165168681 0.02910588736216704 0.018114877294754129 -0.061153675767838984 -0.01594490217104064 -0.053319887483196569 -0.00016736744381397849 -0.12076633527131633 0.030938358366693841 -0.061325884958565613 0.2748582351145552 -0.0042251652575848531 -0.060504739668991253 -0.13989137090613821 -0.012338812406888623 0.036235917663556591 -0.077864251915461077 -0.081313884705457154 -0.038276788819231924 0.071310068973180402 0.049141158594737243 -0.19281675545339422 0.032058302378956662 0.019341254702041226 0.99828332541669351 0.062786716778894844 0.34963202815671962 0.029436508038310692
leaf_weight=1.8327919309958804 3000.3231685710489 48.654833622800652 3.4747980153188101 0.2354203455615812 135.34078695671633 370.2401064930018 22.316877766977996 1665.7440696887206 10.741620608780066 185.41558347758837 135.68529548449442 50.547877468401566 94.997392861521803 92.530513667385094 232.36265995795839 154.81618257670198 51.2299606440356 42.270227707922459 170.15815671824384 102.66396238992456 28.77404983039014 53.962750895996578 731.26580266706878 19.291462897090241 36.83257762202993 20.439814189681783 0.6751380511559536 131.08712998364354 38.619406858982984 3.7957982516381881 195.71096641325857 20.719912494067103 225.93504625419155 0.7226338388863951 43.755063381628133 12.751810116693376 5.4255630396073675 1.5275184987112869 102.63597947615199 221.97449034824967 0.14821522450074553 99.37557342951186 0.36932934448122978 75.394634241121821
leaf_count=56 89340 6272 114 47 49699 6862 1067 31641 144 3575 5134 934 1044 2100 10363 9965 1415 2371 12326 53252 3365 460 6269 164 749 8500 274 16329 1038 35 2339 2377 324708 86 1229 1399 230 17 2855 4977 22 22517 9 1156
internal_value=-0.000152612 -0.0100202 0.00419968 -0.0600819 0.0446342 0.00277614 0.0160434 -0.00393931 0.00059471 -0.002072 0.000781131 -0.00208856 -0.0269413 -0.0123984 0.0245689 0.00932393 0.0252341 -0.00527435 0.0340119 -0.0165926 -0.0196849 -0.0315957 0.00039664 -0.0623093 0.00281508 -0.0444509 -0.00371707 -0.00412584 -0.0170325 -0.000888891 -0.0211962 -0.0113343 -0.0763048 0.1893 -0.0335186 0.00118905 -0.0556174 0.00950688 0.00995165 0.00612038 0.544687 0.0534484 0.0644428 0.016901
internal_weight=8642.77 2645.31 5997.47 286.516 203.966 5793.5 818.071 2358.79 4975.43 3811.15 3418.92 3050.87 392.235 277.946 368.048 1164.28 418.475 93.5002 324.974 680.293 631.638 357.763 745.803 114.289 58.748 21.9154 68.6249 273.875 169.707 735.062 249.674 65.1501 227.768 1.4756 44.4302 1678.5 108.09 696.378 694.851 592.215 0.383636 121.692 1.09196 104.169
internal_count=688825 451658 237167 334177 53693 183474 38295 117481 145179 112654 105771 90274 6883 5675 15497 32525 26077 3786 22291 84441 78169 56281 6448 1208 9413 8664 3994 21888 17367 6304 2799 3880 324764 164 1503 33040 53482 14711 14694 11839 69 23584 95 4521
is_linear=0
shrinkage=0.08


Tree=77
num_leaves=45
num_cat=0
split_feature=12 8 10 4 8 11 1 4 0 3 3 3 4 4 10 3 8 11 0 3 6 3 11 10 3 4 3 4 10 0 11 8 0 6 10 4 6 3 1 5 3 0 6 0
split_gain=50.5966 45.075 124.419 38.3717 36.1 32.4611 19.9806 24.2994 24.0836 28.7406 17.8095 19.5869 57.2995 60.4301 35.0364 29.3647 24.9873 15.0125 13.8805 13.487 15.8887 13.2519 13.0716 36.79 35.7495 78.8866 49.9764 45.5718 42.0752 27.4172 18.313 16.359 13.5037 10.8922 10.3784 10.2895 10.0455 22.0237 40.7922 20.6685 14.2839 26.7105 22.9187 9.91976
threshold=1.0000000180025095e-35 0.62880185246467601 1.0000000180025095e-35 0.90873014926910411 0.45474053919315344 0.95556902885437023 0.90366768836975109 0.63068181276321422 0.9495762586593629 0.92031747102737438 0.28869047760963445 0.49205549061298376 0.080128207802772536 0.19090909510850909 0.75000000000000011 0.55470088124275219 0.98314553499221813 0.82952332496643078 0.41728855669498449 0.94791102409362804 0.12613636255264285 0.83457711338996898 0.4676524698734284 0.75000000000000011 0.49205549061298376 0.074175827205181136 0.62593284249305736 0.19090909510850909 0.75000000000000011 0.28778468072414404 0.35913865268230444 0.72148045897483837 0.20601238310337069 0.3364779949188233 0.35000000149011617 0.63068181276321422 0.095695972442626967 0.92637759447097789 0.93957647681236278 1.0000000180025095e-35 0.96051946282386791 0.91945946216583263 0.45049019157886511 0.27334994077682501
decision_type=2 2 2 2 2 2 2 2 2 2 2 2 2 2 2 2 2 2 2 2 2 2 2 2 2 2 2 2 2 2 2 2 2 2 2 2 2 2 2 2 2 2 2 2
left_child=1 2 4 22 43 6 10 -8 9 -9 -2 14 15 -14 -12 -13 -16 36 -6 20 -7 -20 23 32 28 26 -26 -27 -24 -30 31 -25 -3 -23 -21 -22 37 39 -39 -4 42 -42 -38 -1
right_child=5 3 17 -5 18 19 7 8 -10 -11 11 12 13 -15 16 -17 -18 -19 21 34 35 33 24 30 25 27 -28 -29 29 -31 -32 -33 -34 -35 -36 -37 40 38 -40 -41 41 -43 -44 -45
leaf_value=0.11323343060473141 0.026353744234518334 0.083661915924862579 -0.019109878222216516 0.061234906401419827 0.10072601930440715 0.07754767336863097 0.057781227349311425 0.071372891402006783 0.017763437320245008 -0.14698884063366 0.10039982181972663 -0.0056590312647335573 -0.10382673998529469 0.0020186559751456494 -0.033346382595682365 0.073117971513386462 0.037877981750456702 -0.043197071992866633 -0.056220164845781073 0.022504712452714619 0.080499632637528504 0.0041075975904620492 0.1007764425589686 0.0052050506638786839 0.0018454582093915214 -0.074923895268915186 0.084596418336157719 0.00023452364947290695 -0.0084320020048318043 -0.05069927984076391 0.016319243913320819 -0.053755239337885639 0.40925182313858371 -0.070522245418612073 0.063139379792964315 -0.036539720623979775 -0.026031896575369133 -0.063337248470064764 0.0027858674829312848 0.028657340716887948 0.089720675227673435 -0.00053602721007595089 -0.0028982114082041987 -0.077547155485064564
leaf_weight=1.75879995105788 192.2298994846642 34.81394218839705 73.49631755205337 69.644661428290419 5.372617647284641 13.977449985919518 98.539741278858855 5.6224226681515601 236.42230237519834 12.290102868573738 15.200799455749801 41.954366814345121 35.556392809841782 1186.0176338383462 247.3562809121795 108.86291326710489 36.128480168059468 63.85358471586369 68.858152640110347 62.007064872421324 5.5435465006157747 70.665720074553974 16.930736162699759 72.046081006526947 77.730246064253151 53.015296076657251 117.03803411242552 1979.0814321218058 212.01887287199497 182.98996358108707 352.88324271887541 51.750640049576759 0.83479877002537151 15.210082891338969 114.52587424439844 36.200925785582513 471.43324058625149 72.275050872238353 343.47142945218366 274.48898481490323 21.796937451290432 563.16091179463547 654.72645861800993 211.07555295142811
leaf_count=59 4890 1359 15974 24896 391 3603 7025 365 19490 530 389 526 2291 31398 2655 6018 365 1380 22418 1943 166 4180 157 461 595 874 4775 44875 1220 2197 5490 246 7 1731 26510 552 71305 892 3858 7692 417 7022 29291 326347
internal_value=-0.000140736 -0.00402236 -0.011236 0.00249888 -0.0543829 0.00958129 0.0065993 0.0240544 0.0109873 -0.078449 0.00329363 0.000640943 0.00468152 -0.00106219 -0.0179246 0.0512038 -0.0242693 -0.00489761 -0.0256856 0.0380356 0.00372206 -0.0300748 0.00120073 0.0128944 -0.00106962 0.00293528 0.0515713 -0.00172628 -0.0227193 -0.0280125 0.00703181 -0.0194421 0.0912864 -0.00911063 0.0488665 -0.0209972 -0.00390945 0.00371961 -0.00870924 0.0185687 -0.00731456 0.00282715 -0.0125824 -0.0759706
internal_weight=8580.86 6132.42 2911.64 3220.78 372.941 2448.44 2216.18 352.875 254.335 17.9125 1863.31 1671.08 1372.39 1221.57 298.686 150.817 283.485 2538.7 160.107 232.255 55.7219 154.734 3151.13 512.329 2638.8 2226.87 194.768 2032.1 411.94 395.009 476.68 123.797 35.6487 85.8758 176.533 41.7445 2474.85 763.732 415.746 347.985 1711.12 584.958 1126.16 212.834
internal_count=688825 580109 492957 87152 355126 108716 75942 27410 20385 895 48532 43642 40233 33689 3409 6544 3020 137831 28720 32774 4321 28329 62256 7563 54693 51119 5370 45749 3574 3417 6197 707 1366 5911 28453 718 136451 28416 4750 23666 108035 7439 100596 326406
is_linear=0
shrinkage=0.08


Tree=78
num_leaves=45
num_cat=0
split_feature=12 8 10 7 4 4 7 4 0 3 4 6 11 6 4 3 5 10 4 3 0 7 11 3 8 7 3 7 4 0 6 11 8 3 4 7 6 6 6 0 5 6 6 4
split_gain=51.73 37.0293 109.473 43.8867 36.9633 32.9124 24.4995 17.618 16.5111 15.6101 27.9089 30.0181 15.2766 12.7313 12.1865 16.7502 13.2739 53.1819 44.9 118.439 59.3817 41.7442 13.5107 12.041 11.9015 11.7901 11.5957 14.224 23.4137 17.5758 12.9433 12.6715 10.2551 10.2211 9.67766 9.48441 16.8545 9.30754 9.94306 9.25356 8.98805 9.23622 8.90785 14.5485
threshold=1.0000000180025095e-35 0.62880185246467601 1.0000000180025095e-35 0.51244834065437328 0.90873014926910411 0.90873014926910411 0.97156333923339855 0.78888890147209179 0.41728855669498449 0.98147514462471019 0.61250001192092907 0.14415584504604342 0.84212991595268261 0.27346041798591619 0.76388889551162731 0.96051946282386791 1.0000000180025095e-35 0.75000000000000011 0.074175827205181136 0.62593284249305736 0.74115687608718883 0.96019801497459423 0.9652337133884431 0.99397590756416332 0.26709130406379705 0.98048734664917003 0.81016731262207042 0.64624765515327465 0.30384616553783422 0.82097071409225475 0.65881377458572399 0.35913865268230444 0.36136806011199957 0.83457711338996898 0.095454547554254546 0.56268712878227245 0.12158167362213136 0.17902930825948718 0.30707196891307836 0.89699381589889537 1.0000000180025095e-35 0.11483516544103624 0.42340287566185003 0.58571431040763866
decision_type=2 2 2 2 2 2 2 2 2 2 2 2 2 2 2 2 2 2 2 2 2 2 2 2 2 2 2 2 2 2 2 2 2 2 2 2 2 2 2 2 2 2 2 2
left_child=1 2 3 -1 14 6 7 9 -5 10 11 -2 -7 -12 16 40 18 22 19 -3 -20 -19 -18 37 -8 -17 27 28 30 -30 -4 32 -29 -10 -28 36 -25 -9 -39 -35 -16 -42 -11 -44
right_child=5 4 26 8 -6 12 24 23 33 42 13 -13 -14 -15 15 25 17 21 20 -21 -22 -23 -24 35 -26 -27 34 31 29 -31 -32 -33 -34 39 -36 -37 -38 38 -40 -41 41 -43 43 -45
leaf_value=-0.077303890192179661 0.020862444880648878 -0.0042214847138322947 -0.063402354039830286 0.10678290817599501 0.060833586199469637 0.022920367571507446 -0.13045644682244445 -0.0033288482160191844 -0.049865109748576913 0.026950457608711457 -0.019729472857245006 -0.0035531176250950549 0.073433241416428499 -0.082618133943413316 0.010009534180030881 -0.011892622792107248 -0.0091487063335208823 0.046840013612307246 -0.073390960953450921 0.083804035374812416 -0.0055509259036083192 -0.00084972900300648636 0.013340392565814882 -0.16678370710508872 0.036813138300114109 0.071052942204424083 0.08918603823175765 -0.034862921109815384 0.016550906976568702 -0.029668364872610799 -0.012828663424070602 -0.013145144464540221 0.016269365670572321 0.047361746072006501 -0.0011272193165983684 0.0032518787063329163 -0.0082011493291398504 -0.10691118945790182 -0.003743651713067678 -0.020355864728297791 0.05517133217008903 -0.085466322812822584 0.024400462241019241 -0.035437729647105981
leaf_weight=199.984299974225 545.34290092892479 989.17680200980976 107.18221778451698 6.2674324481049544 66.063738575787283 87.246773272170685 2.7621247379574916 14.898151184781453 63.844319547759369 317.33959795627743 120.56655895418953 787.89315212005749 68.326532931183465 24.847890971926972 9.9891344266943616 130.026058441028 735.76641790568829 303.27216173661873 122.09718106104992 108.56294184038416 255.12283461447805 191.73780405870639 222.71927665988915 6.200988890486772 189.15780581277795 11.977873231982811 7.6317775985226026 28.537959508597851 103.11773833387997 107.60204539162805 46.411835055623669 407.4996656475123 208.57012991607189 16.007535519718658 1517.5952470855555 97.363720022607595 13.913049865164792 23.095994178671393 8.0671097456943226 66.843471123371273 3.2413216019049278 38.334451414644718 64.753240291378461 43.454955687047914
leaf_count=340835 19623 11650 75153 245 24936 2713 51 274 11262 13644 3821 18618 27833 257 130 1976 6176 9458 1377 4736 5709 15828 3026 222 14400 1685 278 229 11340 5320 9711 4974 1505 1241 29419 3079 376 226 62 1506 67 433 2201 1175
internal_value=-0.000389808 -0.00432709 -0.0108903 -0.0526323 0.0016165 0.00951388 0.00706348 0.00452567 -0.0203766 0.00668975 0.00280398 0.00643375 0.0451052 -0.0304757 0.000363431 -0.0190773 0.00164845 0.00707412 -0.00369826 0.00448396 -0.0275091 0.0283678 -0.00392301 -0.0206723 0.0344058 -0.00489626 -0.00507664 -0.0117303 -0.0243655 -0.00705052 -0.0481204 -0.00458923 0.0101152 -0.0258094 -0.000675319 -0.00707974 -0.0570908 -0.0553397 -0.0802045 -0.00727223 -0.0581304 -0.074502 0.0201916 0.000370249
internal_weight=8490.41 6075.18 2887.1 352.947 3188.09 2415.23 2259.66 2067.74 152.963 1904.2 1478.65 1333.24 155.573 145.414 3122.02 193.569 2928.46 1453.5 1474.96 1097.74 377.22 495.01 958.486 163.539 191.92 142.004 2534.15 1008.92 364.314 210.72 153.594 644.608 237.108 146.695 1525.23 117.478 20.114 46.0613 31.1631 82.851 51.5649 41.5758 425.548 108.208
internal_count=688780 580205 493018 355089 87187 108575 78029 63578 14254 59339 42319 38241 30546 4078 62251 4291 57960 34488 23472 16386 7086 25286 9202 4239 14451 3661 137929 108232 101524 16660 84864 6708 1734 14009 29697 3677 598 562 288 2747 630 500 17020 3376
is_linear=0
shrinkage=0.08


Tree=79
num_leaves=45
num_cat=0
split_feature=12 8 10 8 4 1 10 4 11 6 6 11 4 2 10 1 6 1 4 6 6 0 2 1 4 1 2 6 2 2 11 6 0 8 11 1 2 6 2 11 6 4 2 0
split_gain=44.3076 31.8368 99.6778 38.5121 33.3728 31.0808 18.7042 27.9201 17.3521 20.4112 17.3755 16.1157 16.5919 15.1575 12.5095 22.6183 14.7847 11.7979 17.1167 18.9255 14.3722 10.5074 12.6388 14.7165 10.3979 11.4342 27.5328 27.6736 17.6484 22.5787 10.2971 15.008 10.0037 9.97314 9.94789 11.2315 14.3801 15.9601 11.1387 13.4049 10.425 9.26416 9.06654 8.64274
threshold=1.0000000180025095e-35 0.62880185246467601 1.0000000180025095e-35 0.45474053919315344 0.90873014926910411 0.9529346525669099 1.0000000180025095e-35 0.080128207802772536 0.693914294242859 0.19098278135061267 0.97619047760963451 0.9797039031982423 0.10555555671453477 0.61620295047760021 0.35000000149011617 0.47673159837722784 0.38138528168201452 0.79095324873924266 0.41428571939468389 0.040408162400126464 0.040408162400126464 0.27334994077682501 0.79277813434600841 0.67028987407684337 0.76388889551162731 0.7933771312236787 0.80735492706298839 0.077677227556705489 0.90366768836975109 0.72821971774101268 0.84212991595268261 0.03637566231191159 0.78629976511001598 0.85445719957351696 0.82952332496643078 0.68108487129211437 0.84028983116149913 0.45049019157886511 0.71209660172462474 0.52377319335937511 0.43613053858280187 0.73030304908752453 0.80217391252517711 0.27334994077682501
decision_type=2 2 2 2 2 2 2 2 2 2 2 2 2 2 2 2 2 2 2 2 2 2 2 2 2 2 2 2 2 2 2 2 2 2 2 2 2 2 2 2 2 2 2 2
left_child=1 2 3 43 24 6 7 -2 10 13 14 12 -11 -10 15 -8 -16 20 -19 -20 -9 -5 -23 -24 25 28 -27 -28 29 -3 -7 -32 -15 -33 35 36 37 -4 39 -37 -40 -13 -22 -1
right_child=5 4 34 21 -6 30 8 17 9 11 -12 41 -14 32 16 -17 -18 18 19 -21 42 22 23 -25 -26 26 27 -29 -30 -31 31 33 -34 -35 -36 38 -38 -39 40 -41 -42 -43 -44 -45
leaf_value=0.11663671946967423 0.083804577637826047 0.0015568711178199442 -0.028237115615598211 0.12063961069818556 0.059478841297310028 0.023336676340575516 0.092313621685195205 0.036155376965302535 0.072740231370430106 0.08373037848545406 0.029620057789434488 0.075468864131791782 -0.0053533662078379587 -0.0084902939767033253 -0.023986720054101102 0.0059032970170982734 0.0038278508130241617 0.061818119958670863 -0.044803982658205892 0.0047414725621331109 -0.022906845986205453 -0.046867687411443121 0.38055844761928542 -0.0036483667668165817 -0.017663463835811674 0.038431740640986506 -0.01953640582843787 0.013608615741216287 0.090286437810769157 -0.020625452275153135 0.076016539838549127 -0.076149254257052865 0.032652274795474216 0.086292800282488674 -0.036149260542223415 0.05840787697083747 0.13360317836694996 -0.0050652650249883822 -0.00081935792386321179 0.0034827688383038558 -0.067914186594548079 0.0036867224739208426 -0.084921307945846181 -0.077339359443050801
leaf_weight=1.4820302641019214 21.911428023944609 1654.8026556731202 257.80783121933928 3.2652827790006986 62.31770820566453 94.275191674125381 21.396240788744763 25.423326895921491 53.917413423070684 14.069436013698576 136.6098228963092 30.72964057396166 273.3490609168075 44.13826354383491 221.63544213026762 206.44431940442882 272.9021868724376 27.508771716034971 59.524693171377294 288.44420786597766 221.74616752576549 77.246309083304368 0.64384884212631632 70.81393306463724 192.3664963755291 166.56827170774341 244.35578335891478 473.8323483793065 13.240116195287554 357.03587678563781 69.704219374805689 7.5498052579350752 264.35346897377167 3.5592214369680732 62.735635987250134 44.920533243566751 4.4126334309112272 725.81459672888741 1339.4944442319684 77.503976888780016 14.9868539267336 18.394696848466992 16.189718144247308 181.99756029929267
leaf_count=54 1285 22106 73681 73 24936 2944 517 651 1472 1077 4081 7101 11360 1720 3616 4210 3724 472 777 3831 6962 24749 71 3921 4291 3390 8271 16695 467 7031 28651 585 21158 525 1351 1035 48 30921 24075 6598 220 1611 245 326221
internal_value=-0.00035907 -0.0040159 -0.0101283 -0.0511031 0.00151438 0.00884899 0.0062882 -0.00499077 0.0110718 0.0204315 0.0034559 0.00624482 -0.000992624 0.0336056 -0.00149203 0.014018 -0.00863772 -0.00803635 0.00106863 -0.00373393 -0.0210176 -0.0213185 -0.0244357 -0.000186587 0.00034998 0.00154083 0.0091278 0.00233138 -0.00177391 -0.00237977 0.0412989 0.0622534 0.0267657 -0.0241044 -0.00469055 -0.00388989 -0.0104922 -0.0111386 0.000526977 0.0236361 -0.00156174 0.0485899 -0.0271265 -0.0757725
internal_weight=8421.42 6027.64 2863.13 335.449 3164.52 2393.78 2218.69 660.748 1557.94 698.952 858.988 336.543 287.418 362.409 722.378 227.841 494.538 638.837 375.478 347.969 263.359 151.969 148.704 71.4578 3102.2 2909.84 884.756 718.188 2025.08 2011.84 175.088 80.8132 308.492 11.109 2527.68 2464.94 988.035 983.622 1476.91 122.425 1354.48 49.1243 237.936 183.48
internal_count=688780 580205 493018 355089 87187 108575 75870 14223 61647 45499 16148 21149 12437 24350 12067 4727 7340 12938 5080 4608 7858 28814 28741 3992 62251 57960 28356 24966 29604 29137 32705 29761 22878 1110 137929 136578 104650 104602 31928 7633 24295 8712 7207 326275
is_linear=0
shrinkage=0.08


Tree=80
num_leaves=45
num_cat=0
split_feature=1 10 7 8 2 12 0 2 0 3 1 1 2 11 5 10 10 1 6 2 6 2 3 0 2 3 2 3 2 0 3 3 2 2 1 7 7 8 8 12 3 1 3 0
split_gain=38.2599 71.4329 50.7365 99.876 33.3623 26.7656 26.0113 21.4402 111.207 49.5978 20.8332 20.4376 19.7275 16.6838 16.5108 97.3335 94.8133 88.158 75.9991 40.1491 22.6259 15.7307 31.4125 27.8367 15.3361 21.65 48.4345 79.2924 24.6422 24.2703 19.4225 15.655 14.5018 23.3912 15.2516 13.3573 12.5278 11.6585 10.9952 26.8726 10.7661 9.9934 9.77632 9.0897
threshold=0.79784947633743297 0.75000000000000011 0.54416766762733471 0.24037037044763568 0.90366768836975109 1.0000000180025095e-35 0.81530213356018078 0.7897985875606538 0.78086888790130626 0.82952776551246654 0.628892481327057 0.98529094457626354 0.18677325546741488 0.35913865268230444 1.0000000180025095e-35 0.75000000000000011 0.75000000000000011 0.53410854935646068 0.38138528168201452 0.60640108585357677 0.069366481155157103 0.74210175871849071 0.80810147523880016 0.84273937344551098 0.80735492706298839 0.98571136593818676 0.93957647681236278 0.92637759447097789 0.9797959327697755 0.93957647681236278 0.74133810400962841 0.67068272829055797 0.79277813434600841 0.90501254796981823 0.63211598992347728 0.97735819220542919 0.28136573731899267 0.38605175912380224 0.35731539130210882 1.0000000180025095e-35 0.97467949986457836 0.78611555695533764 0.80229884386062633 0.97801932692527782
decision_type=2 2 2 2 2 2 2 2 2 2 2 2 2 2 2 2 2 2 2 2 2 2 2 2 2 2 2 2 2 2 2 2 2 2 2 2 2 2 2 2 2 2 2 2
left_child=2 6 3 32 7 12 -2 14 -9 41 -11 21 13 37 15 17 20 -4 -17 -18 -16 -3 23 -23 30 26 27 -26 -28 -27 31 -8 36 34 -34 -31 -1 -5 39 -24 -40 -10 -25 -32
right_child=1 11 4 5 -6 -7 24 8 9 10 -12 -13 -14 -15 16 18 19 -19 -20 -21 -22 22 38 42 25 29 28 -29 -30 35 43 -33 33 -35 -36 -37 -38 -39 40 -41 -42 -43 -44 -45
leaf_value=0.00052037098512441198 0.057374143025987097 0.056978764356937162 0.089365497076897962 0.12460065896274042 0.08809870602871088 -0.017476382672518574 0.038479246303160755 0.072956476784565363 -0.19311738899843076 0.096722030504503356 -0.052527470947710944 0.064191787693321165 -0.077267154991237832 0.74555304957233115 0.022938450474250444 -0.031831135553262162 0.074326630497517615 -0.0041088331672895244 -7.6557399011027655e-06 0.021372352021578431 -0.017634657073438566 0.040699735715662086 0.63058221277115556 -0.073912438816368151 0.0014809079029277003 0.083448303714259389 0.034059589163442178 -0.049815974477406155 -0.076345730501640272 0.00090618044857944922 0.042130084939576366 -0.054784819163329529 0.098249161291240436 0.097695786953488017 -0.074117133574835237 0.055759116043345623 0.21762476690899429 -0.031614477352645332 0.012640047776349379 0.076099521302759932 0.03695161860902655 -0.074949573147840579 -0.26085923431609259 0.010974858770629004
leaf_weight=563.83225170971127 50.145307212835178 79.061111608054489 130.27864847029559 3.808901382959454 26.791347597725689 80.873724658042192 16.500151685526362 49.352754022344016 20.353286691475663 6.3960248837247482 93.284853046527132 91.795913727371953 224.84012722357875 0.193605643697082 103.8422568544629 658.28474309225567 123.7004331862554 128.03640171914594 1776.1170614865841 353.48022415465675 575.31186660996173 17.27862515731249 0.61019236501306195 30.980203807470389 446.1155769325851 23.886306808068184 165.062790806056 339.71026794941281 14.038766367244532 1312.8504187512444 117.34400252113119 38.15350293222582 3.5465864659636273 6.7400959465303449 44.615377718640957 29.040386758977547 1.706200890650506 15.50077394582331 260.53615965577774 6.7186240598093718 210.98018987337127 5.9103846751386291 1.9000739257317025 122.49974093871424
leaf_count=20097 3460 3212 5288 1311 1022 9892 1274 3401 274 148 1564 41139 374754 21 1561 16407 3515 3306 26866 12396 9217 414 103 643 18943 430 4326 11425 531 42680 4928 2270 36 45 417 3214 90 5319 21900 341 25238 87 38 5237
internal_value=-0.000328693 0.00625156 -0.00477349 -0.0214585 -0.000878708 -0.0573686 0.00029899 -0.00147106 -0.0288329 -0.0687202 -0.0429509 0.0290064 -0.0705723 0.00660843 -0.000224918 -0.00365847 0.00777067 0.043034 -0.00861302 0.0350998 -0.0114311 0.0236946 0.0187202 -0.0415128 -0.000791232 -0.00296475 -0.0121379 -0.0206946 0.0254055 0.00351611 0.0164104 -0.026628 -0.00263542 -0.0418898 -0.0614243 0.00209327 0.00117536 -0.000800492 0.0250296 0.122265 0.0235183 -0.166525 -0.0847157 0.0262176
internal_weight=8372.01 3375.21 4996.8 945.658 4051.14 325.217 2675.35 4024.35 175.297 125.945 99.6809 699.861 244.343 19.5033 3849.05 2692.72 1156.33 258.315 2434.4 477.181 679.154 608.065 529.004 50.1589 2625.2 2330.7 964.927 785.826 179.102 1365.78 294.497 54.6537 620.441 54.9021 48.162 1341.89 565.538 19.3097 478.845 7.32882 471.516 26.2637 32.8803 239.844
internal_count=688780 191746 497034 411982 85052 391297 98718 84030 5474 2073 1712 93028 381405 6651 78556 51867 26689 8594 43273 15911 10778 51889 48677 1095 95258 81549 35225 30368 4857 46324 13709 3544 20685 498 453 45894 20187 6630 47582 444 47138 361 681 10165
is_linear=0
shrinkage=0.08


Tree=81
num_leaves=45
num_cat=0
split_feature=1 2 4 3 4 6 1 2 6 4 3 6 0 4 11 2 5 6 12 3 3 2 2 2 3 2 3 5 11 11 6 5 0 5 2 11 2 8 1 6 3 11 2 3
split_gain=36.5254 38.4104 38.1249 192.03 171.916 87.5754 54.1593 43.2665 59.5285 56.8902 55.1366 58.6269 40.3336 35.0526 29.7133 28.5986 23.3273 20.3932 18.8348 18.8297 18.5057 16.9867 15.0814 13.4642 13.2059 15.7636 26.7749 21.9993 23.225 25.3552 21.0842 23.606 17.5037 12.7368 17.4268 12.657 11.2028 10.6024 10.5482 16.1784 10.5166 16.4951 9.96662 9.96394
threshold=0.87206766009330761 0.94312667846679699 1.0000000180025095e-35 0.61435899138450634 0.19090909510850909 0.38138528168201452 0.51316702365875255 0.59491634368896495 0.2522727251052857 0.47727273404598242 0.98484501242637645 0.22335600852966311 0.9529346525669099 0.58571431040763866 0.97228500247001659 0.27518594264984136 1.0000000180025095e-35 0.037749288603663451 1.0000000180025095e-35 0.97100839018821727 0.97894504666328441 0.33508773148059851 0.74210175871849071 0.8216732144355775 0.97332859039306652 0.92031747102737438 0.89512962102890026 1.0000000180025095e-35 0.96058869361877453 0.9652337133884431 0.13100686669349673 1.0000000180025095e-35 0.96922349929809581 1.0000000180025095e-35 0.77836257219314586 0.94823637604713451 0.31072796881198889 0.46920476853847509 0.96039214730262767 0.030776515603065494 0.76689496636390697 0.3712777048349381 0.47395551204681402 0.56980520486831676
decision_type=2 2 2 2 2 2 2 2 2 2 2 2 2 2 2 2 2 2 2 2 2 2 2 2 2 2 2 2 2 2 2 2 2 2 2 2 2 2 2 2 2 2 2 2
left_child=1 2 3 5 35 6 15 8 9 -6 11 -9 -12 24 18 -1 -10 -16 -15 22 36 37 -19 -20 25 26 33 28 32 -30 31 -28 -27 34 -2 40 -5 -7 39 -25 -4 -42 -8 -23
right_child=13 -3 4 20 7 21 42 10 16 -11 12 -13 -14 14 17 -17 -18 19 23 -21 -22 43 -24 38 -26 27 30 -29 29 -31 -32 -33 -34 -35 -36 -37 -38 -39 -40 -41 41 -43 -44 -45
leaf_value=-0.0095750714270036365 0.066423362263001745 0.097554542693680163 -0.089124749833393024 -0.021230796259729911 0.0054332387204938997 -0.0069302708953914204 0.17365731099647772 -0.007389612181329816 -0.043722656925158525 0.079090697298637005 0.089032225990448147 -0.03762248731859457 0.0035879887814344743 -0.004173527814090275 0.076809385838539426 -0.057619179958515433 0.0071895152831819922 0.062178367366365332 0.062507278220884907 0.031981828964707762 -0.42250509538860781 -0.042244471756767481 -0.074826008088030346 -0.048332045553658227 -0.045765754050425496 0.016886226359577011 0.048999552100841379 0.078863067677981097 -1.3200565846711354 -0.20707556878545125 0.061229427424288253 -0.053866645783135415 -0.39019860565913606 0.081993844838824353 -0.069426741577537601 -1.2379786361860521 0.080688230662704377 0.0097182301271566095 0.031548038173393113 0.010090001693870688 0.67190954047567408 -0.036342966617514752 0.050586991916141834 0.029062021064172182
leaf_weight=113.61172480630921 15.293433869432194 24.233875089208595 167.25600136208232 7.136879190511535 131.12007258681115 297.37905860386672 7.1676956709416144 1493.6666683565709 89.884539179591229 137.46777394789387 36.556464951601811 566.08028701864532 1078.0027283118689 1117.1491205230996 52.208293902687728 262.51633758645039 160.34434279467678 6.8344453353201997 35.790228875586763 127.33055929059628 0.4750803979113688 70.949283480964368 20.768299285438843 34.642012604163028 12.309807260171509 12.554159490042361 19.663309303286951 87.466044211701956 0.1713806439656772 0.55598274944350123 23.774448356241919 52.12835976947099 0.71446167980320829 51.85073257231852 9.9916259663004876 0.060681856935842826 210.00353097950574 1384.9256614609039 115.87501823715866 244.06937869673129 0.21259424352320166 20.906866994249867 10.210452779690966 15.234595477115361
leaf_count=2898 1005 938 141042 305 43807 11862 230 101475 38315 4947 1494 55446 43869 46861 29719 20839 26327 232 3659 10697 23 4198 716 1565 714 833 1087 4822 44 113 1124 1941 45 2110 727 21 18311 22270 17764 11114 75 10490 1817 953
internal_value=5.13223e-05 -0.00296811 -0.00335718 0.00461573 -0.00824501 -0.00259433 -0.0367277 -0.00444198 0.0169764 0.0431324 -0.00794265 -0.0156985 0.00639048 0.00934923 0.0051132 -0.0431072 -0.0110986 0.0335678 0.00130445 0.0189966 0.0762472 0.00500068 -0.0409037 0.0155239 0.0352951 0.0389347 0.0242314 0.0639617 -0.0291621 -0.469315 -0.00406829 -0.0256922 -0.00503365 0.0592928 0.0127409 -0.08278 0.0773384 0.00677529 0.0112624 0.00282852 -0.0824079 -0.0292135 0.101348 -0.0296397
internal_weight=8326.54 6285.4 6261.17 2379.61 3881.56 2161.99 393.506 3693.12 518.817 268.588 3174.31 2059.75 1114.56 2041.14 1754.67 376.128 250.229 207.142 1547.53 154.933 217.615 1768.49 27.6027 430.377 286.474 274.164 172.702 101.462 13.996 0.727363 95.5661 71.7917 13.2686 77.1358 25.2851 188.436 217.14 1682.3 394.586 278.711 188.375 21.1195 17.3781 86.1839
internal_count=688844 551952 551014 83706 467308 65067 25784 315680 113396 48754 202284 156921 45363 136892 122327 23737 64642 41364 80963 11645 18639 39283 948 34102 14565 13851 7994 5857 1035 157 4152 3028 878 3842 1732 151628 18616 34132 30443 12679 151607 10565 2047 5151
is_linear=0
shrinkage=0.08


Tree=82
num_leaves=45
num_cat=0
split_feature=10 7 4 11 1 4 4 6 3 3 2 4 4 3 10 3 4 2 5 4 6 4 6 4 3 2 8 7 1 12 8 8 3 6 7 2 4 3 4 6 1 12 7 6
split_gain=38.954 107.409 51.5538 35.3459 46.0768 37.167 19.7602 17.7286 49.551 37.6173 67.2806 34.4981 20.1038 19.9928 43.4417 39.3277 29.1981 21.1646 80.299 70.9579 17.952 20.1321 15.4321 14.7328 11.6021 21.4792 11.4177 15.0589 11.3968 11.2135 18.1922 11.1301 9.88646 9.87622 9.26595 8.60506 35.8524 30.6562 21.3293 18.6687 15.9799 8.72641 8.55192 8.21171
threshold=1.0000000180025095e-35 0.45341086387634283 0.064583335071802153 0.92749181389808666 0.91545844078063976 0.70714285969734203 0.21111111342906955 0.09175084158778192 0.47856706380844122 0.92637759447097789 0.93957647681236278 0.58571431040763866 0.58571431040763866 0.28869047760963445 0.75000000000000011 0.88047617673873912 0.30384616553783422 0.6900656819343568 1.0000000180025095e-35 0.27922078967094427 0.037749288603663451 0.44949495792388922 0.38935969769954687 0.064583335071802153 0.9759001135826112 0.79277813434600841 0.4719799011945725 0.39192584156990057 0.72046512365341198 1.0000000180025095e-35 0.50108224153518688 0.82385262846946727 0.97100839018821727 1.0000000180025095e-35 0.90152388811111461 0.72821971774101268 0.43650794029235845 0.7243877947330476 0.52272728085517894 0.26726190745830541 0.45199692249298101 1.0000000180025095e-35 0.95393458008766185 0.30839161574840551
decision_type=2 2 2 2 2 2 2 2 2 2 2 2 2 2 2 2 2 2 2 2 2 2 2 2 2 2 2 2 2 2 2 2 2 2 2 2 2 2 2 2 2 2 2 2
left_child=1 -1 -3 7 5 29 -4 8 33 20 11 -11 -12 14 -9 17 32 18 -15 -19 21 -10 24 -22 25 -7 27 -16 -18 30 -5 34 -17 -2 -24 36 40 41 -39 -38 -8 -37 -32 -26
right_child=3 2 6 4 -6 22 35 13 9 10 12 -13 -14 15 26 16 28 19 -20 -21 23 -23 31 -25 43 -27 -28 -29 -30 -31 42 -33 -34 -35 -36 37 39 38 -40 -41 -42 -43 -44 -45
leaf_value=-0.072692752030682511 -0.006463796694861048 0.071710169939964666 -0.059123559099355294 -0.22487203146257198 0.0592584489593658 0.015380598837373876 0.066395836959993945 0.087942027869243211 -0.01888257868398522 -0.016374132203000467 0.067245396687179854 -0.12133336727707965 0.0031626468014923914 -0.018022989774847748 0.25681954386226463 0.064032734935844757 -0.013683722606196033 0.066805111546228868 0.030120532859524908 -0.045105955772943934 0.083912800464478354 0.022122818024497094 -0.35035243632210278 0.030158367803486397 0.019401996346173775 -0.062849579395060501 0.0084582838197308028 -0.011446270574238313 0.0070847340428067699 0.04924984802486454 0.038601261011146401 -0.056324696253585368 -0.026555294974625332 -0.072345764013145408 -0.090301593301041483 -0.092852409016755524 0.038926101139794972 0.01079564020995832 -0.012529080706012581 -0.0011566138963668184 -0.039005269277226667 -0.24450969355764504 0.0030315585970133708 -0.036170868808819791
leaf_weight=158.48525030043675 19.878401230962481 55.629114890150959 44.478018603433156 1.9844119288027275 153.3947239666013 37.902380840154365 9.9897550255409424 41.019962436053902 105.93447125866078 38.192630421486683 33.779576654429547 42.171091015567072 432.25757769064512 1117.6725212737219 1.3458060464472499 68.636490278295241 211.40745909535326 41.483280012791511 276.59648046258371 288.01286671450362 35.625244897964876 276.98836697044317 1.7530087977647775 388.31494871410541 82.36622214410454 55.139157114783302 927.86394341697451 272.62856716761598 845.08201768476283 102.29157442878932 77.385701472871006 10.843161864671854 8.6862316484330204 54.456032997870352 1.7546179632190613 9.4113301043398661 157.29551972236368 328.02904573010164 1067.3208939372562 141.0563322106027 117.3145863552636 3.2725913804024449 98.09746927767992 21.448539149365388
leaf_count=323514 894 3195 18786 32 58160 546 1086 2137 7876 1393 1175 949 11419 71057 290 4864 4772 3701 19347 10736 2494 8298 37 17125 8866 924 13751 7462 17001 13342 3155 398 462 3299 46 483 2351 5886 15636 1867 10028 28 8718 1258
internal_value=5.63916e-05 -0.00937704 -0.00418797 0.00325408 0.0209859 0.00902826 -0.00643599 0.00118722 0.00886532 0.0123585 -0.0038498 -0.0714518 0.00780753 -0.00148598 0.00698436 -0.00517001 0.00640199 -0.0127815 -0.00847223 -0.0310164 0.0233346 0.0107788 -0.0163044 0.0346755 -0.0104658 -0.0309809 0.00422119 -0.0101285 0.00292889 0.0281534 0.0159935 -0.0963956 0.0538563 -0.0547277 -0.220267 -0.005158 0.00480939 -0.00817119 -0.00704574 0.0199756 -0.0307343 -0.131982 0.0187173 0.00792042
internal_weight=8264.68 2092.28 1933.8 6172.39 644.361 490.966 1878.17 5528.03 1427.6 1353.26 546.401 80.3637 466.037 4100.44 1242.86 2857.58 1133.81 1723.77 1394.27 329.496 806.863 382.923 211.207 423.94 196.856 93.0415 1201.84 273.974 1056.49 279.759 177.468 14.3508 77.3227 74.3344 3.50763 1833.69 425.656 1408.03 1395.35 298.352 127.304 12.6839 175.483 103.815
internal_count=688844 382860 59346 305984 95482 37322 56151 210502 54922 50729 14936 2342 12594 155580 23640 131940 27099 104841 90404 14437 35793 16174 12075 19619 11594 1470 21503 7752 21773 25247 11905 481 5326 4193 83 37365 15332 22033 21522 4218 11114 511 11873 10124
is_linear=0
shrinkage=0.08


Tree=83
num_leaves=45
num_cat=0
split_feature=10 7 1 11 1 8 3 2 6 5 2 10 6 10 2 1 7 6 1 7 3 8 6 10 3 1 1 2 6 7 6 7 2 3 7 11 6 6 11 7 11 3 6 1
split_gain=33.3305 99.7231 34.0956 31.0607 46.323 20.9705 17.7687 17.3223 26.8503 15.5195 49.9829 49.7912 38.0866 59.4475 53.9473 51.5357 36.5814 50.1923 28.0525 24.3847 22.0494 22.024 18.6731 17.9838 16.7702 15.5224 21.3995 16.5056 15.5164 14.7632 14.6672 12.881 12.5199 15.5119 12.2605 12.0655 11.1064 14.0621 10.1302 9.54731 7.77683 8.21801 7.61151 7.60163
threshold=1.0000000180025095e-35 0.45341086387634283 0.32305502891540533 0.91515818238258373 0.90815371274948131 0.99829351902008068 0.9740215837955476 0.80735492706298839 0.25760369002819067 1.0000000180025095e-35 0.65142410993576061 0.75000000000000011 0.38138528168201452 0.75000000000000011 0.71834936738014232 0.66323024034500133 0.94925981760025036 0.2149859964847565 0.60107529163360607 0.56268712878227245 0.94185259938240062 0.94056731462478649 0.39504285156726843 0.75000000000000011 0.69282051920890819 0.65240275859832775 0.48528139293193823 0.77581480145454418 0.21103239059448245 1.0000000180025095e-35 0.027402402833104137 0.97311750054359447 0.59317129850387584 0.37617924809455877 0.75083893537521373 0.69050872325897228 0.30839161574840551 0.31072796881198889 0.45513573288917547 0.97035562992095958 0.34111164510250097 0.73942822217941295 0.82891985774040233 0.99504950642585765
decision_type=2 2 2 2 2 2 2 2 2 2 2 2 2 2 2 2 2 2 2 2 2 2 2 2 2 2 2 2 2 2 2 2 2 2 2 2 2 2 2 2 2 2 2 2
left_child=1 40 -3 9 5 6 7 8 -5 12 11 28 14 19 15 23 25 21 -16 42 -19 -18 35 -2 -17 26 -12 -27 38 -30 -9 -24 33 -15 -20 -13 -8 -38 -11 -4 41 -1 -14 -6
right_child=3 2 39 4 43 -7 36 30 -10 10 16 22 13 32 18 24 17 20 34 -21 -22 -23 31 -25 -26 27 -28 -29 29 -31 -32 -33 -34 -35 -36 -37 37 -39 -40 -41 -42 -43 -44 -45
leaf_value=0.089034243905143765 0.0061196001197778693 0.092446955485470592 -0.0066225692660583351 0.040500733988601337 0.041769944032398927 0.068570235780524347 0.033435377458956174 0.043028016491901647 -0.034213704329969452 -0.002627616300051708 0.10384975124622012 0.13194754696470695 -0.010491340905325219 0.0037561676207760264 0.07968740863133425 0.054436890307739245 -0.057106552966273184 -0.20803284787790546 -0.0094965156491653418 0.091295844815058619 0.029647320311687583 0.026160910905698595 0.020322947910521964 -0.041787721745669151 -0.0038005924502153348 0.017365528679753738 -0.044526363583860674 0.00028924665192724792 0.0054870386602662528 -0.055819223036734547 -0.05103317634714763 -0.15942414581280731 0.055082904110085769 -0.014053357096316195 0.027275158244063947 0.066118978405222767 -0.28624743675457537 0.0035247088528868454 0.054676222316119939 0.015045506394351623 -0.073540589184755117 0.95238482318712214 0.1855922815122058 0.076251315862779445
leaf_weight=0.80415763601194967 55.318515200226102 23.246429815451847 1767.8000883547647 66.063217346323654 120.29943318956066 33.001254829461686 128.4211087890435 12.110619917279108 57.6442865524441 30.835507236653939 6.8084000856033517 20.851344654860441 24.359807186760012 1348.3368094344041 36.366606324038003 49.243196502909996 45.718250944279134 14.849645479116591 153.29639026656514 67.408617753186263 3.0031825485639265 36.607644757255912 17.86395406443626 536.57782890560338 88.553885922476184 479.55880162428366 72.096890495333355 1481.1028122492135 104.09479497699067 33.143442880362272 85.613589356420562 2.9767272518947712 26.442099752777722 407.62168889847817 93.380664058378898 122.55274827242829 1.0794945349916805 150.53645316092297 54.888627372391056 140.48523305123672 146.54331995404209 0.077349381463136524 1.3364867493510235 62.010362542932853
leaf_count=338 21908 1204 56270 2194 21911 8934 13404 942 730 2842 222 812 9646 24743 2891 3334 1593 298 7778 2827 215 1301 669 31681 5576 11660 3099 31290 3039 9190 3115 54 1526 13440 4959 2690 50 8840 3941 1872 323163 13 7 42633
internal_value=5.88333e-05 -0.00869487 -0.00385427 0.00302665 0.0186765 0.00679861 0.00273347 -0.0142015 0.00568587 0.000955167 0.00553385 0.031983 -0.00305077 0.00369993 -0.0155525 -0.0270521 0.000747628 -0.04645 0.0140938 0.066018 -0.168051 -0.0200802 0.0654075 -0.0373103 0.0170112 0.00306586 -0.0317236 0.00446594 0.00736093 -0.00931861 -0.0393765 -0.00535078 0.0004447 -0.000378069 0.00442356 0.0756906 0.0161243 0.00146155 0.0340637 -0.0050274 -0.0721155 0.16479 -0.00029286 0.0534983
internal_weight=8210.93 2078.96 1931.53 6131.98 716.78 534.47 501.469 221.432 123.708 5415.2 2526.95 387.207 2888.24 1875.51 1012.74 729.693 2139.75 100.179 283.044 93.1049 17.8528 82.3259 164.245 591.896 137.797 2039.57 78.9053 1960.66 222.962 137.238 97.7242 20.8407 1782.4 1755.96 246.677 143.404 280.037 151.616 85.7241 1908.29 147.425 0.881507 25.6963 182.31
internal_count=688844 382860 59346 305984 102753 38209 29275 6981 2924 203231 72915 23237 130316 52189 78127 62499 49678 3407 15628 12480 513 2894 4225 53589 8910 46271 3321 42950 19012 12229 4057 723 39709 38183 12737 3502 22294 8890 6783 58142 323514 351 9653 64544
is_linear=0
shrinkage=0.08


Tree=84
num_leaves=45
num_cat=0
split_feature=7 1 4 2 2 4 4 4 10 6 2 4 1 2 5 10 4 10 0 5 2 0 0 8 0 2 1 0 11 2 4 4 10 0 5 6 4 10 7 0 4 1 4 4
split_gain=24.7386 27.4498 52.9993 39.7472 35.1951 108.291 50.4601 101.877 87.2057 82.9669 66.8257 63.5601 31.1962 28.2272 26.7657 26.0982 29.9464 25.1093 22.2319 21.8246 20.3785 19.5233 24.9871 16.7412 15.0578 50.2607 23.141 21.6316 19.1781 17.029 14.6729 22.3471 13.6979 13.8741 12.3886 12.4884 14.7035 12.2636 11.3847 10.9616 14.9835 21.2165 20.0752 27.1149
threshold=0.98974332213401806 0.79784947633743297 0.52272728085517894 0.90366768836975109 0.7897985875606538 0.30384616553783422 0.43650794029235845 1.0000000180025095e-35 0.75000000000000011 0.19292803853750232 0.68703359365463268 0.19090909510850909 0.67028987407684337 0.80217391252517711 1.0000000180025095e-35 0.75000000000000011 0.58571431040763866 0.35000000149011617 0.908033847808838 1.0000000180025095e-35 0.92031747102737438 0.91945946216583263 0.92907443642616283 0.87531095743179332 0.9569842815399171 0.80735492706298839 0.90054944157600414 0.97801932692527782 0.59213069081306469 0.66323024034500133 0.88194444775581371 0.73030304908752453 0.75000000000000011 0.7897985875606538 1.0000000180025095e-35 1.0000000180025095e-35 0.30384616553783422 0.35000000149011617 0.99814125895500194 0.96808147430419933 0.095454547554254546 0.50862327218055736 0.36931818723678594 0.27922078967094427
decision_type=2 2 2 2 2 2 2 2 2 2 2 2 2 2 2 2 2 2 2 2 2 2 2 2 2 2 2 2 2 2 2 2 2 2 2 2 2 2 2 2 2 2 2 2
left_child=1 3 20 4 6 -6 7 8 -1 10 -8 -9 -7 -14 32 24 18 -16 23 -11 21 -3 -23 -17 25 29 -27 -26 -29 -4 31 -18 33 -2 35 -22 -37 -35 -19 40 41 -34 43 -42
right_child=14 2 15 -5 5 12 9 11 -10 19 -12 -13 13 -15 17 16 30 38 -20 -21 34 22 -24 -25 27 26 -28 28 -30 -31 -32 -33 39 37 -36 36 -38 -39 -40 -41 42 -43 -44 -45
leaf_value=0.069566675648585291 0.085229083800598571 0.024499021919856121 -0.044100200733499406 0.085087485676107771 0.085684432914260839 0.020782979938906068 0.068152139952676952 -0.081840637253368168 -0.0041603480330648134 -0.053474232063387535 0.0077458840827142788 -0.023494132894748977 -0.033763861644644878 -0.10356893735182532 -0.018640358969086456 -0.11348917490444958 0.032931004090959545 -0.13970950276583119 0.019229316222667537 -0.0033754194112689119 0.068185079855935901 -0.10802819848840603 0.0066591586579295434 -0.47453485099930176 0.052388469574876771 -0.046005677871604242 -0.0093941611509335884 -0.097490672237023582 -0.0012948626595014742 0.04939893319983292 0.05436074911922651 -0.0079546992929539796 0.0037685864769720955 -0.086524459994763062 0.070092811534670299 0.17827353368054355 -0.14532333656695626 0.069120176549899853 0.063138369135104275 0.066786466152017915 -0.024307556827522007 0.090719733568947497 0.022193070631784686 -0.15780266197467327
leaf_weight=109.86187036830233 26.691203848225996 477.73036167988903 14.627430761553113 30.716881026106421 37.76333241557586 24.424835647892905 214.17883227593848 142.12780656985706 1569.9043993849191 60.14290488048573 258.87957050840487 750.23785872731241 60.632193133031251 95.420781455846736 32.951527712284587 1.5932208448648446 178.89657996420283 1.7974584697512899 2.4315038225613534 745.08911853044992 5.979147518402895 16.307832527643768 47.779155851487303 1.6978915915824471 48.029845586279407 218.20973348378902 223.82476375825354 13.379393793642519 1537.7971636125585 84.399709727877053 66.801531286211684 163.98187248618342 568.29915983439423 7.0905971621396002 83.348128618643386 1.0763524179928934 5.4431831872498151 5.9657978435279801 119.26629812526517 17.262993295909837 33.28164318529889 18.545961986994371 27.994644216494635 13.765225330600513
leaf_count=18787 1678 24639 1031 985 3471 1305 7031 150108 50379 5454 9135 195344 2821 4805 1772 48 15310 345 202 25504 468 651 2456 39 1229 6586 6608 75 53192 2212 31170 11104 8025 303 4045 91 335 766 28732 6076 310 1523 2106 322
internal_value=0.000281672 -0.00124176 0.00431923 -0.00557366 -0.00625812 -0.0375111 -0.00448671 -0.0109429 0.000661626 0.00850426 0.035095 -0.032787 -0.0632886 -0.0764472 0.0130091 -0.000828866 0.0175214 0.0432745 -0.16422 -0.00711731 0.0249521 0.018937 -0.0225246 -0.299753 -0.00439045 -0.0159267 -0.0274674 -0.000487362 -0.00212458 0.0355881 0.02006 0.0133774 0.00652516 0.0521721 0.0589551 -0.0153174 -0.0918986 -0.0154065 0.0601266 0.00385365 0.00221227 0.00651649 -0.0314479 -0.0633663
internal_weight=8165.63 7292.72 3193.33 4099.38 4068.66 218.241 3850.42 2572.13 1679.77 1278.29 473.058 892.366 180.478 156.053 872.913 2555.67 415.403 154.015 5.72262 805.232 637.664 541.817 64.087 3.29111 2140.27 541.062 442.034 1599.21 1551.18 99.0271 409.68 342.878 718.897 39.7476 95.8468 12.4987 6.51954 13.0564 121.064 679.15 661.887 586.845 75.0415 47.0469
internal_count=688578 636620 161491 475129 474144 12402 461742 414618 69166 47124 16166 345452 8931 7626 51958 128806 57873 30849 289 30958 32685 27746 3107 87 70933 16437 13194 54496 53267 3243 57584 26414 21109 2747 4939 894 426 1069 29077 18362 12286 9548 2738 632
is_linear=0
shrinkage=0.08


Tree=85
num_leaves=45
num_cat=0
split_feature=12 11 8 4 10 7 0 11 6 4 7 7 5 2 5 8 5 8 2 10 10 4 6 0 7 4 4 2 10 11 8 8 2 7 2 2 2 8 8 7 6 4 2 2
split_gain=22.7046 21.3335 19.7303 14.1783 12.853 93.8858 19.1797 13.122 12.3126 15.3255 11.804 42.5985 68.2873 30.9299 23.2288 18.5694 16.7424 23.7627 19.5753 10.8449 10.8266 15.1649 10.6409 21.0271 14.3886 13.2126 39.1956 31.3778 22.5207 18.1613 10.6558 10.179 9.11544 8.41344 8.40314 8.34505 8.11811 7.92777 7.73431 7.31987 6.97938 19.5486 24.3845 6.90382
threshold=1.0000000180025095e-35 0.95295411348342907 0.93592900037765514 0.86190477013587963 1.0000000180025095e-35 0.46437034010887152 0.40238095819950109 0.75343364477157604 0.097167581319808974 0.73030304908752453 0.94349297881126415 0.99814125895500194 1.0000000180025095e-35 0.90366768836975109 1.0000000180025095e-35 0.85193490982055675 1.0000000180025095e-35 0.61577314138412487 0.26272648572921758 0.75000000000000011 1.0000000180025095e-35 0.080128207802772536 0.16823899745941165 0.45035210251808172 0.45039078593254095 0.080128207802772536 0.19090909510850909 0.43792808055877691 0.75000000000000011 0.3712777048349381 0.30389872193336492 0.6683848798274995 0.62316370010375988 0.62090381979942333 0.27518594264984136 0.24525599926710132 0.9495762586593629 0.90336728096008312 0.7099788784980775 0.88473191857337963 0.38138528168201452 0.58571431040763866 0.58102023601531994 0.57735043764114391
decision_type=2 2 2 2 2 2 2 2 2 2 2 2 2 2 2 2 2 2 2 2 2 2 2 2 2 2 2 2 2 2 2 2 2 2 2 2 2 2 2 2 2 2 2 2
left_child=2 20 4 -4 5 -1 43 31 -3 40 15 12 -12 -14 19 16 18 -18 -6 -13 21 -2 23 34 30 27 -27 28 -24 -28 -25 -8 -26 -9 35 -22 37 38 -23 -11 -10 -42 -43 -7
right_child=1 8 3 -5 10 6 7 33 9 39 11 14 13 -15 -16 -17 17 -19 -20 -21 22 36 25 24 32 26 29 -29 -30 -31 -32 -33 -34 -35 -36 -37 -38 -39 -40 -41 41 42 -44 -45
leaf_value=-0.079454337571489481 0.069601286628350384 0.077246407961102562 0.0075249299827603571 0.081342403649177233 -0.0003007525549738556 0.078878594739589594 -0.056664958786920447 0.03150177887320308 0.067394592322416833 -0.1877766654087035 -0.0070364056300018709 0.054911361143703791 -0.096679501264567841 0.05076688319728713 0.051755391143740781 0.021697749500993901 -0.00021850603228126833 0.028891499619560577 -0.021857112059423742 -0.0050963258415710443 -0.026357602435608012 0.0022242482964972134 0.093812171885325729 0.011087311725447394 0.060174752203634871 -0.11141042325780555 0.16508956398499561 0.073016134846179817 0.0012988816110078795 -0.0038760314705055879 -0.046762374497155826 0.0057752585628745049 0.025484625214508238 -0.0041557283390414755 -0.049718854926115767 0.10218832276372559 0.030185215713765211 0.029735211428755855 -0.018239443310521252 0.0038293384138355802 0.063529070095923942 -0.6259339931758664 -0.028692429692466527 0.34139716055160413
leaf_weight=117.68556909698236 17.192824027384631 30.855449034250341 811.95902971259784 17.001386311370879 635.19542749173706 12.391325194068482 52.492687142221257 44.599886202282505 48.256352173048072 1.2924046088010062 226.41253794683143 20.383789345971309 101.69008174550254 10.00067538092844 60.071185988956131 234.59880450356286 1580.4876291579567 202.45982619794086 468.44142289238516 354.29661338229198 8.4091850323602539 178.62214895017678 17.52044549328275 157.05133119155653 58.956415130873211 22.207234444911592 4.1166486144065848 47.854658856755123 433.91733841877431 369.29841100564227 23.416535579366609 24.511812490411103 272.76433206815273 839.43985763052478 39.599715379765257 5.2500787642784408 36.057084388332441 31.925258029252291 349.46604554564692 100.78974329703487 29.182950898073614 0.44945873203687625 16.464943326194771 0.67611802791361775
leaf_count=322005 1276 17448 25044 11138 16315 567 28253 3904 5342 65 2448 1165 2068 2212 10428 8274 43960 8304 81418 5187 65 9561 995 3260 1849 553 35 2791 6911 11369 761 440 28721 6545 624 49 2423 259 2630 6223 4126 37 1513 17
internal_value=0.000272055 0.00699872 -0.00238969 0.00903887 -0.00428984 -0.0119609 -0.00380676 -0.00511573 0.0302659 0.0228864 -0.00213907 -0.0109905 -0.0322883 -0.0834773 0.0055726 5.26963e-05 -0.00170644 0.00308704 -0.0094504 -0.00183172 0.00444839 -0.00447186 0.00819436 0.0167854 0.02176 0.00276617 -0.00815402 0.011419 0.00488935 -0.0020133 0.00358105 -0.0367892 0.0316501 -0.0023568 -0.0310558 0.0230503 -0.0066084 -0.00897739 -0.0113177 0.00140352 0.0461289 0.0238672 -0.0445627 0.0924615
internal_weight=8115.71 2300.92 5814.8 828.96 4985.84 1091.8 974.112 961.044 227.291 196.436 3894.04 772.855 338.103 111.691 434.752 3121.18 2886.58 1782.95 1103.64 374.68 2073.63 613.263 1460.36 565.448 512.189 894.915 395.622 499.292 451.438 373.415 180.468 77.0045 331.721 884.04 53.259 13.6593 596.071 560.013 528.088 102.082 94.3537 46.0974 16.9144 13.0674
internal_count=688578 108886 579692 36182 543510 361731 39726 39142 34754 17306 181779 23508 6728 4280 16780 158271 149997 52264 97733 6352 74132 16149 57983 35329 34591 22654 11957 10697 7906 11404 4021 28693 30570 10449 738 114 14873 12450 12191 6288 11018 5676 1550 584
is_linear=0
shrinkage=0.08


Tree=86
num_leaves=45
num_cat=0
split_feature=1 10 2 2 4 1 4 4 3 10 6 4 2 0 1 10 0 4 0 0 3 3 2 6 6 0 4 3 2 3 5 6 0 7 2 3 4 4 6 3 3 7 2 0
split_gain=19.9735 48.7305 37.5783 44.9077 97.7992 33.9648 33.6663 102.043 97.4127 110.271 76.1856 70.5841 56.2313 74.7093 42.3569 33.0261 28.2366 28.2303 22.5626 29.0893 21.9534 46.4769 41.5428 62.2763 41.2823 27.89 25.0708 21.4301 20.9441 28.5128 37.9945 34.5556 19.5891 18.0749 17.5278 28.5779 31.2226 30.9253 17.3518 17.0659 16.9103 16.0247 15.5485 15.0437
threshold=0.78319624066352855 0.75000000000000011 0.88273492455482494 0.78305691480636608 0.30384616553783422 0.67028987407684337 0.43650794029235845 1.0000000180025095e-35 0.60495716333389293 0.75000000000000011 0.19292803853750232 0.19090909510850909 0.65599384903907787 0.81892696022987377 0.48313754796981817 0.75000000000000011 0.91715687513351452 0.52272728085517894 0.74115687608718883 0.92403846979141246 0.98571136593818676 0.93201079964637767 0.95488464832305919 0.069366481155157103 0.14760348945856097 0.98076212406158458 0.88194444775581371 0.86729559302330028 0.91545844078063976 0.87585616111755382 1.0000000180025095e-35 0.13680927455425265 0.95488464832305919 0.50658008456230175 0.74210175871849071 0.87206766009330761 0.5634920895099641 0.58571431040763866 0.14415584504604342 0.85880398750305187 0.97530490159988414 0.91388580203056347 0.84028983116149913 0.90366768836975109
decision_type=2 2 2 2 2 2 2 2 2 2 2 2 2 2 2 2 2 2 2 2 2 2 2 2 2 2 2 2 2 2 2 2 2 2 2 2 2 2 2 2 2 2 2 2
left_child=2 17 3 6 -5 -6 7 8 9 -1 12 -9 -8 -14 -13 39 -17 28 -12 -20 21 24 23 -23 27 -24 -26 -19 29 38 43 -32 -22 -10 -3 36 -36 -38 42 -7 -30 -37 -2 -31
right_child=1 34 -4 4 5 15 10 11 33 -11 18 14 13 -15 -16 16 -18 20 19 -21 32 22 25 -25 26 -27 -28 -29 40 30 31 -33 -34 -35 35 41 37 -39 -40 -41 -42 -43 -44 -45
leaf_value=0.087667401823834298 0.026019256811545745 0.057747034182837498 0.073167277937840558 0.075100941888132863 0.0026788024455274783 -0.12018055037679187 0.071533349375199826 -0.080168760311431872 -0.038468440016419907 -0.0056715319603338719 0.079021349445699565 0.02278876805959142 -0.04810947105213887 0.040103570639272584 -0.027694910799230865 -0.23835720032844271 0.043225353504667594 -0.0038813721032798015 -0.040227193519197714 -0.00082375102141003678 0.097468209843072098 -0.095249822517968818 0.046368847385122994 -0.01675040960426416 -0.04565034511973752 -0.082411900495678814 0.081750545563675947 0.034843476428172586 0.058741509968476192 0.075835049395703472 -0.056644835078530846 0.0097240222795938781 0.0014213240564402388 0.072336345661421816 0.029480206641785828 0.013604311063618682 -0.29529780235014452 -0.034552760005207517 -0.0053574234012894392 -0.04582435682584108 -0.13781373154031323 0.044276347328073368 0.082459444340062193 -0.012581884548705805
leaf_weight=84.368189067696221 73.591953995404765 86.794353916135151 40.9114398357342 33.797899745055474 26.213614811189473 34.636513616103912 168.1030093964946 145.62405245631817 10.104480949725255 2032.3569838849362 19.332177992473589 126.92603793370654 88.083227203169372 203.18047162168659 656.63336160813924 15.539308566774709 2.6709476142423219 184.75641966465628 148.86899039903074 616.3376946754579 13.724372665834379 116.78574841277441 51.694759614067152 144.96850380612887 128.73379557524459 13.59288834617473 10.707860608323243 181.11444968605065 85.712412611290347 41.128259336692281 101.46170975925634 99.390189951431239 1390.8882782736036 139.47284458152717 66.935044561745599 209.80957713606767 3.0226949029602102 78.87448859133292 50.628156424005283 45.979120595671702 2.8959697861282612 226.91958160966169 54.279558983078459 17.580224889214151
leaf_count=10308 5826 6751 1979 3527 1576 2410 6013 150033 8796 54246 615 37437 4404 6170 158542 399 74 8242 7187 26461 239 3765 1355 4485 6044 470 198 5156 2549 2673 3649 4244 46541 5860 2691 26928 42 4154 6619 2968 127 54503 1599 723
internal_value=0.000258317 0.00488144 -0.00316581 -0.00384496 -0.0456415 -0.0782779 -0.00234952 -0.00669613 0.00245775 -0.00195124 0.00881655 -0.0290227 0.0346904 0.0134264 -0.0195172 -0.0997517 -0.197057 0.000182241 -0.00633319 -0.00848959 -0.00374101 -0.0140362 -0.0375343 -0.0517741 0.00117191 0.0195567 -0.0358671 0.0152883 0.0168458 0.00967081 -0.00725472 -0.0238027 0.00235979 0.0648511 0.0241969 0.019224 -0.0110505 -0.0441764 0.0342826 -0.0777715 0.0523175 0.0295412 0.0499773 0.0493586
internal_weight=8075.13 3435.99 4639.14 4598.23 158.837 125.04 4439.39 3195.49 2266.3 2116.73 1243.91 929.183 459.367 291.264 783.559 98.8259 18.2103 2763.64 784.539 765.207 2236.97 832.354 327.042 261.754 505.313 65.2876 139.442 365.871 526.668 438.06 259.56 200.852 1404.61 149.577 672.356 585.561 148.832 81.8972 178.5 80.6156 88.6084 436.729 127.872 58.7085
internal_count=688578 199573 489005 487026 10954 7427 476072 425222 79210 64554 50850 346012 16587 10574 195979 5851 473 104504 34263 33648 76495 29715 10075 8250 19640 1825 6242 13398 28009 25333 11289 7893 46780 14656 95069 88318 6887 4196 14044 5378 2676 81431 7425 3396
is_linear=0
shrinkage=0.08


Tree=87
num_leaves=45
num_cat=0
split_feature=12 7 1 7 5 10 3 7 7 4 7 1 10 4 4 0 7 10 0 6 10 7 6 3 0 6 1 1 7 10 10 7 3 11 0 6 11 3 4 4 10 4 1 0
split_gain=22.8302 19.0051 19.0611 14.5973 19.467 25.1293 12.3379 35.9057 61.8666 24.6522 18.4797 41.5207 22.442 19.1166 40.8046 26.6922 18.2059 12.28 13.001 10.5348 10.058 24.4184 33.566 11.425 48.6985 16.7707 9.87418 9.60065 8.7321 8.06687 9.32855 14.3754 9.27298 8.48548 8.01648 7.82804 7.69906 18.214 41.1606 28.3097 18.2563 14.0473 7.68236 7.62214
threshold=1.0000000180025095e-35 0.97156333923339855 0.9495762586593629 0.98974332213401806 1.0000000180025095e-35 0.35000000149011617 0.86319074034690868 0.60894551873207103 1.0000000180025095e-35 0.095454547554254546 0.97311750054359447 0.5912291705608369 1.0000000180025095e-35 0.43650794029235845 0.38750000298023229 0.85145786404609691 0.51244834065437328 0.75000000000000011 0.95488464832305919 0.1123737394809723 0.75000000000000011 0.97156333923339855 0.29478609561920172 0.908033847808838 0.87226107716560375 0.077677227556705489 0.89769753813743602 0.84889996051788341 0.60894551873207103 0.35000000149011617 1.0000000180025095e-35 0.98048734664917003 0.80810147523880016 0.49175028502941137 0.97801932692527782 0.037749288603663451 0.4676524698734284 0.52419984340667736 0.080128207802772536 0.16025641560554507 0.75000000000000011 0.2264957278966904 0.78611555695533764 0.22792208194732669
decision_type=2 2 2 2 2 2 2 2 2 2 2 2 2 2 2 2 2 2 2 2 2 2 2 2 2 2 2 2 2 2 2 2 2 2 2 2 2 2 2 2 2 2 2 2
left_child=3 2 36 6 17 -6 7 8 19 -8 13 -12 -13 14 -9 -15 -10 18 -5 -1 23 26 -23 24 -11 -25 -22 -21 -4 30 -3 -32 -31 -34 -18 -30 -2 40 43 -40 -38 -42 -33 -39
right_child=1 29 28 4 5 -7 9 10 16 20 11 12 -14 15 -16 -17 34 -19 -20 27 21 22 -24 25 -26 -27 -28 -29 35 32 31 42 33 -35 -36 -37 37 38 39 -41 41 -43 -44 -45
leaf_value=0.0099845364024493503 0.01552394655598607 0.020637416673121429 0.016173059732124403 0.072613577231814788 -0.024812672027885486 0.058364885388505802 0.078677937544218826 -0.0029165980671032651 -0.072353376651172308 -0.026731903719371095 0.017081172330992926 -0.022045731178469575 -0.11868683718714385 0.035225483941274012 -0.082355470357460811 -0.006049157568635357 -0.015163186931588914 -0.00053260044307427274 -0.084609425856053161 -0.0089147048515234913 0.012042051293531577 0.014309944194024843 -0.14571205976517859 -0.016080087664206443 0.042155898212934632 -0.00018406514321789175 0.047893698865544981 -0.059404144586085901 0.069561170600525565 0.024531379770353169 -0.57194934538492792 -0.23851277187180323 -0.28290331224758719 0.071254196364156266 -0.10324919983253608 -0.0019099441193776206 0.085286559612901866 -0.26196144527317095 -0.11919323000313345 0.0017213613681769549 -0.030409331884673971 0.10833671646175139 0.081336224720122932 0.064133716181590958
leaf_weight=173.29112328955671 254.44392819749191 3.7859428479569024 90.001193786156364 25.889858680777255 31.236967143369839 90.868784147896804 25.01384034747025 1295.4536791047431 161.68946052980027 115.18803057711921 55.268149107228965 26.605481832288206 36.444457952398807 199.28056366741657 42.748668196145445 201.83984938065987 65.135530883766478 574.31288713344838 3.8691131406230843 122.61240463989088 208.52323697088286 20.656872381572612 14.126133311074225 611.81253959954483 152.79614911312819 1389.4317632419115 64.334583813790232 30.001156942220405 49.156229024403729 127.48950532556046 0.48113563540391635 0.98866831115446985 0.43746186979114909 42.218284481903538 7.3593454436631864 12.252449366962535 9.7235966140869987 0.46164340898394485 12.505003309343008 1376.8797008747351 191.12985731288791 4.7871418506838372 0.93521986645646393 72.985596457030624
leaf_count=3897 6638 80 2974 1681 1620 24032 2030 18406 354231 13862 702 231 570 1809 591 3501 24561 11623 355 10288 7708 2115 333 23976 5463 52257 13664 189 25585 3880 21 52 14 13497 230 1179 337 11 833 47054 1313 52 142 4726
internal_value=2.67197e-05 0.00685664 0.00471325 -0.0026486 0.00795286 0.0370865 -0.0041823 -0.00829678 -0.0260518 -0.000359019 -0.00294356 -0.0335365 -0.0779067 -0.000862469 -0.00545426 0.0144565 -0.0574175 0.00206385 0.0521722 -0.00351334 -0.00112624 0.012448 -0.0506785 -0.00296651 0.0125458 -0.00504373 0.0204952 -0.01884 0.0320425 0.0320704 -0.0576317 -0.180841 0.0353343 0.0676221 -0.0241053 0.055301 0.00256135 0.000584537 0.00371847 0.000633083 -0.0217088 -0.0270191 -0.0830312 0.0620841
internal_weight=7996.45 2250.66 2074.33 5745.79 726.178 122.106 5019.61 2417.73 560.089 2601.88 1857.64 118.318 63.0499 1739.32 1338.2 401.12 234.184 604.072 29.759 325.905 2576.87 307.641 34.783 2269.23 267.984 2001.24 272.858 152.614 151.41 176.336 6.19097 2.40502 170.145 42.6557 72.4949 61.4087 1922.92 1668.47 1462.83 1389.38 205.641 195.917 1.92389 73.4472
internal_count=688313 108388 90702 579925 39311 25652 540614 419206 393396 121408 25810 1503 801 24307 18997 5310 379022 13659 2036 14374 119378 23820 2448 95558 19325 76233 21372 10477 29738 17686 295 215 17391 13511 24791 26764 60964 54326 52624 47887 1702 1365 194 4737
is_linear=0
shrinkage=0.08


Tree=88
num_leaves=45
num_cat=0
split_feature=1 10 4 7 7 12 4 6 0 6 4 5 3 0 2 2 6 3 2 5 6 5 2 3 3 4 4 7 7 2 7 7 0 2 1 6 6 1 12 4 3 4 2 2
split_gain=20.6409 37.9281 26.1095 23.7817 85.8355 34.9151 14.3994 41.7794 23.1584 39.8177 28.47 31.2466 27.4593 30.1809 60.249 32.5327 21.7889 14.0186 16.2185 15.6486 15.3797 14.3018 13.0233 12.0878 10.8719 17.0604 10.7239 10.1492 9.54817 11.5191 16.8778 29.9163 10.3911 9.11127 9.03835 32.3198 9.00695 8.89262 9.62543 11.6012 9.89211 8.84043 13.1493 8.18959
threshold=0.89377820491790783 0.75000000000000011 0.58571431040763866 0.52843666076660167 1.0000000180025095e-35 1.0000000180025095e-35 0.72077924013137828 0.19098278135061267 0.95488464832305919 0.26975052058696752 0.58571431040763866 1.0000000180025095e-35 0.98213717341423046 0.89386734366416942 0.83131474256515514 0.88273492455482494 0.52679425477981578 0.91331186890602123 0.93957647681236278 1.0000000180025095e-35 0.11583184450864793 1.0000000180025095e-35 0.78611555695533764 0.96922349929809581 0.9569842815399171 0.90873014926910411 0.90873014926910411 0.9832867980003358 0.88473191857337963 0.54653680324554454 0.70638945698738109 0.81106579303741466 0.93957647681236278 0.88273492455482494 0.90815371274948131 0.17274536192417148 0.18834459781646731 0.89769753813743602 1.0000000180025095e-35 0.61250001192092907 0.74133810400962841 0.19090909510850909 0.45923791825771337 0.81530213356018078
decision_type=2 2 2 2 2 2 2 2 2 2 2 2 2 2 2 2 2 2 2 2 2 2 2 2 2 2 2 2 2 2 2 2 2 2 2 2 2 2 2 2 2 2 2 2
left_child=3 2 17 4 26 -6 8 -8 12 23 16 -12 13 15 -15 -5 -11 19 20 22 21 -19 -2 -10 25 43 41 -26 29 30 -3 -32 -31 -25 35 -34 37 -4 40 -40 -39 -1 -43 -9
right_child=1 28 36 6 5 -7 7 24 9 10 11 -13 -14 14 -16 -17 -18 18 -20 -21 -22 -23 -24 33 27 -27 -28 -29 -30 32 31 -33 34 -35 -36 -37 -38 38 39 -41 -42 42 -44 -45
leaf_value=-0.075548869609107158 0.10300352004226745 0.094641153372340608 -0.055847402306213205 0.00010839964417397979 -0.069862356992866956 -0.010727317028625661 0.08826237386417933 -0.026787921412522574 0.094945210668904975 0.048257118463600319 -0.10432045340706364 -0.0036051835099444231 0.08260061777962957 0.0087755644453572559 -0.066482069594999096 0.062788544009186417 -0.009308841523809638 0.054534760569944093 0.056105374660270484 0.10447503217230387 0.06043476384466797 -0.06030949930773389 -0.060891108209558426 0.050572671776872954 -0.014449452800063819 0.089447483856663568 0.066351407543614987 0.050380045046553627 0.053000830937931891 0.075336715098493823 -1.5843678041931457 0.08061864530064225 -0.58114557120392352 -0.012798134816430669 0.018663910212213943 -0.022001480872596024 0.040835406033594403 -0.069532689685863194 0.050555012275785807 0.0052133794780271489 -0.0036002792337535613 0.073357480114088228 -0.0022382614160051002 -0.06959090360410683
leaf_weight=10.32252812158549 4.9606478458445045 0.27997883292846282 19.095680486323545 3617.758657636994 192.0459151698451 95.764458222896792 24.549347028951161 62.934363965410739 34.253530253772624 125.24467282148544 21.40911850205157 249.11441085173283 25.377770234190393 145.13627132587135 128.23457929643337 53.783419519197196 63.373556164675392 8.8880568961612862 42.267101866716985 30.787751468538772 14.67690384906018 31.661124939302681 8.2856476677115989 90.237743749399669 283.67405910231173 6.2513033759314558 14.952746171504257 16.345507289399393 128.16993870656006 18.565135795855895 0.14409834402613342 0.13264106307178736 0.71932799834757943 17.305069383699447 67.028357768431306 8.245350565062834 32.74567462754203 14.802761452854609 43.352805225877091 216.32464270864148 901.71277644319343 14.942033112281932 1019.019463295117 52.451703739585355
leaf_count=5831 285 14 500 79471 412554 11700 453 543 815 5424 1712 6872 1148 2579 2047 2535 3404 288 1361 751 428 980 437 4647 6248 395 90 2884 50799 1952 24 40 46 1045 14798 784 991 834 1397 11071 33722 971 12885 558
internal_value=3.16478e-05 0.00817616 0.00319166 -0.00200669 -0.0114447 -0.0501861 0.000527157 -0.0131902 0.00186613 0.0165022 0.00505835 -0.0115757 -0.000349164 -0.000882783 -0.0265268 0.00102658 0.0289156 0.0357291 0.018808 0.0731932 -0.00973749 -0.0351366 0.000486319 0.0535578 -0.0190969 -0.0392715 -0.000918059 -0.0109174 0.0387496 0.0195457 -0.343287 -0.786341 0.0216819 0.0403755 0.00857404 -0.0668673 -0.000558185 -0.00169219 -0.00081297 0.0127831 -0.00466516 -0.00188127 -0.00114581 -0.0462451
internal_weight=7957.33 1592.85 1369.56 6364.48 1347.05 287.81 5017.44 446.206 4571.23 600.938 459.142 270.524 3970.29 3944.91 273.371 3671.54 188.618 141.527 97.4932 44.034 55.2261 40.5492 13.2463 141.796 421.657 121.637 1059.24 300.02 223.285 95.1149 0.556718 0.276739 94.5582 107.543 75.993 8.96468 1228.03 1195.29 1176.19 259.677 916.516 1044.28 1033.96 115.386
internal_count=688313 121502 53045 566811 444031 424254 122780 11081 111699 23919 17412 8584 87780 86632 4626 82006 8828 4530 3057 1473 1696 1268 722 6507 10628 1496 19777 9132 68457 17658 78 64 17580 5692 15628 830 48515 47524 47024 12468 34556 19687 13856 1101
is_linear=0
shrinkage=0.08


Tree=89
num_leaves=45
num_cat=0
split_feature=8 10 7 4 12 11 11 11 3 0 4 4 3 4 1 3 0 4 1 12 8 1 7 8 1 11 11 1 4 3 11 4 3 3 4 7 4 4 0 8 5 0 10 4
split_gain=19.5858 18.7963 66.6557 26.8472 16.8264 16.0556 15.1735 14.7698 17.2719 23.888 13.303 19.2767 12.0723 13.4615 17.4323 12.1556 25.3054 20.4416 11.2457 9.98185 9.26237 9.20375 9.0552 11.021 8.98059 19.2168 9.51951 8.81511 17.025 19.5801 16.7653 14.4317 12.6477 12.1094 11.2335 11.1867 10.9121 20.9017 16.3251 7.70079 6.94503 16.7016 13.5568 10.1399
threshold=0.97881317138671886 1.0000000180025095e-35 0.45341086387634283 0.064583335071802153 1.0000000180025095e-35 0.69050872325897228 0.99925094842910778 0.47059248387813574 0.68614074587821972 0.62575301527977001 0.10555555671453477 0.16025641560554507 0.77694860100746166 0.30384616553783422 0.4246212244033814 0.908033847808838 0.80982521176338207 0.47727273404598242 0.85565477609634411 1.0000000180025095e-35 0.2991390079259873 0.27195686101913458 0.90493568778038036 0.86976018548011791 0.94609123468399059 0.68400311470031749 0.75074693560600292 0.79784947633743297 0.52272728085517894 0.87206766009330761 0.98671081662178051 0.58571431040763866 0.96922349929809581 0.92637759447097789 0.36931818723678594 0.98048734664917003 0.58571431040763866 1.0000000180025095e-35 0.85145786404609691 0.957820624113083 1.0000000180025095e-35 0.99504950642585765 0.75000000000000011 0.064583335071802153
decision_type=2 2 2 2 2 2 2 2 2 2 2 2 2 2 2 2 2 2 2 2 2 2 2 2 2 2 2 2 2 2 2 2 2 2 2 2 2 2 2 2 2 2 2 2
left_child=1 2 19 -4 27 7 40 22 20 -10 -7 -12 13 21 -15 16 -14 -17 -13 -1 -9 -5 23 -6 -21 -26 -27 30 32 31 36 -30 -29 -31 -34 39 37 -3 -38 -32 41 42 -2 -44
right_child=6 4 3 12 5 10 -8 8 9 -11 11 18 15 14 -16 17 -18 -19 -20 24 -22 -23 -24 -25 25 26 -28 28 29 33 35 -33 34 -35 -36 -37 38 -39 -40 -41 -42 -43 43 -45
leaf_value=-0.079254191784613126 0.081125306619562937 0.00028283010510738219 0.058484168771394167 0.68384661120383694 0.010848058454507828 0.080856370731048011 0.077982598740225298 -0.096504078403993873 0.07735427867757666 -0.00042780039240663316 -0.1522867777796007 0.0096176526300692216 -0.025876970348664322 0.16171782624894321 -0.017520340833382116 0.032621056403191406 0.019668980091353042 -0.010153066826332933 0.031899811914458849 -0.041772858415074623 -0.018029857614282864 -0.067656825808980706 0.042738979169138477 -0.12255502491488508 0.70866335542666636 -0.080905454242203065 0.19440487743320575 0.026635688634917179 -0.18023031269805395 0.031509869143846188 -0.16195556565031702 -0.020256040052687597 -0.16507816249409829 0.001285340318912214 -0.0098453504604415366 -0.019740887425175501 0.043471066924014513 -0.015955994665327187 0.00061244168826988187 -0.03025739065970106 0.034743820473273332 -0.16829767462633277 0.010678950758421499 -0.043752458534071871
leaf_weight=90.530199903529137 15.910486716777084 1513.9850643471582 43.02163558389293 0.1045768667536312 207.52514092181809 20.825699071632698 25.538881530112121 10.001837713527491 28.284267213428393 237.09244396665599 4.3320508729666463 435.86812599631958 103.35197838308522 3.5476110371528184 164.59276793056051 76.567588169418741 319.17708788294112 1081.2798363359179 217.1973315452924 16.061475823458753 256.20562290353701 39.344409211917082 63.538289927411824 4.0405931193381539 0.30248468858189825 1.8001571538625287 1.4522661877563221 268.03300622943789 3.6756320153945117 93.383302713162266 8.8079415792599338 199.34581025637453 3.2906610454665488 926.911823513743 31.964949049870484 16.127028078422882 74.410158679180313 762.90878388323472 241.43545520363841 4.1948673399165264 77.660143282089848 3.4191449807258314 199.50451077055186 24.60480343317613
leaf_count=314727 832 52528 3035 50 3569 2546 13913 163 2049 5110 22 17845 4939 147 6696 1583 5765 14837 47320 8341 2572 20893 3060 58 11 462 204 9486 50 3316 132 6826 104 36210 798 1395 1281 80745 4338 126 5181 145 3879 1024
internal_value=3.81149e-05 -0.000812879 -0.00760187 -0.00396587 0.00152645 0.00883439 0.0186335 0.00120681 -0.0065805 0.00786234 0.0179067 0.0159125 -0.00546853 -0.0236063 -0.0137386 -0.00308606 0.00852829 -0.00732445 0.0170283 -0.0680438 -0.0209783 -0.0656646 0.0162543 0.00830026 -0.0163072 0.0987494 0.0420256 -0.00108936 0.00374347 -0.000463105 -0.00390332 -0.0231523 0.0207107 0.00405166 -0.0243344 -0.0642565 -0.00322524 -0.00515824 0.0107095 -0.119468 0.0139131 0.00726789 0.00976887 0.00470296
internal_weight=7921.16 7574.52 1941.13 1830.99 5633.39 1484.91 346.638 806.688 531.584 265.377 678.223 657.398 1787.97 207.589 168.14 1580.38 422.529 1157.85 653.065 110.147 266.207 39.449 275.104 211.566 19.6164 3.55491 3.25242 4148.47 1526.61 1223.32 2621.87 203.021 303.289 1020.3 35.2556 29.1298 2592.74 2276.89 315.846 13.0028 321.099 243.439 240.02 224.109
internal_count=688313 663339 381690 57945 281649 84314 24974 16581 9894 7159 67733 65187 54910 27786 6843 27124 10704 16420 65165 323745 2735 20943 6687 3627 9018 677 666 197335 56790 46402 140545 6876 10388 39526 902 1653 138892 133273 5619 258 11061 5880 5735 4903
is_linear=0
shrinkage=0.08


Tree=90
num_leaves=45
num_cat=0
split_feature=3 10 2 3 6 2 4 2 4 4 6 4 3 4 3 2 5 6 8 4 2 3 2 5 11 4 10 8 4 2 11 5 4 12 7 3 12 7 11 8 6 2 7 4
split_gain=19.6672 29.4077 28.8766 48.6224 127.698 33.1129 45.6007 31.6678 76.3262 74.4522 63.5001 56.517 44.9833 33.1343 25.5728 23.1953 26.5187 20.4639 19.3633 14.2588 20.7064 14.0208 37.7073 17.0423 13.5288 13.4658 19.8127 27.5702 15.8725 11.7021 11.0124 17.7411 10.8551 10.6693 13.149 9.95952 9.27133 8.80133 8.36134 10.6722 9.17477 8.88954 8.33354 7.79236
threshold=0.98571136593818676 0.75000000000000011 0.9495762586593629 0.94494947791099559 0.056349206715822227 0.89377820491790783 0.72077924013137828 0.81530213356018078 0.58571431040763866 0.52272728085517894 0.37965516746044164 1.0000000180025095e-35 0.87585616111755382 0.90873014926910411 0.97259759902954113 0.97530490159988414 1.0000000180025095e-35 0.03637566231191159 0.34297668933868414 0.47727273404598242 0.88493064045906078 0.92637759447097789 0.93127068877220165 1.0000000180025095e-35 0.56926032900810253 0.5634920895099641 0.75000000000000011 0.77442070841789257 0.80909091234207164 0.63211598992347728 0.99925094842910778 1.0000000180025095e-35 0.63068181276321422 1.0000000180025095e-35 0.92699080705642711 0.98484501242637645 1.0000000180025095e-35 0.91388580203056347 0.98671081662178051 0.85193490982055675 0.32037734985351568 0.65240275859832775 0.96636754274368297 0.30384616553783422
decision_type=2 2 2 2 2 2 2 2 2 2 2 2 2 2 2 2 2 2 2 2 2 2 2 2 2 2 2 2 2 2 2 2 2 2 2 2 2 2 2 2 2 2 2 2
left_child=2 24 3 5 25 7 21 8 11 12 -10 -1 -9 -11 19 35 17 -17 -18 29 -21 23 -23 -7 43 36 28 -28 -27 -6 31 32 33 34 -3 -4 -5 -16 39 41 -40 -33 -39 -2
right_child=1 30 15 4 14 6 -8 9 10 13 -12 -13 -14 -15 37 16 18 -19 -20 20 -22 22 -24 -25 -26 26 27 -29 -30 -31 -32 38 -34 -35 -36 -37 -38 42 40 -41 -42 -43 -44 -45
leaf_value=0.0028172705248759233 -0.085067481123112659 -0.27823407570371561 0.049326413931713324 -0.083142481182337677 -0.17738019613601202 -0.019613768807284156 -0.077226532189426808 0.03883665537289667 0.029599118325114988 -0.056737191091459409 -0.088365317816714167 -0.017667178794181355 -0.024343990808522391 0.052941819914710218 -0.087461371535360849 -0.11413626154625783 -0.060272987064394927 -0.55472600625607082 0.1012796064830416 -0.043426853378849044 0.015754001561071228 -0.035060252401309007 0.065679694302555533 0.057956418603467175 0.0020803033038496919 -0.12451811244883149 -0.077856009656539604 -0.49032951973773115 0.17438242981868357 0.047301145576108081 0.070864010921936477 -0.044627756421573225 0.0061824788560496955 -0.0073943852752412055 -0.047367436291210742 -0.2560273318981372 0.05517435772973002 -0.49876896470655624 0.029664219101280771 0.052557108405520331 -0.053327101225856682 0.025560001567906429 -0.11408902050107196 0.09273354809274903
leaf_weight=2243.6615472103003 1.7619865498563765 3.3484040299081261 119.33378197909042 13.887811172840886 1.5273253626655776 20.631467734405305 25.517374340386596 148.5198262714548 643.72273639406194 266.26166452039615 30.592596288144705 1399.8077855272131 140.20439367732615 18.878163107350701 11.46523736004019 2.0693031803530206 14.223154451319717 1.0010743928723966 7.1277300684014326 61.296612636768259 98.865641541662626 52.80951747551444 43.258028490992729 149.3082499808952 1888.9843378817313 66.476915451232344 1.9337921324186016 2.2366667144815437 1.1568186836666416 51.796676206751727 34.414900163246784 12.599956488120368 12.806171024916692 4.4167501912452281 2.987674948759377 0.68755399168003251 3.9933075468288726 0.68701952323317417 18.517406857863534 108.92533455335069 15.799128822982309 138.4316589263035 0.7581691041123122 15.069977037201168
leaf_count=79855 324 58 7375 702 286 1256 942 8756 28517 10100 1188 372420 8177 2929 532 86 180 49 1283 2586 5446 2070 2181 7216 66565 2057 65 282 34 3755 21834 650 1675 273 83 16 275 50 4323 21099 684 20003 68 118
internal_value=0.000331764 0.00664153 -0.00219279 -0.00312022 -0.0335819 -0.00126259 0.0249301 -0.00282358 -0.000476946 -0.0204798 0.0242473 -0.00505278 0.00815615 -0.0494757 -0.00157773 0.0331162 -0.0379539 -0.257787 -0.00634064 0.00503421 -0.00689544 0.0347298 0.0103017 0.048539 0.00271656 -0.114372 -0.129841 -0.29907 -0.119406 0.0408657 0.0278773 0.0232228 -0.0435776 -0.10284 -0.169373 0.0475772 -0.0522528 -0.110913 0.0285707 0.0334702 -0.00854449 0.0197045 -0.29696 0.0741212
internal_weight=7901.76 2258.06 5643.7 5499.26 316.082 5183.17 291.525 4891.65 4317.78 573.864 674.315 3643.47 288.724 285.14 226.397 144.443 24.4213 3.07038 21.3509 213.486 160.162 266.007 96.0675 169.94 1905.82 89.6853 71.8042 4.17046 67.6337 53.324 352.247 317.832 23.559 10.7528 6.33608 120.021 17.8811 12.9104 294.273 259.957 34.3165 151.032 1.44519 16.832
internal_count=688423 137689 550734 541745 16138 525607 13665 511942 481980 29962 29705 452275 16933 13029 12723 8989 1598 135 1463 12073 8032 12723 4251 8472 67007 3415 2438 347 2091 4041 70682 48848 2089 414 141 7391 977 650 46759 41752 5007 20653 118 442
is_linear=0
shrinkage=0.08


Tree=91
num_leaves=45
num_cat=0
split_feature=8 10 7 4 5 2 4 2 4 10 2 4 4 7 6 2 4 4 6 10 7 10 4 2 4 2 6 11 7 2 4 4 12 6 4 2 4 8 6 2 2 11 11 5
split_gain=17.5646 17.1344 62.0826 26.1478 21.1724 49.1372 34.9501 116.304 102.762 76.1811 43.56 28.7703 76.6265 68.7638 28.1538 28.1132 23.8382 49.3522 22.3813 21.0793 20.5702 18.0885 17.7171 14.5687 11.7352 11.4937 10.6853 10.5496 10.2986 8.78677 28.2298 21.6238 8.76379 8.70548 8.66808 8.52448 9.77233 8.23985 8.16418 8.02382 7.90002 8.80452 7.86387 7.7894
threshold=0.97881317138671886 1.0000000180025095e-35 0.45341086387634283 0.064583335071802153 1.0000000180025095e-35 0.59491634368896495 1.0000000180025095e-35 0.52689418196678173 0.36931818723678594 0.75000000000000011 0.26272648572921758 0.38750000298023229 0.43650794029235845 0.90957191586494457 0.39173060655593878 0.97530490159988414 0.26136364042758947 0.19090909510850909 0.29198718070983892 0.75000000000000011 0.96186840534210216 0.75000000000000011 0.30384616553783422 0.84028983116149913 0.2264957278966904 0.4654348641633988 0.36700680851936346 0.99925094842910778 0.4240777343511582 0.72821971774101268 0.43650794029235845 0.36931818723678594 1.0000000180025095e-35 0.033908046782016761 0.29285715520381933 0.78305691480636608 0.41428571939468389 0.75069060921669017 0.62115561962127697 0.78910306096076976 0.76239567995071422 0.59213069081306469 0.39890380203723913 1.0000000180025095e-35
decision_type=2 2 2 2 2 2 2 2 2 2 2 2 2 2 2 2 2 2 2 2 2 2 2 2 2 2 2 2 2 2 2 2 2 2 2 2 2 2 2 2 2 2 2 2
left_child=1 2 32 -4 6 14 7 9 16 28 -11 19 13 -13 22 18 17 -8 -10 34 -18 -14 26 27 37 -16 -6 35 -3 30 -26 -31 -1 -17 -7 38 -37 -5 -2 -38 -34 -42 -24 -39
right_child=23 4 3 24 5 11 8 -9 15 10 -12 12 21 -15 25 33 20 -19 -20 -21 -22 -23 42 -25 29 -27 -28 -29 -30 31 -32 -33 40 -35 -36 36 39 43 -40 -41 41 -43 -44 -45
leaf_value=-0.079164695737912599 0.022257627435266311 -0.08074137028040991 0.058400590019821709 -0.0785333041347233 -0.025173128656583478 -0.028258176814950523 -0.084822431361375447 0.082379314886365032 0.01902563389618182 0.0017103128457573186 -0.026473977542748526 -0.033641822168234428 -0.00037861780595561641 -0.1950205667972382 0.061457023398742282 -0.13647690912487917 -0.067475249565351919 0.0050943597206818229 -0.034303283182245285 0.055401566994931331 -0.15647252736383863 0.015143764416426184 0.0043950473875133105 0.0633204808334661 -0.026580478691085326 -0.011406208522021869 0.16712919621307917 0.080425574142974771 0.10079634848502605 0.03390530304458314 0.019990216612039546 -0.0097055351938232191 -0.06675296682335892 -0.44367625171414821 0.019625095861414452 0.064011532148938483 -0.29250406030128806 0.06431674359514522 -0.0072744180649774786 -0.062169149662673735 0.47062159227455014 0.021657225375872908 0.084768000792884046 -0.060626887386230531
leaf_weight=82.450664546420739 175.41753230319591 2.0846824873588039 42.528702072013402 23.307291104647447 17.149972431041537 31.637159061006969 70.101330975448946 108.54315744776977 306.2481369607849 1390.5678091070149 469.43394191615516 88.412896198104136 1692.7122679630993 20.891486379317939 18.084630559489597 1.4444775370648124 107.89535349176731 88.243480445700698 60.280100812902674 111.52161678113043 19.648084292653948 670.90234865254024 8.4263459697831404 40.305244918970857 118.1126824793464 59.248372114350786 2.072750907187582 13.774260387057437 49.217149439733475 77.163010478863725 282.66001190087991 1276.7429500994913 10.292230013466908 0.99847179162316013 102.8641685807379 3.8574017102364477 1.0572824820410449 6.3426032718270999 90.985354736912996 11.452587035601026 0.28898067818954487 8.5675035901949723 103.33843709854409 6.4316832013428211
leaf_count=314299 3240 1455 2996 18970 7219 5663 23932 9593 19924 25265 26715 4574 33098 798 1877 43 10478 13107 2785 3302 364 77843 146 11098 10777 4398 506 7131 2301 2118 4063 18982 6016 31 4080 338 44 37 2747 455 56 2854 2663 42
internal_value=0.000319472 -0.000479337 -0.00696974 -0.00359626 0.00176241 0.00646365 -0.00338274 0.00182431 -0.0194433 -0.00275042 -0.00540294 0.00359465 0.000999004 -0.0644863 0.043909 0.00845221 -0.0554457 -0.034713 0.010255 0.029685 -0.0811853 0.00402735 0.0665065 0.0181925 -0.00506862 0.00563315 -0.00443752 0.0120588 0.0934194 -0.00413996 0.00626526 -0.00722003 -0.0678417 -0.262034 0.00836208 0.00872855 -0.0473102 -0.0502305 0.0121715 -0.0816361 -0.0190868 0.0363066 0.0787084 0.00140929
internal_weight=7873.71 7536.86 1934.89 1833.29 5601.97 2927.26 2674.71 2019.85 654.859 1911.3 1860 2718.94 2472.92 109.304 208.321 368.971 285.888 158.345 366.528 246.023 127.543 2363.61 130.988 336.85 1790.76 77.333 19.2227 296.544 51.3018 1754.68 400.773 1353.91 101.599 2.44295 134.501 282.77 16.3673 36.0816 266.403 12.5099 19.1487 8.85648 111.765 12.7743
internal_count=688423 663370 381210 57985 282160 146167 135993 65329 70664 55736 51980 129358 116313 5372 16809 22783 47881 37039 22709 13045 10842 110941 10534 25053 54989 6275 7725 13955 3756 35940 14840 21100 323225 74 9743 6824 837 19049 5987 499 8926 2910 2809 79
is_linear=0
shrinkage=0.08


Tree=92
num_leaves=45
num_cat=0
split_feature=1 2 7 4 2 4 2 6 5 6 0 0 4 2 2 4 2 0 6 2 0 0 1 6 11 4 4 0 1 0 8 2 5 2 2 8 2 11 5 6 0 6 5 7
split_gain=15.9697 22.016 20.9186 16.2244 103.671 95.0589 35.0819 46.2481 40.0858 31.2404 44.8822 24.7151 45.4233 31.4117 19.4877 16.1295 13.1316 12.5061 19.3745 12.0025 11.6199 19.6642 10.8036 10.1241 9.60074 8.88891 14.3214 8.60262 8.02003 25.128 9.22262 7.85596 9.33787 10.1761 8.44548 7.68127 7.32656 7.29717 7.13912 8.78654 9.39647 7.04607 15.7182 6.79526
threshold=0.87007671594619762 0.94494947791099559 0.94764256477355968 1.0000000180025095e-35 0.57735043764114391 0.19090909510850909 0.59491634368896495 0.4552139043807984 1.0000000180025095e-35 0.31072796881198889 0.51191151142120372 0.78629976511001598 0.34848485887050634 0.73942822217941295 0.27518594264984136 0.58571431040763866 0.88774341344833385 0.95850551128387462 0.031498016789555557 0.83796653151512157 0.98076212406158458 0.98648402094841015 0.90054944157600414 0.78319624066352855 0.69750499725341808 0.90873014926910411 0.80909091234207164 0.95040982961654674 0.60922586917877208 0.92718276381492626 0.75069060921669017 0.81284341216087352 1.0000000180025095e-35 0.86222714185714733 0.97700846195220958 0.28647416830062872 0.6900656819343568 0.55172833800315868 1.0000000180025095e-35 0.032795699313282974 0.91945946216583263 1.0000000180025095e-35 1.0000000180025095e-35 0.95842933654785167
decision_type=2 2 2 2 2 2 2 2 2 2 2 2 2 2 2 2 2 2 2 2 2 2 2 2 2 2 2 2 2 2 2 2 2 2 2 2 2 2 2 2 2 2 2 2
left_child=1 3 15 4 9 28 7 8 -7 10 14 12 -8 -13 -1 16 38 18 19 36 41 -22 -21 -9 35 26 31 -20 -5 30 -30 -4 34 -34 -33 -11 -17 -12 -2 -40 -41 -19 -43 -28
right_child=2 -3 25 5 -6 6 11 23 -10 24 37 13 -14 -15 -16 17 -18 20 27 22 21 -23 -24 -25 -26 -27 43 -29 29 -31 -32 32 33 -35 -36 -37 -38 -39 39 40 -42 42 -44 -45
leaf_value=-0.00092533902470800795 0.0268619393100464 0.087016264301004453 0.077007325442510252 -0.082699015952690247 0.082359156720666182 0.0033880283555680147 -0.0053857905877690293 -0.029454795526115882 0.058630118037662826 -0.033581314076579813 -0.080443195522258634 0.010042433845598931 -0.058482741541266869 -0.0090120242592026042 -0.047192346254092701 -0.08576080214310558 0.036067739871302157 0.074006221479023901 0.005408381644409631 -0.097216859354443561 -0.085411055627675966 0.0042946061623927315 -0.03465124647474483 0.068486000354101753 0.10174643767967276 0.076752926993251397 0.039580556277160533 -0.072081355090823904 -0.068651303270877442 -2.1439226983082373 0.036548746313052549 -0.018108772239801105 -0.28730685365381747 0.034401166352953462 -0.44391571807116692 0.0038148882334824163 0.058030950658010456 0.097342601003744506 -0.091013555705676999 0.015627430573618543 -0.099518228879806311 -0.12825059913984976 0.050482999109299521 -0.084782469584368345
leaf_weight=83.408637747517787 25.469082847397658 17.817645765549969 20.905515095335431 104.54226140490209 101.32661831873702 156.85645064814889 310.77130387163197 118.38263942205231 181.16291105357232 35.848094893124653 1.5909121067670664 811.92522217032092 154.31710954743903 1741.0161460998206 193.26552347510005 2.8174672828172325 159.64797913617076 24.210755112668267 197.04349670953525 22.327461593595217 15.859173413060487 1127.7840877849376 84.560952871484915 7.1634540932573136 6.3345378879457703 23.573887501610443 3.8236605469137421 9.6164899311406753 13.264143406733643 0.035922385752200081 8.9200282301753742 21.238333746790889 0.63237708271480997 128.15791097586043 0.30235544079914589 1811.9801960376499 11.625193315994691 20.734374635299901 10.296956321428295 24.749814314200197 5.553511541162151 4.1643992582685323 12.914585971622728 10.627114134840665
leaf_count=2212 1561 841 1714 131328 12720 58251 62692 27465 26594 902 2074 46215 15087 76953 17621 185 7284 1139 8309 737 715 67663 2948 829 188 23671 144 455 19934 1 71 2697 44 15927 12 47517 378 388 372 938 223 207 671 546
internal_value=0.000303527 -0.00177601 0.0065816 -0.00204586 0.0032783 -0.00537238 -0.00289474 0.0175956 0.0329953 -0.0004432 -0.0244398 -0.00604202 -0.0230034 -0.00295204 -0.0332443 0.00370545 0.0236545 0.000729203 -0.0130956 -0.0384712 0.00455593 0.00305064 -0.0477203 -0.0238665 0.00342645 0.030478 0.0246032 0.00180256 -0.073422 -0.0297748 -0.0263514 0.0310574 0.0246674 0.0328215 -0.0240856 0.0030894 0.0299801 0.0846735 -0.00634051 -0.0271688 -0.00547463 0.0462494 0.00690207 -0.0518761
internal_weight=7828.57 5880.66 1947.9 5862.85 2254.49 3608.36 3481.6 463.565 338.019 2153.16 298.999 3018.03 465.088 2552.94 276.674 1738.64 225.717 1512.92 327.991 121.331 1184.93 1143.64 106.888 125.546 1854.16 209.261 185.687 206.66 126.762 22.2201 22.1842 171.236 150.331 128.79 21.5407 1847.83 14.4427 22.3253 66.0694 40.6003 30.3033 41.2897 17.079 14.4508
internal_count=688423 549883 138540 549042 83622 465420 314086 113139 84845 70902 22295 200947 77779 123168 19833 93785 10378 83407 13012 4248 70395 68378 3685 28294 48607 44755 21084 8764 151334 20006 20005 20394 18680 15971 2709 48419 563 2462 3094 1533 1161 2017 878 690
is_linear=0
shrinkage=0.08


Tree=93
num_leaves=45
num_cat=0
split_feature=8 3 0 2 3 0 4 2 0 3 2 4 4 0 3 7 8 8 11 1 10 0 0 4 2 1 1 3 5 1 8 10 8 7 4 4 4 11 2 11 11 12 4 0
split_gain=14.2843 13.1759 31.082 23.0554 34.1591 62.524 17.4096 15.2366 73.8993 21.9498 20.1228 87.7773 55.3103 15.0829 15.0579 15.0068 17.5945 14.397 12.4174 11.7223 14.3811 19.2511 29.3452 11.1807 11.2638 10.8012 17.682 12.9542 9.71428 9.83793 8.66179 8.44442 8.29139 10.5781 10.1993 7.86418 7.20681 7.03645 6.88917 6.69578 6.50743 5.80232 8.56231 7.4511
threshold=0.97881317138671886 0.98571136593818676 0.93957647681236278 0.93957647681236278 0.93788579106330883 0.87428161501884472 0.58571431040763866 0.88998898863792431 0.93908473849296581 0.91734972596168529 0.73746865987777721 0.43650794029235845 0.36931818723678594 0.94804319739341747 0.95488464832305919 0.90957191586494457 0.75959178805351268 0.9123903512954713 0.99925094842910778 0.65240275859832775 0.75000000000000011 0.97801932692527782 0.9569842815399171 0.30384616553783422 0.90054944157600414 0.86240702867507946 0.91331186890602123 0.9759001135826112 1.0000000180025095e-35 0.96808147430419933 0.55391839146614086 0.35000000149011617 0.92870518565177929 0.97311750054359447 0.47727273404598242 0.10555555671453477 0.30384616553783422 0.47796006500720983 0.86706829071044933 0.92001473903656017 0.95295411348342907 1.0000000180025095e-35 0.58571431040763866 0.97014260292053234
decision_type=2 2 2 2 2 2 2 2 2 2 2 2 2 2 2 2 2 2 2 2 2 2 2 2 2 2 2 2 2 2 2 2 2 2 2 2 2 2 2 2 2 2 2 2
left_child=1 3 23 4 7 14 28 10 9 -9 11 -1 -12 -10 37 16 -7 -17 38 32 41 22 -22 -3 -25 -8 40 -28 29 31 -23 -5 33 36 -35 -16 -4 -6 -2 -31 -27 43 -43 -21
right_child=18 2 19 6 5 15 25 8 13 -11 12 -13 -14 -15 35 17 -18 -19 -20 20 21 30 -24 24 -26 26 27 -29 -30 39 -32 -33 -34 34 -36 -37 -38 -39 -40 -41 -42 42 -44 -45
leaf_value=-0.0065582698423548727 0.008906030707891182 -0.070152675957685637 0.053990620362779927 0.069180716856563268 0.24189933156336224 -0.037391426712439994 0.095628259558926759 0.054352563861492315 -0.38234871748109867 -0.00055693130737624076 0.023590321963726756 0.026197377562567108 -0.021265555553365383 -0.08962493880628386 0.093240920749773637 0.03170739203596705 -0.085649191920033022 -0.0395517079277568 0.07708162361931846 -0.18122312575340899 0.080511946125547101 -0.015145799162796575 -1.3286325138449095 0.097234028447820184 -0.20307712159203664 -0.10013469256457988 0.017550350400058583 -0.14053857453412705 0.069867726273141917 -0.069201782724128344 0.027694353338803594 -0.12797544012998666 0.049526597266234255 0.082752552407093991 -0.21095558301232406 -0.025801345549055492 -0.024217045995137743 0.078303828417380039 0.055446392006801209 -0.53437930469398487 0.052973145304108495 0.049040962103603196 0.0068175589199291698 -0.00043001909992694337
leaf_weight=2688.9214849763957 292.78776153468061 3.0376792384340652 8.0125159380404494 4.1946503976359955 1.7823647572950019 168.48993211031484 8.3844728783296869 130.85639349979465 1.1738217663660204 72.354835752514191 218.33480916349799 650.19427892069507 905.91384376370115 27.97176115392358 4.5372093826590598 30.900487569917459 67.813790841202717 43.960299060272519 20.045088982093148 1.4605670256132715 0.21304161031730373 34.48691160796443 0.17009779950603843 33.273330409778282 0.8189962372998697 13.071160717576275 109.69545089401072 3.4207578016503239 55.48517210240243 0.4075104586809174 243.30379528383492 2.0797118792543188 10.691930219531057 0.97221163229551066 3.4133545783115551 16.350882179307519 128.12227627699031 30.072915910044685 21.876711994293146 0.3852570935850963 2.0560806184075764 33.385703842854127 387.45654145849403 1307.0880218302191
leaf_count=399546 7290 644 649 246 44 10208 443 6361 66 2967 24350 31073 44933 949 762 1812 916 1553 13834 79 39 2600 29 1234 53 313 6282 243 3393 34 52637 425 508 123 243 1010 7281 1852 3727 27 36 648 12709 43545
internal_value=-0.000136856 -0.00086277 0.004342 -0.00303611 -0.0040871 -0.0276995 0.0236613 -0.00225719 0.0177155 0.0348016 -0.00329694 -0.000180074 -0.0125543 -0.101414 0.0528437 -0.0413518 -0.0512403 -0.0101379 0.0160308 0.00309377 0.00471167 0.0215943 -0.545089 0.0769157 0.0900197 0.00765786 0.00190642 0.0127696 0.0586163 -0.0297203 0.0223759 0.00383097 -0.0183862 -0.0235536 -0.145845 5.6435e-05 -0.019614 0.0874573 0.0121417 -0.295262 -0.0793244 0.00199609 0.0101672 -0.000631816
internal_weight=7789.43 7454.72 2195.91 5258.81 5059.63 363.908 199.18 4695.72 232.357 203.211 4463.36 3339.12 1124.25 29.1456 52.7434 311.165 236.304 74.8608 334.71 2158.78 2007.56 278.174 0.383139 37.13 34.0923 136.628 128.243 113.116 62.5523 7.06713 277.791 6.27436 151.212 140.52 4.38557 20.8881 136.135 31.8553 314.664 0.792768 15.1272 1729.39 420.842 1308.55
internal_count=687716 662865 123021 539844 528402 18157 11442 510245 10343 9328 499902 430619 69283 1015 3668 14489 11124 3365 24851 121090 112286 55305 68 1931 1287 7317 6874 6525 4125 732 55237 671 8804 8296 366 1772 7930 1896 11017 61 349 56981 13357 43624
is_linear=0
shrinkage=0.08


Tree=94
num_leaves=45
num_cat=0
split_feature=8 1 2 2 1 3 4 3 2 1 3 3 2 6 4 6 4 6 6 2 2 11 7 3 3 3 3 2 10 4 6 4 11 7 6 4 4 11 2 7 6 3 2 3
split_gain=12.2367 11.8183 28.8853 33.0517 62.722 34.8039 25.55 26.3917 50.8083 38.084 18.3485 18.1302 18.8568 24.0334 17.0773 16.968 16.9449 73.59 35.9379 29.4159 23.9134 22.5431 18.6682 16.712 16.5256 13.2191 13.2132 15.427 13.1812 13.0658 12.4871 11.9333 11.7499 10.6114 9.10668 8.83167 7.30561 7.07017 8.19987 6.7386 6.45944 13.9517 7.46828 7.78765
threshold=0.97881317138671886 0.80982521176338207 0.91545844078063976 0.80735492706298839 0.65599384903907787 0.83752354979515087 0.55050507187843334 0.98571136593818676 0.81284341216087352 0.93957647681236278 0.92637759447097789 0.84680575132370006 0.88774341344833385 0.09175084158778192 0.30384616553783422 0.12613636255264285 0.58571431040763866 0.33045977354049688 0.33045977354049688 0.67006802558898937 0.75905716419219982 0.92001473903656017 0.70638945698738109 0.87585616111755382 0.79469618201255809 0.9759001135826112 0.91331186890602123 0.92031747102737438 0.75000000000000011 0.73030304908752453 0.09175084158778192 0.5634920895099641 0.99925094842910778 0.88473191857337963 0.12973351776599887 0.58571431040763866 0.70714285969734203 0.48750877380371099 0.8216732144355775 0.97156333923339855 0.13100686669349673 0.43792808055877691 0.34330357611179357 0.89699381589889537
decision_type=2 2 2 2 2 2 2 2 2 2 2 2 2 2 2 2 2 2 2 2 2 2 2 2 2 2 2 2 2 2 2 2 2 2 2 2 2 2 2 2 2 2 2 2
left_child=1 2 3 16 -5 31 11 8 24 10 -10 15 13 23 -7 37 18 20 19 -1 -18 -19 -20 -13 36 -11 30 -28 -9 -26 -14 -6 40 -30 -17 -35 -8 -3 -39 -36 41 -2 -42 -44
right_child=32 6 -4 4 5 14 7 28 9 25 -12 12 26 -15 -16 34 17 21 22 -21 -22 -23 -24 -25 29 -27 27 -29 33 -31 -32 -33 -34 35 39 -37 -38 38 -40 -41 42 -43 43 -45
leaf_value=-0.0057789121099444526 -0.048508706963533155 0.37103394312956839 0.087475449745067005 0.075619122165604055 -0.066717628508088697 0.061908828766659679 -0.024556819332011318 0.0035473721343954319 -0.017381614829278788 0.021064150352698138 -0.046742476230111241 0.011650539809153362 0.084951558731597154 0.018404276704200643 -0.045186520628136995 -0.29287054944379015 0.051340505326661713 0.00674589289524584 -0.012679714142089966 -0.030630197933579861 0.0064176161659435993 -0.02990392017753488 0.0051040283336624267 -0.059334174219378887 0.061466081693152992 -0.12939266182937734 -0.015295002325177555 0.041364538695762801 0.0057782950931597309 0.010439323674636966 -0.022032559184400908 -0.16611363672648288 0.076735566241191586 -0.69574613002657248 0.019730688918916883 0.045979642833025899 0.019159992318384909 0.035759795098957443 0.085785167972970436 -0.083014559211429514 0.015477878407950667 0.052343145483849246 -0.031486917687737641 0.019082425458433902
leaf_weight=790.90925768275338 10.643802657723425 0.48292097263038058 22.312810734816594 27.367300643483759 12.39280979488103 10.356190404709194 50.522827059117844 1282.3458340051729 286.60431714831793 127.4295680928044 259.61086042576062 32.175942964589922 39.695033989235526 123.61460593390802 119.33466144341219 0.65608116856310417 225.85636545419402 194.99550587985141 478.23240123668802 496.00873610111012 114.17566461718525 239.13882870215457 1798.4714689685497 62.375704853751813 76.334390770934988 3.850211698372731 54.241406518340227 71.027748563021305 81.636251823510975 55.441626904212171 8.4726877998618857 20.547724797070259 18.584088668343611 0.10285128164105017 34.754593911100528 94.235016354825348 47.43331597938959 37.059666334782378 48.302653500402812 4.6295068063773206 166.34975985717028 50.10489693749696 55.204628347652033 30.125983165577054
leaf_count=217638 76 4 992 2680 1159 1025 3044 43580 11205 9071 10330 1497 2055 6926 5452 54 6736 7041 156039 61550 3391 5332 24689 3071 2774 251 2431 4647 14692 6075 528 922 13834 9 3640 34280 3628 2447 1879 101 3212 4997 1141 1591
internal_value=-0.000114747 -0.000784958 -0.00332415 -0.00377161 -0.0364306 -0.0552861 0.00322248 -0.00029997 -0.0110133 -0.0220378 -0.0313366 0.0193243 0.0108344 -0.00481791 -0.0366346 0.0457348 -0.00234112 0.0083865 -0.00467161 -0.0153572 0.0362563 -0.0134423 0.00136847 -0.0351781 0.0214985 0.0166515 0.0305234 0.016831 0.00636487 0.0399978 0.0661331 -0.128719 0.0149353 0.0268963 0.00272898 0.045171 -0.00338782 0.0657937 0.0640669 0.00765323 0.0112593 0.0346729 0.00560789 -0.0136334
internal_weight=7764.15 7433.14 4550.1 4527.79 189.999 162.631 2883.04 2365.55 907.227 677.495 546.215 517.489 391.603 218.166 129.691 125.885 4337.79 774.166 3563.62 1286.92 340.032 434.134 2276.7 94.5516 229.732 131.28 173.437 125.269 1458.32 131.776 48.1677 32.9405 331.013 175.974 40.0402 94.3379 97.9561 85.8452 85.3623 39.3841 312.429 60.7487 251.68 85.3306
internal_count=687716 662865 494646 493654 11238 8558 168219 138939 46378 30857 21535 29280 21155 11494 6477 8125 482416 22500 459916 279188 10127 12373 180728 4568 15521 9322 9661 7078 92561 8849 2583 2081 24851 48981 3795 34289 6672 4330 4326 3741 11017 5073 5944 2732
is_linear=0
shrinkage=0.08


Tree=95
num_leaves=45
num_cat=0
split_feature=6 11 6 4 2 0 2 7 4 5 2 1 0 4 2 4 6 1 2 5 4 6 4 1 0 4 6 1 6 6 1 4 1 4 0 0 4 4 2 2 4 2 0 8
split_gain=11.1753 33.9348 18.5668 34.9734 31.685 33.8809 33.1165 30.7032 16.3534 19.7425 13.8882 12.9133 28.8782 23.5147 85.3856 69.3693 35.6673 40.1615 31.6755 30.0007 23.3783 20.6531 12.7009 12.5073 16.6126 11.0893 19.7861 33.3114 11.7566 11.7106 23.0663 13.1592 10.662 10.528 22.3559 26.3606 15.2807 16.4131 13.1355 10.0117 12.8503 9.21387 8.7598 8.44337
threshold=1.0000000180025095e-35 0.94823637604713451 0.038838613778352744 0.43650794029235845 0.81530213356018078 0.83438816666603099 0.86222714185714733 0.98469346761703502 0.58571431040763866 1.0000000180025095e-35 0.75905716419219982 0.80982521176338207 0.87428161501884472 1.0000000180025095e-35 0.52689418196678173 0.19090909510850909 0.38138528168201452 0.51316702365875255 0.80735492706298839 1.0000000180025095e-35 0.52272728085517894 0.20881782472133639 0.78888890147209179 0.73746865987777721 0.81892696022987377 0.72077924013137828 0.20185185223817828 0.87585616111755382 0.26726190745830541 0.19098278135061267 0.89512962102890026 0.90873014926910411 0.97894504666328441 0.36931818723678594 0.95180022716522228 0.99504950642585765 0.63068181276321422 0.41428571939468389 0.84028983116149913 0.64549729228019725 0.19090909510850909 0.9495762586593629 0.91024166345596325 0.2582839578390122
decision_type=2 2 2 2 2 2 2 2 2 2 2 2 2 2 2 2 2 2 2 2 2 2 2 2 2 2 2 2 2 2 2 2 2 2 2 2 2 2 2 2 2 2 2 2
left_child=1 23 3 -2 5 10 7 22 42 -10 -5 13 21 14 16 -15 17 -4 19 -17 -20 -13 -6 24 39 26 27 -14 -28 30 -27 -31 -7 41 36 -36 37 -35 -38 40 -1 -25 -8 -18
right_child=2 -3 11 4 6 32 8 -9 9 -11 -12 12 25 15 -16 18 43 -19 20 -21 -22 -23 -24 33 -26 29 28 -29 -30 31 -32 -33 -34 34 35 -37 38 -39 -40 -41 -42 -43 -44 -45
leaf_value=-0.00684033474476605 -0.08484441085985911 0.067852277013670623 -0.030538221324670576 -0.032238191280719496 -0.12861048661697999 0.055435321103726731 0.11681806711333255 -0.62140982261119493 -0.14627839798402792 -0.019102002925853071 -0.19756116529915826 0.043861635307665188 -0.035789283659887955 -0.071496024678147696 0.071577517894679255 -0.021831016481952813 -0.046652816211654929 0.10841581488373242 -0.0059727198763799699 0.0021505542351047463 -0.069480578388165362 -0.020555179539615002 0.18514131270231038 0.038816866147254318 0.085219323161174407 0.071401497019959806 0.036524218014961279 0.0097969489165827661 0.0042467293291269682 -0.017809084064737149 -0.00079094321524749724 0.050108123222067327 -0.10199810299225273 -0.11036130773981978 0.072659315847526204 0.0023566769765764667 0.025513179517169547 -0.0081211088985896959 -0.094169023325856083 -0.017636236481907291 0.068977404217391888 -0.26679256479184466 -0.015124277685096076 0.0046790187518919541
leaf_weight=26.381211496322067 46.326950298462179 56.956302733160555 314.2641954808787 19.573027243008259 16.363386260200066 76.207496955088573 8.0895449263334722 0.794571693520992 8.5048719480546406 95.909777011329425 3.9000793380691894 179.86346634241636 133.77306242966733 106.25126657313376 110.96620966657065 419.23617164662573 20.752475535700796 13.900981353421228 67.58216565613111 1639.2545239948522 82.239440311299404 38.70979780543712 0.86962370108812947 51.833751131038298 25.609876850474393 30.31711396992614 191.12207966700953 440.10627683937491 116.08789208575035 390.42477610666538 431.14449617262289 19.153537631442305 2.8563199829222858 10.622817899697109 36.847259969712468 463.63197693080292 7.3515672314388203 186.06702394550666 29.10305530964979 40.467035446781665 31.259936090194969 0.6391619426140086 5.3502526217343975 1740.5145209139155
leaf_count=6073 14115 41753 21791 567 1136 2774 267 57 430 4572 209 8143 5102 138990 15259 121974 380 1027 4015 120045 3259 3662 8 3377 900 930 9516 26636 5043 13653 17843 1012 201 1038 1659 28849 261 7500 779 5037 5880 35 309 41650
internal_value=-9.76457e-05 0.00794823 -0.00124655 -0.0212405 -0.00888172 0.0246911 -0.0342158 -0.135196 -0.0187694 -0.0294609 -0.0597068 -0.000368732 0.00503443 -0.00272712 0.00319417 -0.00835634 -0.000437557 -0.0246522 -0.00531842 -0.00273358 -0.0408332 0.0324533 -0.112778 0.00419812 0.0278419 0.00161401 0.00794203 -0.000829344 0.0243273 -0.00478702 0.00395196 -0.014633 0.0497478 0.000476996 -0.00199903 0.00753264 -0.0224602 -0.0136429 -0.0700335 0.0128642 0.0342771 0.0350943 0.0642931 0.00407419
internal_weight=7737.18 966.771 6770.41 284.746 238.419 102.537 135.882 18.0276 117.854 104.415 23.4731 6485.66 1970.7 4514.96 2200.4 2314.56 2089.43 328.165 2208.31 2058.49 149.822 218.573 17.233 909.815 123.718 1752.13 881.089 573.879 307.21 871.04 461.462 409.578 79.0638 786.097 733.624 500.479 233.144 196.69 36.4546 98.1082 57.6411 52.4729 13.4398 1761.27
internal_count=687716 103141 584575 24645 10530 3751 6779 1201 5578 5002 776 559930 91540 468390 80107 388283 64848 22818 249293 242019 7274 11805 1144 61388 17890 79735 46297 31738 14559 33438 18773 14665 2975 43498 40086 30508 9578 8538 1040 16990 11953 3412 576 42030
is_linear=0
shrinkage=0.08


Tree=96
num_leaves=45
num_cat=0
split_feature=11 6 10 7 0 3 2 6 3 2 4 2 3 2 6 4 10 7 7 12 12 11 11 4 5 2 6 3 6 2 11 0 6 0 2 3 4 0 3 3 0 4 0 11
split_gain=14.3618 20.9865 16.6804 57.2518 22.2481 14.4596 20.3488 18.3666 10.9437 16.078 14.9046 13.3877 12.1241 26.3877 20.953 9.05568 8.88086 7.33569 15.2133 9.16144 7.07845 9.5036 19.6449 22.7491 46.4348 18.5233 18.1935 15.6493 19.0545 13.1112 9.01568 8.43457 8.13085 17.299 16.1682 11.8099 10.6575 17.2645 10.6145 11.3031 18.0156 8.36719 7.03808 6.40599
threshold=0.9652337133884431 0.069366481155157103 1.0000000180025095e-35 0.45341086387634283 0.41728855669498449 0.96684980392456066 0.8521554470062257 0.26975052058696752 0.76253134012222301 0.70647653937339794 0.47727273404598242 0.78910306096076976 0.908033847808838 0.88273492455482494 0.094044812023639693 0.5634920895099641 0.75000000000000011 0.96476501226425182 0.98469346761703502 1.0000000180025095e-35 1.0000000180025095e-35 0.80284366011619579 0.68400311470031749 0.095454547554254546 1.0000000180025095e-35 0.62316370010375988 0.38935969769954687 0.87939393520355236 0.11834733933210374 0.76506900787353527 0.89163014292716991 0.7320508360862733 0.20185185223817828 0.423303171992302 0.27518594264984136 0.31698563694953924 0.61250001192092907 0.90366768836975109 0.31698563694953924 0.982753485441208 0.7228132188320161 0.43650794029235845 0.52689418196678173 0.34111164510250097
decision_type=2 2 2 2 2 2 2 2 2 2 2 2 2 2 2 2 2 2 2 2 2 2 2 2 2 2 2 2 2 2 2 2 2 2 2 2 2 2 2 2 2 2 2 2
left_child=2 -2 3 43 -5 6 7 -3 9 10 -6 -11 13 -10 -14 -9 -7 -18 19 -19 21 22 -4 42 -25 26 31 28 -27 -29 -28 -23 33 34 35 -22 41 -38 -34 40 -40 -35 -24 -1
right_child=1 5 20 4 8 16 -8 15 12 11 -12 -13 14 -15 -16 -17 17 18 -20 -21 32 25 23 24 -26 27 30 29 -30 -31 -32 -33 38 36 -36 -37 37 -39 39 -41 -42 -43 -44 -45
leaf_value=0.13027529363417276 0.065527539233883353 0.051090045016181876 -0.0004695948823940975 0.079428058794194345 -0.035245225530631689 0.0067978795343391308 -0.079431954556424184 0.069840129563725137 0.0011726212340355889 -0.096009179113243304 0.015648615119754791 0.01174667811185688 -0.028385319007065396 0.063791522992548602 -0.00081498902455163786 -0.03553293667067562 0.046842767857348477 -0.046128921655311531 0.055925755325196579 0.057260770287115764 -0.012522556535382255 -0.013498180437246137 0.016602626443634548 -0.030088911635710574 0.043577881366501522 -0.010074146495394879 -0.098650850211728203 -0.037863288366604499 -0.053766606864634192 0.0075662635419714176 0.023316790584994918 0.058630196885104138 0.017936472316675039 0.011765109997958332 -0.058799703208655928 0.11955887548454194 -0.0689791672658632 0.010534244089195025 -0.0007226573555441973 0.014755962024532035 -0.036304064868841225 0.036569529226957685 0.098729541788509012 -0.072085518111095453
leaf_weight=1.0125478389963962 43.543225694389548 30.610524594492745 3201.8980963143404 20.068358948163223 78.593405447725672 308.7588470003102 26.131813232146669 5.7849589174147686 395.41322746330115 29.420832571719075 69.299369266140275 9.8495025987795071 240.43368896693573 48.33437250208226 662.59243830444757 53.41457592882216 80.501081460504793 27.200935991713777 26.056169287185185 6.8706486091250545 13.333417334128173 12.916124898940323 8.6757925946731103 94.383246639714343 130.45124468093854 146.72957561607473 9.7667073584161717 50.521184252807871 113.13385808316525 208.25464076304343 6.4338524574413887 52.760822363197803 181.70335027878173 153.15931367839221 38.086305158911273 6.417986241169273 19.477328007807955 170.12449258659035 338.25813493115129 153.37723404425196 124.62511061260011 201.60155690414831 29.005308328545652 89.198650434380397
leaf_count=356 34843 821 136108 1296 24410 4951 765 113 11525 1556 1360 361 5903 750 8097 618 9257 1349 13821 1326 106 217 425 3848 10359 4929 95 1296 1795 15934 134 1224 4725 6456 637 58 785 21306 6461 6809 2740 13677 1708 322830
internal_value=0.000219041 0.012011 -0.000790878 -0.00785566 -0.00425892 0.00788906 -0.0172997 0.000778739 -0.00535379 -0.0234799 -0.0113975 -0.0689826 -0.00283477 0.00799327 -0.00815568 -0.0252359 0.0143878 0.0310518 0.00991023 -0.02528 0.00133462 -0.000355136 0.00125534 0.0222944 0.0126533 -0.00964608 0.0257159 -0.0152287 -0.029096 -0.00130301 -0.0502129 0.0444453 0.00624028 0.0132579 -0.0283397 0.0303958 0.0176776 0.00236603 0.000944282 -0.00406584 -0.0103025 0.0258608 0.0798204 -0.0698142
internal_weight=7718.18 608.873 7109.31 1644.22 1554.01 565.33 115.942 89.8101 1533.94 187.163 147.893 39.2703 1346.77 443.748 903.026 59.1995 449.388 140.629 60.1278 34.0716 5465.09 4064.93 3464.41 262.516 224.834 600.517 81.8775 518.639 259.863 258.776 16.2006 65.6769 1400.16 602.2 57.8377 19.7514 544.363 189.602 797.964 616.26 462.883 354.761 37.6811 90.2112
internal_count=688140 67864 620276 378444 55258 33021 2317 1552 53962 27687 25770 1917 26275 12275 14000 731 30704 25753 16496 2675 241832 178072 152448 16340 14207 25624 1670 23954 6724 17230 229 1441 63760 43025 801 164 42224 22091 20735 16010 9201 20133 2133 323186
is_linear=0
shrinkage=0.08


Tree=97
num_leaves=45
num_cat=0
split_feature=8 10 7 1 3 7 6 4 12 7 7 5 3 5 8 3 2 4 7 1 4 3 2 2 6 7 10 7 8 3 6 7 1 2 8 0 8 7 3 8 2 2 2 4
split_gain=12.5844 13.394 52.7452 18.0083 12.7215 13.614 16.1438 11.331 11.146 10.8794 27.8255 43.021 17.7425 14.9388 12.872 10.7681 10.1919 21.2663 9.71653 9.17318 9.81823 10.4214 19.5706 8.31435 9.06408 9.05365 7.69369 7.61615 15.6568 8.99796 7.43512 7.02347 6.21855 8.0795 5.8155 5.39112 5.23661 8.76981 5.20796 5.01661 4.33956 4.28299 6.99671 14.9478
threshold=0.92870518565177929 1.0000000180025095e-35 0.45341086387634283 0.31662489473819738 0.79469618201255809 0.93035691976547252 0.29679679870605474 0.90873014926910411 1.0000000180025095e-35 0.94151845574378978 0.99814125895500194 1.0000000180025095e-35 0.93419912457466137 1.0000000180025095e-35 0.92337051033973705 0.88493064045906078 0.61143791675567638 0.47727273404598242 0.92699080705642711 0.71834936738014232 0.61250001192092907 0.97646731138229381 0.8216732144355775 0.85857143998146068 0.58876052498817455 0.91388580203056347 0.75000000000000011 0.91388580203056347 0.50108224153518688 0.97646731138229381 0.027402402833104137 0.91388580203056347 0.84660634398460399 0.71010184288024913 0.90336728096008312 0.93788579106330883 0.22611077129840854 0.28136573731899267 0.31698563694953924 0.38901458680629736 0.97332859039306652 0.92805382609367382 0.73942822217941295 0.29285715520381933
decision_type=2 2 2 2 2 2 2 2 2 2 2 2 2 2 2 2 2 2 2 2 2 2 2 2 2 2 2 2 2 2 2 2 2 2 2 2 2 2 2 2 2 2 2 2
left_child=1 2 36 -4 16 15 -7 41 9 27 11 14 -13 26 -11 -6 17 -5 -18 23 32 22 -22 24 30 -26 -12 34 39 -30 -10 -23 33 -21 -3 -36 37 -1 -38 -29 -34 42 43 -2
right_child=7 8 3 4 5 6 -8 -9 19 10 13 12 -14 -15 -16 -17 18 -19 -20 20 21 31 -24 -25 25 -27 -28 28 29 -31 -32 -33 40 -35 35 -37 38 -39 -40 -41 -42 -43 -44 -45
leaf_value=0.016658330945304941 0.0032229289046763259 -0.00025080046537934961 0.091997853972445934 -0.034710596995239186 0.011403994494291747 0.04207846510553135 -0.025259342062440786 0.080805098121204025 0.03976479778111694 -0.0037613379797201692 0.055827395476419364 -0.089754754176530727 -0.021690531463166018 0.048028866654881062 -0.11833660314675008 -0.0080905473735816396 -0.026905607762810316 0.042626618693359715 -0.084500404099599538 0.055787587627652735 0.01527574027696459 0.010294456072695924 -0.052833067460790889 0.094375715795745635 0.0033731974050439819 0.038906875088842358 -0.0035783247568256897 0.0072358321168526085 0.013684648276383729 0.059352582773944451 -0.0075157490407027506 0.053766853182559825 0.046831827729100634 0.0094675911340383976 -0.10625528158444453 0.026887074620176112 0.18928856614518455 0.83414393096988104 -0.074149547498358712 -0.069309455707822376 -0.062352940514321019 0.030953908236012514 -0.0024874004088003949 0.030060810237021753
leaf_weight=2.39852696887101 435.93299895408563 2674.3305551436206 12.396214467851676 54.455117380013689 224.12382377387257 86.034185194061138 30.995032936567441 13.623658462835008 22.267691995599307 224.06858353863936 14.566412972752003 75.011469536228105 36.407290198549163 44.787730670243036 6.4562793289078391 949.95197151349566 106.07548848162696 39.091883683257038 22.77101724233944 29.149722299538553 61.583619706449099 203.77515795006184 48.082272270461544 6.0822572422912335 152.19276662683114 65.701435165130533 331.16758594539715 7.875813840422782 227.2184443899896 31.43192747264402 483.06011598953046 26.928196168504655 84.667402582825162 139.13760155509226 6.2081029850523901 2.8353028880665079 0.48313498561037604 0.087034181502531172 81.142045661967131 18.010788982035592 2.3956241218838832 47.064038735348731 368.75879450765206 191.01764260279015
leaf_count=1530 8667 149001 929 20601 7349 953 208 15628 586 2406 1055 1200 3077 9266 100 15284 9176 793 162 991 4543 20751 2999 790 2274 2622 4768 50 3753 3554 11741 11864 9537 5047 122 325 11 28 321617 101 352 5507 18867 7955
internal_value=0.000208576 -0.00108256 -0.00743269 -0.00403306 -0.0048196 -0.00177557 0.0242441 0.00831842 0.000951852 -0.00130267 -0.0100344 -0.0266978 -0.067514 0.00455617 -0.00697023 -0.00436916 -0.0224917 -0.00239254 -0.0370843 0.00724801 0.014613 0.00571732 -0.0145861 0.00123205 0.000448722 0.0140876 -0.00107545 0.000852285 0.0132975 0.0192343 -0.00543229 0.0153686 0.0264705 0.0174909 -0.000467372 -0.0645123 -0.069107 0.0452833 -0.0725903 -0.0460211 0.0438275 0.00737139 0.00625672 0.0113998
internal_weight=7691.8 6635.41 1610.01 1525.89 1513.5 1291.11 117.029 1056.4 5025.4 3700.38 732.465 341.944 111.419 390.522 230.525 1174.08 222.394 93.547 128.847 1325.02 595.72 340.369 109.666 729.304 723.222 217.894 345.734 2967.91 284.537 258.65 505.328 230.703 255.35 168.287 2683.37 9.04341 84.1107 2.48556 81.6252 25.8866 87.063 1042.77 995.709 626.951
internal_count=688140 631516 378641 55455 54526 23794 1161 56624 252875 178778 21872 6783 4277 15089 2506 22633 30732 21394 9338 74097 56084 40157 7542 18013 17223 4896 5823 156906 7458 7307 12327 32615 15927 6038 149448 447 323186 1558 321628 151 9889 40996 35489 16622
is_linear=0
shrinkage=0.08


Tree=98
num_leaves=45
num_cat=0
split_feature=8 10 7 1 3 7 6 4 12 7 7 4 8 6 3 2 4 3 7 1 4 4 4 7 2 6 7 10 4 7 8 3 6 1 0 12 8 7 8 6 8 7 10 6
split_gain=10.7153 11.4395 48.818 16.2229 10.845 12.0206 17.7973 10.62 9.52498 9.12848 23.1077 31.9908 15.5741 12.9872 8.95675 8.54044 18.2329 8.10518 8.02295 7.9307 8.60966 9.06057 18.2703 10.9989 7.72389 7.74347 8.06512 7.27176 6.90132 6.53012 13.4574 8.40571 6.34719 5.71328 8.1895 5.2636 5.48259 12.1198 4.73589 5.07098 4.42021 3.93121 12.59 10.039
threshold=0.92870518565177929 1.0000000180025095e-35 0.45341086387634283 0.31662489473819738 0.79469618201255809 0.94349297881126415 0.2522727251052857 0.90873014926910411 1.0000000180025095e-35 0.94151845574378978 0.99814125895500194 0.27922078967094427 0.92337051033973705 0.63211598992347728 0.59317129850387584 0.61143791675567638 0.47727273404598242 0.88493064045906078 0.92699080705642711 0.71834936738014232 0.61250001192092907 0.88194444775581371 0.80909091234207164 0.47084967792034155 0.85857143998146068 0.58876052498817455 0.91388580203056347 0.75000000000000011 0.10555555671453477 0.91388580203056347 0.50108224153518688 0.97646731138229381 0.027402402833104137 0.84660634398460399 0.94804319739341747 1.0000000180025095e-35 0.2582839578390122 0.26269999146461492 0.90336728096008312 0.030776515603065494 0.38901458680629736 0.95672976970672619 0.75000000000000011 0.048003071919083602
decision_type=2 2 2 2 2 2 2 2 2 2 2 2 2 2 2 2 2 2 2 2 2 2 2 2 2 2 2 2 2 2 2 2 2 2 2 2 2 2 2 2 2 2 2 2
left_child=1 2 35 -4 15 17 -7 41 9 29 11 12 -11 -13 27 16 -5 -6 -17 24 33 22 -22 -23 25 32 -27 -12 -16 38 40 -32 -10 34 -21 -1 37 -37 -3 -40 -31 42 43 -2
right_child=7 8 3 4 5 6 -8 -9 19 10 14 13 -14 -15 28 18 -18 -19 -20 20 21 23 -24 -25 -26 26 -28 -29 -30 30 31 -33 -34 -35 -36 36 -38 -39 39 -41 -42 -43 -44 -45
leaf_value=-0.078934328926350786 -0.046266482262715132 -0.00023074115870298239 0.090369469414974382 -0.032446686190013729 0.0098163220231458972 0.057275354072390088 -0.020418741100889849 0.080754447587932127 0.037013230800334335 0.00032336364890400005 0.08543978360184977 -0.049956901509014669 -0.15621283092550806 -0.3182466863400833 0.081645939965820674 -0.024802894270746084 0.039573970531252146 -0.0068088150387723744 -0.076932327252638294 0.0089578520200237228 0.0037950558138187293 0.0076981665000173064 -0.076740715405591853 0.067580230382130888 0.094831703722330851 0.0031073023214635113 0.037039209325477662 -0.0041533440137106132 0.017517557250807197 0.006638259256785157 0.012643620130787387 0.057901230084700279 -0.0069043833924150666 0.041904704892818771 0.059223745274200511 0.027826534219269755 -0.046981925416866632 0.65953602946252177 -0.26733743711255636 -0.040753704609305309 -0.065416966679123625 0.0037809396516545741 0.03291099640733839 0.0084189276757549447
leaf_weight=62.387920515757287 25.812617095536552 2674.2690494745038 11.641128921866764 53.62973375475849 232.18678840494249 50.550084506976418 30.108233273494989 12.583791491109876 22.019964949344285 192.65303908358328 5.9146641829283899 148.66750540788053 4.1554942298680535 1.1637904047965992 12.500657617114483 105.87167619526736 38.753369418293005 979.03377562033711 22.999855369329453 142.0003137626918 229.10591147706145 60.476041033864021 19.567819893360138 29.065273429849185 5.5886942958459249 152.00684628135059 63.58267256396357 293.67134758725297 76.262824242236093 7.8970788337755975 226.29274047212675 29.713308449252509 483.73769460699987 83.927669062570203 24.292680129758082 2.1472304563503744 13.705656134639865 0.21372239809716109 0.68193420377792691 8.6574824757408333 17.574235930573195 752.03493471315596 132.16183957003523 128.1367814814439
leaf_count=314269 210 149001 929 20601 7417 596 202 15628 586 1742 520 4966 58 17 815 9176 793 15579 162 4796 15529 1653 769 22206 790 2274 2622 2721 11033 50 3753 3554 11741 9889 1242 364 8506 47 191 256 101 34563 5150 1073
internal_value=0.000197893 -0.000993547 -0.00687608 -0.00370951 -0.0044333 -0.00163045 0.0282736 0.00770292 0.000886854 -0.00119182 -0.00917291 -0.024187 -0.0029818 -0.0520408 0.00422865 -0.0207988 -0.00223507 -0.00362183 -0.0341065 0.00673406 0.0136384 0.005315 -0.0025422 0.027136 0.0011452 0.000419358 0.0131147 -0.00238453 0.0265488 0.000786544 0.0123789 0.0178964 -0.00499227 0.0248888 0.0163009 -0.0684187 -0.0275858 0.0850113 -0.000429345 -0.0572981 -0.0430771 0.00681743 0.0147988 -0.000750147
internal_weight=7669.41 6618.68 1603.23 1524.77 1513.13 1291.88 80.6583 1050.73 5015.45 3700.08 734.989 346.64 196.809 149.831 388.349 221.255 92.3831 1211.22 128.872 1315.37 588.436 338.215 248.674 89.5413 726.936 721.347 215.59 299.586 88.7635 2965.09 281.477 256.006 505.758 250.221 166.293 78.4545 16.0666 2.36095 2683.61 9.33942 25.4713 1038.15 286.111 153.949
internal_count=688140 631516 378641 55455 54526 23794 798 56624 252875 178778 21872 6783 1800 4983 15089 30732 21394 22996 9338 74097 56084 40157 16298 23859 18013 17223 4896 3241 11848 156906 7458 7307 12327 15927 6038 323186 8917 411 149448 447 151 40996 6433 1283
is_linear=0
shrinkage=0.08


Tree=99
num_leaves=45
num_cat=0
split_feature=12 11 6 4 6 4 6 6 6 4 2 11 10 8 2 0 0 11 1 2 2 0 4 2 10 2 7 4 0 8 11 11 10 4 2 2 4 4 10 11 7 0 4 6
split_gain=12.5773 15.3809 7.78334 8.58338 7.89307 15.4833 12.6824 7.17908 21.7454 19.5085 18.0476 15.9035 14.7523 16.4185 13.8579 13.0798 10.426 9.86162 9.36926 11.5577 8.58281 19.2476 7.95625 7.57937 40.9479 19.7007 6.95742 6.32622 13.1161 6.74752 6.20915 6.12888 7.46955 8.31036 7.4517 6.57597 27.4597 16.1897 9.76407 9.83545 8.42162 8.19654 5.96152 5.86144
threshold=1.0000000180025095e-35 0.95295411348342907 0.080540537834167494 0.73030304908752453 0.38138528168201452 0.58571431040763866 0.51538825035095226 1.0000000180025095e-35 0.033908046782016761 0.47727273404598242 0.83796653151512157 0.56757310032844555 0.75000000000000011 0.41039136052131658 0.88493064045906078 0.81530213356018078 0.27334994077682501 0.55970329046249401 0.90815371274948131 0.99504950642585765 0.93405798077583324 0.93405798077583324 0.86190477013587963 0.24525599926710132 0.75000000000000011 0.43521307408809667 0.97156333923339855 0.61250001192092907 0.96039214730262767 0.96015870571136486 0.79175817966461193 0.38431020081043249 0.35000000149011617 0.38750000298023229 0.26272648572921758 0.41712453961372381 0.080128207802772536 0.19090909510850909 0.75000000000000011 0.52241802215576183 0.64624765515327465 0.423303171992302 0.63068181276321422 0.27622890472412115
decision_type=2 2 2 2 2 2 2 2 2 2 2 2 2 2 2 2 2 2 2 2 2 2 2 2 2 2 2 2 2 2 2 2 2 2 2 2 2 2 2 2 2 2 2 2
left_child=7 26 -3 4 -4 -6 -7 12 9 30 15 -12 -1 16 -13 -11 -14 -15 -18 -20 22 -22 23 24 -10 -25 31 29 -29 -23 -9 32 33 -2 -34 38 41 -38 40 -40 -33 -37 -17 -5
right_child=1 2 3 43 5 6 -8 8 20 10 11 14 13 17 -16 42 18 -19 19 -21 21 27 -24 25 -26 -27 -28 28 -30 -31 -32 35 34 -35 -36 36 37 -39 39 -41 -42 -43 -44 -45
leaf_value=0.00026625360336861531 0.095577749584586758 0.077909980833749198 0.066580965329115727 0.020146295565004958 0.057719874970691469 -0.012314961832536339 -0.20117529529398326 -0.087639851097772489 0.092075418821126673 -0.1056631600839201 0.035141823299010673 -0.17158499938782554 1.3183624364990139 -0.072279315852839851 -0.053987723239421727 0.0099986796316487072 -0.0095401662698828323 0.034341039493563714 0.5937970677873271 0.12712292094730962 0.088874191602011141 -0.0095438901679290276 0.041646039387697689 -0.023176331751444165 -0.00064033104658234763 -0.0034571780316261895 0.020503658360167955 0.097147550236010544 0.0067673685603604605 -0.15196082153484677 -0.19622312965895816 -0.050166039615205452 0.015494325826372325 -0.092312045869672885 -0.094292670979398779 0.0060155135032088558 -0.072970620529428584 0.00099261957193984914 -0.0019868814880150453 -0.033166311619988488 0.086261596696711434 0.071947799061122072 0.07929704380825571 -0.021314860365646452
leaf_weight=610.02679349899699 12.525742393685503 17.154316287953407 38.890612596122082 60.603497363743372 23.128311721724458 13.418804690008985 2.7403508715797207 13.069037942128491 31.295477955587558 4.8816631330846567 10.466693144291638 7.7613416023887103 0.057092714065219652 5.891037229273933 36.925797374438844 22.826557152802707 0.72604949725791823 96.46417209887295 0.64019941468723118 0.72345716925337911 19.865304106730036 59.271097939774336 24.951778258022387 364.82251126134361 1179.0786496562941 2915.8585755797467 130.31321437621955 11.827137130094341 78.371216010287753 2.2084570255829012 4.5417205520207053 3.8912760566454372 106.88726247753948 1.7125711254775513 4.1088034672429776 16.429584630066529 19.219662238756428 1303.0535086053424 161.09154424420558 108.26689620711841 11.31980110122822 45.450535764277447 12.186562980794404 34.101865651085973
leaf_count=42188 611 17022 5429 5216 4093 1339 201 6705 2029 154 48 738 17 883 1997 1225 395 23649 52 67 800 2776 1049 66337 20845 403620 5766 625 2938 493 62 542 2363 9 328 568 2093 53870 2163 740 320 4496 300 1164
internal_value=-0.000446164 0.00479981 0.0265123 0.0214124 0.0410319 0.0157409 -0.0443428 -0.00245743 -0.00357106 -0.0383033 -0.0239737 -0.0536219 0.00502395 0.0327969 -0.0744122 0.0170143 0.251751 0.0282045 0.22261 0.346214 -0.00273632 0.0148276 -0.00340349 -0.00365378 0.00175693 -0.00565001 0.00265552 0.00512974 0.0186183 -0.0146598 -0.115643 0.00135903 0.0184279 0.0729785 0.0114303 7.80447e-05 0.00235513 -8.24597e-05 -0.0109978 -0.0145193 0.0513609 0.0544423 0.0341185 0.00521681
internal_weight=7629.05 2114.31 190.038 172.883 78.1781 39.2875 16.1592 5514.74 4800.21 112.659 95.0486 55.1538 714.529 104.502 44.6871 39.8948 2.1468 102.355 2.08971 1.36366 4687.55 171.543 4516.01 4491.06 1210.37 3280.68 1924.27 151.678 90.1984 61.4796 17.6108 1793.96 125.234 14.2383 110.996 1668.72 1384.15 1322.27 284.57 269.358 15.2111 61.8801 35.0131 94.7054
internal_count=688325 108333 34464 17442 11062 5633 1540 579992 512741 11229 4462 2783 67251 25063 2735 1679 531 24532 514 119 501512 7632 493880 492831 22874 469957 73869 6832 3563 3269 6767 68103 3311 620 2691 64792 61027 55963 3765 2903 862 5064 1525 6380
is_linear=0
shrinkage=0.08


Tree=100
num_leaves=45
num_cat=0
split_feature=3 0 2 3 6 2 0 4 4 6 6 1 2 0 0 4 7 10 0 8 7 11 2 2 7 0 4 0 4 12 2 4 1 1 1 0 4 1 1 4 2 8 8 8
split_gain=12.904 25.2169 18.5582 29.8221 80.0467 25.1639 19.5536 18.9926 22.1402 39.0955 18.858 18.3178 17.6591 28.4456 19.3643 17.3888 16.4547 15.9726 15.5509 14.6405 14.3965 15.8065 12.4826 12.421 10.2025 10.1383 10.0923 8.7102 21.5373 8.10469 8.06014 7.59982 13.3581 12.0401 5.94186 5.74896 5.72648 7.71392 5.08973 5.02818 4.96439 7.17001 9.51763 6.87157
threshold=0.98571136593818676 0.93957647681236278 0.9569842815399171 0.95040982961654674 0.056349206715822227 0.93582704663276683 0.95180022716522228 0.90873014926910411 0.72077924013137828 0.12613636255264285 1.0000000180025095e-35 0.79784947633743297 0.91545844078063976 0.89699381589889537 0.95180022716522228 0.30384616553783422 0.98469346761703502 0.75000000000000011 0.97801932692527782 0.43085423111915594 0.4879500567913056 0.57238981127738964 0.77303028106689464 0.62563130259513866 0.82554244995117199 0.95040982961654674 0.70714285969734203 0.97801932692527782 0.61250001192092907 1.0000000180025095e-35 0.90054944157600414 0.58571431040763866 0.57307061553001415 0.65419578552246105 0.8521554470062257 0.91715687513351452 0.47727273404598242 0.65240275859832775 0.96039214730262767 0.63068181276321422 0.83424907922744762 0.97881317138671886 0.94715359807014476 0.33403068780899053
decision_type=2 2 2 2 2 2 2 2 2 2 2 2 2 2 2 2 2 2 2 2 2 2 2 2 2 2 2 2 2 2 2 2 2 2 2 2 2 2 2 2 2 2 2 2
left_child=2 15 3 5 6 7 11 8 19 -10 -8 -5 13 23 -15 -2 27 -13 -4 -1 21 39 34 -6 35 -26 -12 28 38 36 -17 32 -31 -33 -9 -14 -29 -38 -3 -7 41 42 43 -18
right_child=1 16 18 4 12 20 10 22 9 -11 26 17 24 14 -16 30 40 -19 -20 -21 -22 -23 -24 -25 25 -27 -28 29 -30 31 -32 33 -34 -35 -36 -37 37 -39 -40 -41 -42 -43 -44 -45
leaf_value=-0.010641370872230126 -0.10928630555723294 -0.21297646075477772 0.051674909523688604 0.12406783407913047 -0.3751579768336466 0.017427185116998142 0.069330101842795575 0.13937779817722962 0.056316191501028526 -0.044480653581687152 -0.15615009884299297 -0.11498501646068514 0.10210865677015607 -0.084420295483426139 0.021670293665950708 0.092280392728832122 -0.56678419533131552 -0.28667641732356669 -0.029771975932170628 0.00027306064339715342 0.072967040810799175 -0.1062838041585628 0.073943467566530877 0.036976101882432305 0.085446539288068876 -0.10224689498587999 0.033784169268965651 0.036974574191828383 0.086473736091237971 -0.028110639927714256 -0.12741820301992715 -0.070205735109144241 0.051044664009915836 0.0091427711874051219 0.0026751075654110746 0.00085629091054489112 -0.024700378784526609 0.00043140208461288408 -0.54273846567347694 0.11247681021324654 0.077458797861381254 0.074987516100370327 -0.11785587320500934 0.033616805997340363
leaf_weight=998.103057547567 3.2050356535182791 0.56032829092873659 68.834288348269183 1.9420127407065582 0.47398485979647276 28.382425107061863 7.9189570164744536 2.1366143726918372 28.911677648808109 166.17905389146472 6.1933114045532403 56.189036024225061 3.8842079980386179 43.384870517329546 14.756163445781565 34.002932906136266 0.12331528903451072 3.6959444609237826 19.184881470246182 3711.2495534409027 44.373793112637941 6.6200217892910578 33.086451820126968 37.145065979028004 23.345926897833127 1.9995780471363094 2.5185623106663115 25.927305909761344 1.2324219545116646 17.46547044091858 1.1034109928150417 12.556140348664483 62.373828927869909 483.9233071958588 42.75554259805358 47.201246369833825 82.688807084341533 1428.5102224183938 0.6436482587014325 4.073146414011716 22.211354611063143 11.181534746370742 3.8634504636866032 11.422086140606551
leaf_count=363024 639 55 5161 127 191 212 736 54 749 5184 175 1885 145 2402 420 1416 14 299 1225 144860 3747 748 5324 2652 2763 133 63 3027 64 704 59 279 2481 40841 7004 1720 4374 57674 47 29 17071 5983 494 2071
internal_value=-0.000407655 0.00475297 -0.00251123 -0.00311442 -0.0300508 -0.00178166 -0.0970263 -0.00251136 -0.00313417 -0.029543 -0.0200216 -0.11774 0.000466195 -0.022422 -0.0574946 0.0690903 0.00361431 -0.125581 0.0339225 -0.00204015 0.0417856 0.00637634 0.03666 0.0317834 0.0291427 0.0706389 -0.101241 0.00255503 -0.14862 0.00272931 0.0853751 0.01082 0.0337288 0.00713602 0.00918139 0.00855487 -0.000304159 -0.000943742 -0.389268 0.0293558 0.0495411 0.026221 -0.00916677 0.027204
internal_weight=7607.53 2202.99 5404.54 5316.52 250.649 5065.87 78.4578 4982.42 4904.44 195.091 16.6308 61.827 172.191 95.7601 58.141 38.3114 2164.68 59.885 88.0192 4709.35 83.4494 39.0756 77.9786 37.6191 76.431 25.3455 8.71187 2115.88 2.4364 2113.45 35.1063 576.319 79.8393 496.479 44.8922 51.0855 1537.13 1511.2 1.20398 32.4556 48.8017 26.5904 15.4089 11.5454
internal_count=688325 137293 551032 544646 13711 530935 3285 526199 513817 5933 974 2311 10426 5665 2822 2114 135179 2184 6386 507884 4736 989 12382 2843 4761 2896 238 109546 166 109380 1475 44305 3185 41120 7058 1865 65075 62048 102 241 25633 8562 2579 2085
is_linear=0
shrinkage=0.08


Tree=101
num_leaves=45
num_cat=0
split_feature=3 0 2 3 6 1 2 1 0 7 5 6 0 0 5 6 3 0 3 3 2 0 7 2 11 7 10 3 2 6 0 11 3 3 5 0 6 7 12 7 2 1 0 1
split_gain=10.9888 22.6909 16.0926 27.3193 79.3439 20.3245 19.8676 15.0102 20.086 14.8504 14.8249 35.1627 13.3467 13.2282 13.2146 12.1107 57.6323 37.3209 46.2529 36.157 25.6039 20.0723 11.7587 11.2354 10.5178 15.6381 9.68807 9.51148 26.5577 12.0877 10.7228 8.63325 17.3639 26.8502 7.92684 7.36184 7.15606 7.09094 6.93167 7.36119 7.63951 6.51667 6.37547 12.2396
threshold=0.98571136593818676 0.93957647681236278 0.9495762586593629 0.95040982961654674 0.095695972442626967 0.79784947633743297 0.93582704663276683 0.91545844078063976 0.89699381589889537 0.98469346761703502 1.0000000180025095e-35 0.027402402833104137 0.95180022716522228 0.99504950642585765 1.0000000180025095e-35 0.12613636255264285 0.93201079964637767 0.7228132188320161 0.86729559302330028 0.49205549061298376 0.63453349471092235 0.94804319739341747 0.82554244995117199 0.62563130259513866 0.92001473903656017 0.90957191586494457 0.35000000149011617 0.96178188920021068 0.96214476227760326 0.060915276408195503 0.98076212406158458 0.97654697299003612 0.96824595332145702 0.96449580788612377 1.0000000180025095e-35 0.99504950642585765 0.11483516544103624 0.96186840534210216 1.0000000180025095e-35 0.88473191857337963 0.80217391252517711 0.90054944157600414 0.96590468287467968 0.93957647681236278
decision_type=2 2 2 2 2 2 2 2 2 2 2 2 2 2 2 2 2 2 2 2 2 2 2 2 2 2 2 2 2 2 2 2 2 2 2 2 2 2 2 2 2 2 2 2
left_child=2 34 3 6 5 -5 15 8 23 38 11 31 -10 26 -8 16 19 18 -17 -1 -19 -18 -9 -6 -13 -26 -7 -12 29 -29 -30 -4 33 -33 -2 -16 -37 -27 42 -40 -41 -36 43 -3
right_child=1 9 10 4 7 13 14 22 12 -11 27 24 -14 -15 35 17 21 20 -20 -21 -22 -23 -24 -25 25 37 -28 28 30 -31 -32 32 -34 -35 41 36 -38 -39 39 40 -42 -43 -44 -45
leaf_value=-0.041247249445488542 -0.10260328335345126 0.099173633611895323 0.069396112782040373 0.10935011952833801 -0.37173858507397611 -0.10149834285180392 -0.062022555689206726 0.0099479569934922928 -0.072227049622238457 0.04805498149571328 0.058517864335019223 -0.11153648473833412 0.018679725758871141 0.10398934430084708 0.064262541255378683 -0.00074722242327108839 -0.063705528141212497 0.0084541566348197913 0.092680830293672023 0.010849929423986732 -0.023451922125017195 0.093856541273647814 0.084460273743863473 0.034356951228810891 -0.64535016014155888 -0.0090967266299128748 -0.20613406323049269 -0.13264772820192647 0.073072717938321999 0.097483529815129186 -0.018693422402358315 0.080200013745863261 0.080602194604337929 -2.0692240380964524 0.081660432460944427 0.049896386862474398 -0.21414661814909788 -0.35708511464249959 0.0052166598838327763 0.0021963935054169119 0.043674128655593843 -0.11067203025751556 -0.00027267051239205682 -0.35992169795911305
leaf_weight=90.949760797768249 1.682251367237767 0.64781111769843736 10.208585034517455 2.9430504372285204 0.44160115790145837 65.032532739511225 6.6708292065741253 43.805725002282998 39.836046305543277 46.524592871137429 59.808218483551173 5.7500804850205887 13.957852497071142 1.8870296643290192 50.420869115099777 2330.8617975553498 94.828740557190031 198.10306375338405 34.413531812882866 1362.7863419857604 858.70216438146599 5.4732242088721241 19.627888330956921 34.545909183318145 0.65370815421920303 0.77879573532845803 6.2033370951539828 9.475392348787862 25.146267538875691 1.726969872979679 12.056590527499791 0.074342744133901628 0.27078598039224744 0.074436722497921437 33.599059257889166 1.4141336261673125 1.2267903004685647 0.72236951335798949 453.16123035969213 46.524323413148522 73.029610933037475 1.1666050143976452 1537.1787365210257 0.87183891066524666
leaf_count=9748 118 29 699 420 191 2312 459 1559 2279 25633 4459 406 397 59 2841 255859 4218 35212 5050 151111 64498 503 2540 2267 30 42 426 290 1973 137 752 32 72 33 1940 64 32 62 23833 2659 17877 56 65096 52
internal_value=-0.000368282 0.0044043 -0.00231099 -0.00298922 -0.0300576 -0.096776 -0.00176217 0.00328335 -0.0179517 0.00334705 0.0258578 -0.0402549 -0.0486396 -0.105072 0.0441012 -0.00231271 0.00354386 -0.0049723 0.000612107 0.00759059 -0.017471 -0.0551078 0.0330039 0.0292313 -0.168027 -0.318767 -0.11061 0.0371806 0.0108168 -0.0971704 0.0433334 0.0547789 -0.300878 -0.995191 0.0669997 0.0574428 -0.0727597 -0.176551 0.00236192 0.0098752 0.0275331 0.0752065 -0.000434582 -0.164214
internal_weight=7585.26 2194.39 5390.88 5264.13 228.281 76.0659 5035.85 152.215 88.7814 2157.94 126.747 18.5331 53.7939 73.1229 59.7326 4976.12 1554.04 3422.08 2365.28 1453.74 1056.81 100.302 63.4336 34.9875 7.90495 2.15487 71.2359 108.213 48.4052 11.2024 37.2029 10.6282 0.419565 0.148779 36.4479 53.0618 2.64092 1.50117 2111.41 572.715 119.554 34.7657 1538.7 1.51965
internal_count=688325 137293 551032 542045 12450 3217 529595 9233 5134 135179 8987 1376 2676 2797 3396 526199 165580 360619 260909 160859 99710 4721 4099 2458 540 134 2738 7611 3152 427 2725 836 137 65 2114 2937 96 104 109546 44369 20536 1996 65177 81
is_linear=0
shrinkage=0.08


Tree=102
num_leaves=45
num_cat=0
split_feature=12 7 4 11 4 11 6 4 4 8 8 4 4 10 8 10 5 7 0 10 5 8 2 4 6 1 2 1 4 2 4 4 11 4 1 11 8 2 7 7 6 11 7 8
split_gain=8.51364 8.79415 8.1527 9.16376 8.85058 7.17986 11.0151 20.5577 10.1303 7.2044 6.85817 8.19131 6.34493 6.32995 7.16876 20.5903 11.8199 6.29119 6.18674 46.0587 29.9168 20.8857 19.4527 38.2082 44.1173 17.1912 26.9427 17.0518 31.6818 69.812 26.3508 23.7235 18.9846 17.3135 14.6976 14.3686 11.2266 12.4853 12.3345 9.68817 9.3405 8.25561 7.49162 9.07075
threshold=1.0000000180025095e-35 0.97156333923339855 0.90873014926910411 0.84212991595268261 0.80909091234207164 0.92431300878524791 0.32037734985351568 0.58571431040763866 0.78888890147209179 0.9656645953655244 0.57212206721305858 0.86190477013587963 0.38750000298023229 0.35000000149011617 0.82385262846946727 1.0000000180025095e-35 1.0000000180025095e-35 0.82554244995117199 0.28778468072414404 0.75000000000000011 1.0000000180025095e-35 0.99829351902008068 0.71209660172462474 0.27922078967094427 0.28035087883472448 0.69631093740463268 0.79502627253532421 0.71834936738014232 1.0000000180025095e-35 0.57735043764114391 0.27922078967094427 0.38750000298023229 0.71458193659782421 0.26136364042758947 0.77003204822540294 0.96058869361877453 0.8657626509666444 0.96590468287467968 0.88473191857337963 0.47769485414028173 0.14160401374101642 0.9652337133884431 0.64624765515327465 0.37688747048377996
decision_type=2 2 2 2 2 2 2 2 2 2 2 2 2 2 2 2 2 2 2 2 2 2 2 2 2 2 2 2 2 2 2 2 2 2 2 2 2 2 2 2 2 2 2 2
left_child=18 2 4 -4 5 9 8 -8 -7 12 -6 17 -2 14 -3 -16 -17 -12 19 -1 27 22 23 34 -25 26 -24 28 29 32 -29 33 -20 -30 -22 -33 37 -32 -38 -31 -21 -27 43 -42
right_child=1 13 3 -5 10 6 7 -9 -10 -11 11 -13 -14 -15 15 16 -18 -19 20 40 21 -23 25 24 -26 41 -28 30 31 39 36 35 -34 -35 -36 -37 38 -39 -40 -41 42 -43 -44 -45
leaf_value=0.094764110703471738 0.006487816277907836 0.080906172318665356 0.0099734876959431326 0.061986580686813689 -0.097040189154739082 0.036389988335720581 0.042810078047860703 -0.028324666061432944 -0.0047034872648676982 -0.11521949158181558 0.032437507617757627 -0.15451896796067216 -0.0040421988306202205 0.026350666498397388 0.0091170770643412401 -0.13109118972270151 -0.60030171402299981 -0.033171849779370537 -0.025553402674937199 -0.05378688192585613 -0.044148234371013804 0.074741276397318618 -0.071812846077437667 0.040318632024746837 -0.0037475773587301421 -0.0035684400036918389 0.031872177651420031 0.064856034756857153 -0.040575944142888891 -0.080191564584315686 0.0047956120049806204 0.0055498736327116507 0.10606044819909531 -0.090626681967648684 1.1682060970499246 -0.10887856876654865 -0.16767608868056802 -0.14151997669497654 -0.022697646862842324 0.091024493932119241 0.070878730452700905 0.0098599976045440282 0.0031103738243536982 -0.040057332030083867
leaf_weight=34.433469990239246 682.58681559516117 1.6930797842796881 76.495102873537689 30.251694581704214 8.3754616893711482 144.54300654394319 38.395625364035368 80.545337110292166 52.280094812507741 3.4311568354023612 14.843570970930157 2.6348069587256751 790.17691552237375 147.6610276850115 2.8369817842612974 0.68013887875713386 0.69442509341752157 25.290254856226966 272.1957359273074 19.606774273561314 70.247068938442681 24.363082521653268 52.842344254924683 306.07212220531073 276.9954894544353 2067.6916427265387 23.029741545375146 34.314714014188212 117.65296267205485 2.2193536760314592 222.63375836276828 67.670895618088252 7.1997272693552068 70.881149069231469 0.064056553790577619 7.8363465846050522 3.867578773177228 3.7961156973469761 129.87074410312925 45.030063485959545 5.2700509683345436 341.38358950207476 1213.1482439239044 44.96036004711641
leaf_count=1918 20190 170 2697 24587 189 11947 1709 2231 1908 131 246 52 24365 17356 72 27 51 584 33067 1022 83405 10730 6843 23699 23973 91224 1197 7756 158109 3502 28584 16667 125 27645 88 136 69 212 5618 3559 1571 25903 10867 12380
internal_value=0.000345561 0.00467051 0.00321883 0.0247138 0.0019739 0.00291046 0.0138595 -0.00536148 0.0254748 0.000568427 -0.0308407 -0.0178767 0.000838183 0.0231027 -0.0581204 -0.11401 -0.368135 -0.00890611 -0.00131898 0.00345703 -0.0028359 0.000956047 0.000383246 0.0126663 0.0193843 -0.0028464 -0.0403409 -0.0150092 -0.0236103 -0.00695267 -0.00213014 -0.0442175 -0.0221619 -0.059393 -0.0430437 -0.00632582 -0.00851219 0.00234262 -0.0268903 0.0829823 0.00100648 -0.00166553 0.00185684 -0.0284182
internal_weight=7568.69 2103.42 1949.85 106.747 1843.1 1791.96 315.764 118.941 196.823 1476.19 51.1441 42.7686 1472.76 153.566 5.90463 4.21155 1.37456 40.1338 5465.28 1317.42 4147.86 3162.69 3138.33 653.379 583.068 2484.95 75.8721 985.169 590.686 326.645 394.483 264.041 279.395 188.534 70.3111 75.5072 360.168 226.43 133.738 47.2494 1282.99 2409.08 1263.38 50.2304
internal_count=688381 108512 90836 27284 63552 62481 17795 3940 13855 44686 1071 882 44555 17676 320 150 78 830 579869 27758 552111 267062 256332 131165 47672 125167 8040 285049 242810 40253 42239 202557 33192 185754 83493 16803 34483 28796 5687 7061 25840 117127 24818 13951
is_linear=0
shrinkage=0.08


Tree=103
num_leaves=45
num_cat=0
split_feature=12 7 4 7 4 2 3 3 3 4 4 4 3 4 4 10 3 10 5 8 2 4 0 3 1 4 3 0 3 10 1 7 7 2 3 4 10 1 1 8 8 8 7 8
split_gain=7.2676 7.66547 7.102 8.4352 7.38493 6.55212 12.1528 9.21552 6.47914 8.72312 8.22117 6.36969 6.32258 12.2075 7.57076 6.07939 5.49565 24.5244 19.6142 19.1504 16.5174 32.9873 32.249 31.8672 23.7688 15.6186 73.1327 39.056 33.0702 32.8508 19.9612 18.9173 16.2639 14.1244 10.2199 9.53733 7.50105 6.64209 6.57705 6.13393 8.36461 5.88407 6.56071 5.4171
threshold=1.0000000180025095e-35 0.97156333923339855 0.90873014926910411 0.60894551873207103 0.80909091234207164 0.88493064045906078 0.91734972596168529 0.91945946216583263 0.33615820109844213 0.30384616553783422 0.27922078967094427 0.63068181276321422 0.96051946282386791 0.38750000298023229 0.5634920895099641 0.35000000149011617 0.28869047760963445 0.75000000000000011 1.0000000180025095e-35 0.99829351902008068 0.71209660172462474 0.27922078967094427 0.87428161501884472 0.78830561041831981 0.70051544904708873 1.0000000180025095e-35 0.61435899138450634 0.73623713850975048 0.89927536249160778 0.75000000000000011 0.55036231875419628 0.60894551873207103 0.47769485414028173 0.39455153048038488 0.51899951696395885 0.26136364042758947 1.0000000180025095e-35 0.77459675073623668 0.5912291705608369 0.35946278274059301 0.3869446069002152 0.43256238102912908 0.79262280464172374 0.57212206721305858
decision_type=2 2 2 2 2 2 2 2 2 2 2 2 2 2 2 2 2 2 2 2 2 2 2 2 2 2 2 2 2 2 2 2 2 2 2 2 2 2 2 2 2 2 2 2
left_child=16 2 4 -4 5 12 11 -8 -3 10 -10 -7 13 -2 -14 -11 17 -1 25 20 21 33 -23 24 -22 26 29 28 35 31 -31 -18 -28 -20 -29 -27 -34 -36 -25 -19 -41 42 -42 -6
right_child=1 8 3 -5 43 6 7 -9 9 15 -12 -13 14 -15 -16 -17 18 39 19 -21 23 22 -24 38 -26 27 32 34 -30 30 -32 -33 36 -35 37 -37 -38 -39 -40 40 41 -43 -44 -45
leaf_value=0.08824141431149532 0.0050169177508471944 0.052066247192002015 0.0094403652635079646 0.060625447716829567 -0.085363504866836956 0.072577273296895575 -0.15793553218599996 0.0084329024003067712 -0.0027898747212499919 -0.041840555544209519 -0.2391340049136548 0.0027024332656916512 0.031377716405778092 -0.011398733215911483 0.0034809867318624059 0.047960372526154718 -0.066538912476699588 -0.019639732153225779 0.10378150670895159 0.074162296824721835 -0.1102828502233764 0.034305988420808106 -0.003740714975671776 0.061633035957307403 -0.024117638210784539 -0.044744119962293757 -0.085437193287468668 0.14851933225054401 0.1362263064793845 -0.020260545367714312 0.15384588558159934 0.1134206444545437 0.016829995834568595 -0.04996667397763923 -0.021866798381309938 -0.085091240924824785 0.079170316384494233 -0.0019648087966532193 -0.00051605404082982493 0.047841415249800699 0.022912696008829499 0.0043521705539910889 -0.036954516852869358 -0.016294514968828482
leaf_weight=21.64681755960919 666.36151067831088 34.624642816139385 76.313041570247151 28.227689256425947 8.7428704280173388 30.719335124245845 2.1509693426778531 228.09635885246098 66.057353256852366 5.4180530848680055 0.95556691935052995 11.465796718839554 82.386837296304293 513.22829699103022 254.86327248218004 44.062716492189793 4.6556220369675456 76.215955576160923 4.0656674504643879 22.658542983146617 24.047771382793144 330.49313532166707 250.76735001361521 10.94952088606078 138.45567773183575 100.28497769037494 4.5659182401286662 2.6546691543044281 5.7022867833693445 467.31956494724727 4.2527600522153071 18.975874013267457 14.693008118541909 64.362703757928102 164.56015338321595 59.88698590133572 77.555822395544965 308.5581692234482 2310.3265795982225 26.995011364168022 15.835188747907521 868.79667424142826 45.028560113161802 43.063866582466289
leaf_count=1746 18835 1741 2727 24557 189 2611 65 14424 2143 257 40 445 3507 13404 9190 13495 7355 1135 2044 10730 3275 33228 14445 886 8740 146008 7716 247 429 28956 91 220 920 81456 47673 23012 4709 25855 112266 935 2535 13044 213 882
internal_value=0.000323739 0.00432566 0.00297758 0.0232612 0.00182583 0.00268798 0.0141111 0.00687869 0.021682 0.0126511 -0.00616001 0.0535855 0.000636333 -0.00212538 0.0102959 0.0381273 -0.0012175 0.00396838 -0.00246326 0.000880042 0.000350128 0.0117068 0.0178919 -0.00262047 -0.0368686 -0.0110165 -0.00164539 -0.0196628 -0.0530897 -0.0140778 -0.0186904 0.077967 0.0619462 -0.0408317 -0.00800884 -0.0598296 0.069241 -0.00888712 -0.000222895 0.0022022 0.00394233 0.00266761 -0.0213786 -0.0279506
internal_weight=7541.05 2096.74 1945.62 104.541 1841.08 1789.27 272.432 230.247 151.118 116.494 67.0129 42.1851 1516.84 1179.59 337.25 49.4808 5444.31 1054.52 4389.79 3156.13 3133.47 649.689 581.26 2483.78 162.503 1233.67 592.019 641.647 165.874 495.204 471.572 23.6315 96.8147 68.4284 475.773 160.172 92.2488 473.118 2321.28 1032.87 956.655 929.66 60.8637 51.8067
internal_count=688381 108512 90836 27284 63552 62481 17545 14489 17676 15935 2183 3056 44936 32239 12697 13752 579869 19608 560261 267070 256340 131173 47673 125167 12015 293191 49967 243224 169449 36622 29047 7575 13345 83500 73775 169020 5629 73528 113152 17862 16727 15792 2748 1071
is_linear=0
shrinkage=0.08


Tree=104
num_leaves=45
num_cat=0
split_feature=11 4 8 8 8 5 4 4 4 1 7 3 10 3 4 4 2 3 10 4 2 3 4 2 1 1 1 2 10 3 8 3 8 8 2 4 8 8 7 7 11 1 11 3
split_gain=6.79761 15.7872 10.5871 9.73337 9.52421 15.3686 13.7506 10.106 9.8937 13.9803 9.54763 8.37352 27.9605 17.3288 48.4107 59.4165 36.5004 36.1275 29.9653 23.3088 21.2279 26.9985 26.0597 19.0556 16.8083 15.2964 15.2861 12.6831 12.3378 12.3355 11.6833 9.44289 8.53485 6.68414 6.49163 6.36062 6.35571 10.8235 11.8724 12.8779 11.8679 5.7062 5.3322 4.69562
threshold=0.95835033059120189 0.90873014926910411 0.28496241569519049 0.98314553499221813 0.83177077770233165 1.0000000180025095e-35 0.76388889551162731 0.47727273404598242 0.58571431040763866 0.62316370010375988 0.97156333923339855 0.28869047760963445 0.75000000000000011 0.49205549061298376 1.0000000180025095e-35 0.19090909510850909 0.33508773148059851 0.61435899138450634 0.75000000000000011 0.19090909510850909 0.59491634368896495 0.79469618201255809 0.38750000298023229 0.24525599926710132 0.31662489473819738 0.55351883172988903 0.89377820491790783 0.18677325546741488 0.35000000149011617 0.76689496636390697 0.99829351902008068 0.4248871803283692 0.92337051033973705 0.5219806730747224 0.92380261421203624 0.064583335071802153 0.83177077770233165 0.9739694893360139 0.98974332213401806 0.98469346761703502 0.35913865268230444 0.28035087883472448 0.48481588065624243 0.8521554470062257
decision_type=2 2 2 2 2 2 2 2 2 2 2 2 2 2 2 2 2 2 2 2 2 2 2 2 2 2 2 2 2 2 2 2 2 2 2 2 2 2 2 2 2 2 2 2
left_child=11 3 -3 4 -2 6 7 -6 9 -7 -10 12 -1 16 17 26 18 25 35 -18 22 -22 -17 32 31 27 29 -15 -25 -16 -26 -20 -19 -21 -8 -13 -14 40 39 -39 -38 -42 -40 -5
right_child=1 2 -4 43 5 8 34 -9 10 -11 -12 13 36 14 15 20 19 23 24 33 21 -23 -24 28 30 -27 -28 -29 -30 -31 -32 -33 -34 -35 -36 -37 37 38 42 -41 41 -43 -44 -45
leaf_value=0.086750864208250997 0.027356748778830983 -0.79450252660751097 0.069238846164298817 -0.018954370016763544 0.084038242870928551 -0.029975801378811853 -0.016683937912786866 -0.075470332189737796 0.0053941352667883635 0.05650156024447673 -0.025773297527774911 0.10889171135148484 0.00050081909881196773 -0.12697621378010113 -0.077772220700583428 -0.0042732544019479105 -0.057961647981357112 -0.20181595189622628 -0.0063264140797161372 -0.039841335416774488 -0.017604266733430268 0.00026070926772782529 0.036300675592335317 0.028262599243622941 -0.049560220493687072 0.10533794864520289 -1.3316120165096021 0.0020833550153724597 0.081398682623778237 -0.0024551471653580172 0.021090843892053811 0.024644107231266831 0.0017996656559403743 0.11651491833529923 0.077467684872745121 -0.091232157150542253 -0.063029175977019694 -0.035661360536262163 0.010435026392495106 -0.2741315932837754 0.029167901763980052 -0.071162767564847185 -0.045547731387133736 0.062309083028371931
leaf_weight=26.554234696377534 89.525990660418756 0.091115820105190148 28.139208543027053 5.4920890443027011 2.721187606221064 16.200305794249289 14.29258782498073 38.624592418782413 340.19484711263794 45.758004080853425 77.172816942620557 17.040450556320142 907.65511871490162 5.0573850108776233 77.111102937451506 196.25963439671614 134.25984632868494 2.3521203480777322 341.19754222298798 2.3800874755979731 640.56862502303557 3496.9348636521536 209.40891348905279 39.193376075505512 83.410725732697756 8.9411446159938333 0.060940820956601693 133.91308540551108 97.632134381041396 16.982168776732578 18.25902171432972 77.27720094381948 2.9952704594470561 6.6079688795143738 6.9736005073646075 1.0809145972016256 9.7508627213537675 4.2565565258264533 46.339395168237388 2.1975195575505495 198.40472670551389 3.6955109015107146 14.233241105452178 26.550342546135653
leaf_count=2747 4872 47 36039 274 217 676 381 1982 10652 2195 7320 319 15273 90 132864 89739 19114 50 9498 2631 78928 186531 18715 10092 5730 1107 14 10440 8701 10694 122 1762 205 95 568 1011 92 76 1652 44 4373 20 130 10299
internal_value=0.000302745 0.00785933 0.066451 0.00536642 0.00318375 -0.000809529 -0.0380847 -0.0649722 0.00405953 0.0338902 -0.000368838 -0.000463476 0.00556325 -0.00176693 -0.000113202 -0.00209646 -0.0137235 0.0315915 -0.00417254 -0.049612 -0.000792847 -0.00250515 0.0166713 0.0603879 -0.00769572 0.00391222 -0.0649992 -0.00261335 0.066178 -0.0641788 -0.0368719 -0.000607275 -0.0877633 0.0751109 0.0141902 0.0969546 0.0037463 0.0143093 -0.0137101 -0.116857 0.0231742 0.0273333 -0.00271969 0.0483805
internal_weight=7513.75 691.737 28.2303 663.506 631.464 541.938 62.612 41.3458 479.326 61.9583 417.368 6822.01 1213.09 5608.92 4927.41 4637.33 681.514 290.085 538.266 143.248 4543.17 4137.5 405.669 142.173 520.144 147.912 94.1542 138.97 136.826 94.0933 101.67 418.475 5.34739 8.98806 21.2662 18.1214 1186.53 278.878 67.0267 6.45408 211.851 202.1 60.5726 32.0424
internal_count=688381 75522 36086 39436 28863 23991 3148 2199 20843 2871 17972 612859 24407 588452 548170 517485 40282 30685 18442 21840 373913 265459 108454 19048 17112 11637 143572 10530 18793 143558 5852 11260 255 2726 949 1330 21660 6387 1902 120 4485 4393 1782 10573
is_linear=0
shrinkage=0.08


Tree=105
num_leaves=45
num_cat=0
split_feature=1 2 2 1 3 4 4 2 3 0 3 3 3 6 1 0 1 7 6 6 2 3 5 6 5 3 4 4 6 6 2 2 4 4 3 2 3 0 5 3 3 5 4 7
split_gain=9.07883 21.0157 29.1281 59.3454 41.7842 19.7485 18.0098 15.462 37.4563 21.0632 33.3379 15.8502 21.9397 24.5028 21.4221 15.4124 16.8855 14.7085 25.5951 24.0699 13.4936 19.3158 27.4896 23.0431 13.1406 15.5049 13.1308 12.7853 54.7626 35.37 20.1989 19.9009 80.252 38.8742 16.3796 16.2179 14.4852 13.5899 12.4921 12.3886 18.8498 12.0779 17.2634 11.61
threshold=0.78086888790130626 0.90999102592468273 0.78086888790130626 0.628892481327057 0.83910790085792553 0.52272728085517894 0.41428571939468389 0.80735492706298839 0.84889996051788341 0.94312667846679699 0.80810147523880016 0.98571136593818676 0.92637759447097789 0.069366481155157103 0.94609123468399059 0.92031747102737438 0.7320508360862733 0.97311750054359447 0.040408162400126464 0.028991596773266796 0.90815371274948131 0.84028983116149913 1.0000000180025095e-35 0.1123737394809723 1.0000000180025095e-35 0.96922349929809581 0.58571431040763866 0.58571431040763866 0.31866537034511572 0.35043859481811529 0.77303028106689464 0.67006802558898937 0.30384616553783422 0.38750000298023229 0.77849927544593822 0.6926884949207307 0.37617924809455877 0.90054944157600414 1.0000000180025095e-35 0.96051946282386791 0.89512962102890026 1.0000000180025095e-35 0.73030304908752453 0.84791302680969249
decision_type=2 2 2 2 2 2 2 2 2 2 2 2 2 2 2 2 2 2 2 2 2 2 2 2 2 2 2 2 2 2 2 2 2 2 2 2 2 2 2 2 2 2 2 2
left_child=1 2 27 -4 6 20 -5 9 17 10 -7 12 13 -10 -14 16 -6 -9 19 -19 21 23 -23 38 -22 -26 -12 29 30 31 34 32 -1 -33 -29 36 -31 -32 -2 40 -24 42 -30 -8
right_child=5 -3 3 4 15 7 43 8 11 -11 26 -13 14 -15 -16 -17 -18 18 -20 -21 24 22 39 -25 25 -27 -28 28 41 35 37 33 -34 -35 -36 -37 -38 -39 -40 -41 -42 -43 -44 -45
leaf_value=-0.028708011391737332 0.017521149575339703 0.086213063553646857 0.073646096713328252 -0.0095059622078726563 -0.0050191958218200492 -0.004723899006553671 -0.10628714006055238 -0.034049596919619313 0.031606740094949043 -0.0010845293019214786 -0.090887525199531985 0.0042904266363651567 -0.032865969272581647 -0.024040620451593307 0.014472611236313482 0.067245779739957323 -0.077208444063008544 0.081334337313290386 -0.082917486077919197 -0.62012104430125381 -0.02212896934434341 0.035360817176951116 0.0045636414408086494 -0.0011648763390950643 0.060009290006179244 -0.067644313951424465 0.072176807072899918 0.022636481161599064 -0.11783252477596044 0.0057646301933980309 -0.096356365721733742 -0.0015653451215169418 0.021624732658541364 -0.051906440308783303 0.065443753655272718 0.029526262982836702 -0.0079083466768995799 0.061251890847495744 0.07947282898392001 0.019891034047100443 -0.042884162722929338 -0.0082644034041310412 0.097562496194655637 -0.19881158089383189
leaf_weight=476.54417478331743 31.152521001124114 17.011589676360018 26.390804322756594 7.3911251977915517 44.552250522290706 74.021697963689803 19.796459244542348 107.75563841364783 126.27746273005323 240.85021661802602 3.271394814233644 1458.9741456862321 294.19277906536445 84.548034482664661 77.243849258986302 9.8401841528393543 38.794285107200267 0.43533234571805479 16.25830635469174 1.1148415282368658 18.34772189391515 103.03838791287853 96.282106897153426 72.118434233074368 92.327389502381266 6.5195208729419383 93.208465770469047 113.13467196314014 13.264158077305185 1372.6631779111121 11.327577393079993 179.55013744509051 352.85358009944321 216.61257025479426 115.72141739123617 133.85026309948444 776.33897690219237 5.0678439551993497 62.871438035683241 57.595576729057939 120.84154107984796 315.52637002403208 2.9025358169601523 15.456185150891541
leaf_count=192925 3166 954 3266 1176 3334 3683 1720 5358 7560 15609 96 101840 12399 2993 5904 372 2367 110 327 25 1442 7873 4935 6876 6123 378 2900 4185 1531 28274 348 35287 38546 19426 2908 10629 130809 146 2716 3055 5615 8950 110 105
internal_value=-0.000102113 -0.00252731 -0.00288271 -0.0361285 -0.0574568 0.00309075 -0.123048 -7.23542e-05 -0.00277175 0.0141467 0.0356624 -0.000163018 -0.011322 0.0092903 -0.0230215 -0.0274412 -0.0386202 -0.0451806 -0.112532 -0.423133 0.0154263 0.0101209 0.00012274 0.0328537 0.0400486 0.0515898 0.0666477 -0.00156259 0.00947359 -0.00337745 0.038137 -0.0143403 -0.00729478 -0.0290907 0.044282 0.00250802 0.000825191 -0.0476395 0.0589467 -0.0130939 -0.0218437 -0.0117199 -0.0791609 -0.146854
internal_weight=7503.84 4264.59 4247.58 162.221 135.83 3239.25 42.6438 2578.15 2166.8 411.352 170.502 2041.24 582.262 210.825 371.437 93.1867 83.3465 125.564 17.8085 1.55017 661.095 543.9 377.758 166.142 117.195 98.8469 96.4799 4085.36 576.945 3508.41 245.252 1225.56 829.398 396.163 228.856 2282.85 2149 16.3954 94.024 274.719 217.124 331.693 16.1667 35.2526
internal_count=688351 487368 486414 12340 9074 200983 3001 158804 136516 22288 6679 130696 28856 10553 18303 6073 5701 5820 462 135 42179 34236 21478 12758 7943 6501 2996 474074 18178 455896 7587 286184 231471 54713 7093 169712 159083 494 5882 13605 10550 10591 1641 1825
is_linear=0
shrinkage=0.08


Tree=106
num_leaves=45
num_cat=0
split_feature=1 2 2 4 4 6 3 4 2 3 0 3 4 6 6 2 4 4 0 2 5 2 3 3 6 2 4 6 6 8 0 2 2 3 5 3 6 6 6 3 3 0 3 5
split_gain=7.86021 19.5569 22.5754 63.0717 21.2822 20.9905 20.084 17.6537 14.7249 30.0403 14.0259 28.4389 12.9931 50.3181 32.0356 19.2625 71.3747 42.9006 19.0927 22.7886 16.6271 13.8322 12.9827 19.2669 21.879 18.7416 12.4271 11.7311 36.7827 15.6561 11.3901 16.5033 11.2729 19.2797 27.8104 15.1966 14.0424 16.8869 13.7902 25.3515 18.5551 12.274 11.9831 24.8165
threshold=0.79095324873924266 0.90999102592468273 0.7897985875606538 0.55050507187843334 0.27922078967094427 0.15849281847476962 0.83910790085792553 0.52272728085517894 0.80735492706298839 0.84889996051788341 0.93908473849296581 0.75905716419219982 0.58571431040763866 0.31866537034511572 0.35043859481811529 0.67006802558898937 0.30384616553783422 0.38750000298023229 0.91715687513351452 0.77303028106689464 1.0000000180025095e-35 0.6926884949207307 0.98571136593818676 0.92637759447097789 0.097167581319808974 0.9569842815399171 1.0000000180025095e-35 0.037749288603663451 0.028991596773266796 0.92113238573074352 0.89512962102890026 0.70647653937339794 0.88774341344833385 0.84475743770599376 1.0000000180025095e-35 0.86319074034690868 0.10102041065692903 0.032795699313282974 0.18834459781646731 0.88273492455482494 0.88493064045906078 0.81892696022987377 0.91458967328071605 1.0000000180025095e-35
decision_type=2 2 2 2 2 2 2 2 2 2 2 2 2 2 2 2 2 2 2 2 2 2 2 2 2 2 2 2 2 2 2 2 2 2 2 2 2 2 2 2 2 2 2 2
left_child=1 2 12 4 -4 -6 -5 32 10 27 11 30 14 18 15 16 -1 -17 19 -14 -15 26 23 24 -11 -25 -16 28 -10 -30 31 -9 33 36 35 -35 37 41 39 -36 -40 -2 43 -34
right_child=7 -3 3 6 5 -7 -8 8 9 22 -12 -13 13 20 21 17 -18 -19 -20 -21 -22 -23 -24 25 -26 -27 -28 -29 29 -31 -32 -33 42 34 38 -37 -38 -39 40 -41 -42 -43 -44 -45
leaf_value=-0.026780033821320135 -0.052876985373154758 0.082207620687833369 0.082321611329861752 -0.14216861777936302 -0.036548210526654613 0.058743637577793537 -0.055663648565493822 0.063163617829327348 0.017636701162174123 0.026551295744505779 0.0014360023249852568 0.057498758387099294 0.036993436479884879 -0.07988352984618538 0.0035275504113831384 0.0010916979351341812 0.020683661007421708 -0.049071588194233913 0.098098508854988484 -0.040858176078963596 -0.0058843361921979264 0.027103438722240053 0.0039552383905474484 -0.029130398581284991 -0.029820303927445339 0.020301168457171507 -0.012619545807283273 -0.03167872508069032 -0.18695437506679655 -0.51119802809658554 -0.076337256841645482 -0.061352602603059608 -0.044198153795405627 -0.063754413301859061 0.010998875645629758 0.046897838678708198 0.0040150454336931483 0.076155340659532333 -0.10204435859571463 -0.066233097278165481 0.020488857219487379 0.061519285662681569 0.018034930024304438 0.088791542240633653
leaf_weight=470.31003106434946 13.752374238072663 17.469635400382685 21.853481544094393 25.844281351965037 49.433817583114433 21.112589857308194 51.219055277193547 15.9799728198268 7.2259973598556808 143.59607376719941 192.38379911227094 101.51808952342253 212.95414624396653 20.567140691171517 1779.3404413138924 194.88685101606097 356.44652264886827 247.90859283870668 27.914833354268922 27.129320755368099 352.45826971525094 135.61211568778526 1456.0106759150221 308.48820926760527 63.572440076299245 58.377543921611505 368.16020796166413 110.97990879425197 5.8422698222566396 1.1388456644490359 15.026618615171172 11.874586721896774 11.191086429942514 8.9234625984972791 42.733634080024785 72.321940748530324 67.704307330146548 59.11032390598848 8.9889987914793874 74.838093286271032 65.845919679719373 10.6519929387141 122.72658758535545 45.455568528152071
leaf_count=193013 953 1036 3943 1124 3310 1610 1965 886 405 8485 14131 3580 6811 1837 47808 37117 38941 21476 735 945 10116 11002 101839 13974 1979 4137 111311 4693 653 17 1034 294 773 845 1831 5240 6253 3224 895 3544 3390 896 7695 2605
internal_value=-8.70703e-05 -0.00226778 -0.00260601 -0.0312325 0.013339 -0.00802999 -0.0846743 0.00299822 2.36795e-05 -0.00240723 0.0155802 0.0344246 -0.00144924 0.00903382 -0.00334075 -0.0135282 -0.00631661 -0.0269933 0.0354773 0.0281962 -0.00996436 0.00232413 -6.18067e-05 -0.0102509 0.00925291 -0.0212646 0.000759347 -0.0404409 -0.108887 -0.239849 -0.0202017 0.0100815 0.0152658 0.00816589 -0.00450233 0.0347445 0.0310908 0.0530408 -0.0210747 -0.0381617 0.00577045 -0.00294542 0.0320829 0.0625182
internal_weight=7476.88 4380.62 4363.15 169.463 92.3999 70.5464 77.0633 3096.26 2492.02 2155.23 336.783 144.399 4193.69 641.024 3552.66 1269.55 826.757 442.795 267.998 240.083 373.025 2283.11 2030.04 574.034 207.169 366.866 2147.5 125.187 14.2071 6.98112 42.8812 27.8546 604.244 424.871 273.652 81.2454 151.219 83.5147 192.407 117.572 74.8349 24.4044 179.373 56.6467
internal_count=688351 494100 493064 11952 8863 4920 3089 194251 156107 136182 19925 5794 481112 20444 460668 290547 231954 58593 8491 7756 11953 170121 130414 28575 10464 18111 159119 5768 1075 670 2214 1180 38144 27071 15745 6085 11326 5073 9660 5375 4285 1849 11073 3378
is_linear=0
shrinkage=0.08


Tree=107
num_leaves=45
num_cat=0
split_feature=1 0 2 2 1 3 1 0 8 1 3 2 0 0 11 0 10 3 4 4 3 11 2 0 4 3 7 8 0 7 2 4 3 3 0 4 8 8 4 4 4 2 1 0
split_gain=6.83787 17.1965 16.8293 21.7205 47.368 34.5438 14.7526 13.6717 12.6047 12.4975 11.3087 23.5055 13.8297 15.6653 10.3303 10.2268 47.4767 38.4369 35.9908 48.7742 24.8578 15.3476 14.2389 10.0522 9.90651 9.56505 9.56116 11.7625 10.1065 9.50043 8.12028 12.8788 19.2461 16.6532 9.37585 23.5105 7.62089 7.07615 6.48589 5.51996 11.4572 5.38826 5.25164 4.62831
threshold=0.78086888790130626 0.81530213356018078 0.90999102592468273 0.78086888790130626 0.628892481327057 0.82287582755088817 0.75134408473968517 0.92031747102737438 0.99829351902008068 0.80982521176338207 0.75905716419219982 0.72046512365341198 0.89512962102890026 0.96922349929809581 0.8535020947456361 0.28778468072414404 0.75000000000000011 0.49205549061298376 1.0000000180025095e-35 0.19090909510850909 0.61435899138450634 0.68718150258064281 0.35767590999603277 0.91331186890602123 0.27922078967094427 0.77032968401908886 0.88025155663490307 0.68438714742660534 0.86240702867507946 0.39192584156990057 0.7897985875606538 0.52272728085517894 0.84028983116149913 0.84889996051788341 0.97801932692527782 0.58571431040763866 0.27130751311779028 0.36930006742477423 0.63068181276321422 0.38750000298023229 0.43650794029235845 0.63686314225196849 0.84660634398460399 0.80229884386062633
decision_type=2 2 2 2 2 2 2 2 2 2 2 2 2 2 2 2 2 2 2 2 2 2 2 2 2 2 2 2 2 2 2 2 2 2 2 2 2 2 2 2 2 2 2 2
left_child=2 9 3 15 -5 24 23 -8 10 14 11 12 -3 -14 25 16 -1 21 20 -20 -19 22 -17 -7 -6 -2 27 -13 -28 37 34 32 -32 -33 35 -12 -31 -18 -26 43 -41 -42 -36 -16
right_child=1 8 -4 4 5 6 7 -9 -10 -11 30 26 13 -15 39 17 29 18 19 -21 -22 -23 -24 -25 38 -27 28 -29 -30 36 31 33 -34 -35 42 -37 -38 -39 -40 40 41 -43 -44 -45
leaf_value=0.091560805084488397 0.089999229916847501 0.046390926936292085 0.081497128607173522 0.070491820806306463 0.052569584220987349 -0.016045268926699732 -0.093730425348142285 0.062820166584659748 0.07102826419683507 0.091189144138036346 -0.013588385990170015 -0.063469901334674353 -0.076988975895568065 0.014915520478062163 0.037949381527186743 -0.023546048807242821 0.12622647667605688 0.002340684608904109 -0.06544937792475275 -0.001629953236736998 0.058595140321228069 0.093795885566773457 -0.063507831830792408 0.088736274048717659 -0.11216726126653302 0.018787523498112736 -0.16488342794793831 0.072299289780640472 -0.060399523638146324 -0.046153648873349148 0.056098217605731887 -0.029726667724006086 0.0069758462399996373 0.0001828971819384012 0.016990171764822863 0.05740721381164967 0.001866286879580188 0.60117653227477696 -0.1999582541162109 -0.19588945443185929 0.091152746742154026 -0.053523520670724876 -0.017521982595874262 -0.14416671511814791
leaf_weight=38.288586725800997 16.361885940015782 30.513936181348981 15.324693138216388 24.614638512182864 1.9951855958497606 63.155527065689967 26.704463440481053 4.1211815524511612 16.664438810345018 20.215397398278583 47.371061070312862 15.769279118343549 19.884419944821275 29.449368538233102 8.3756813218351454 208.79168577974633 1.3842299572133914 97.738909077408607 79.959872533057933 1846.8012888129742 103.5163239013491 6.0972285962779997 78.526915597860352 6.4588969869073471 24.820656705735022 46.037349437800003 9.7459401567466575 5.5112165131722568 15.112046677153556 21.438967943482567 58.282542013781494 126.1906365563118 411.14238318309071 2132.3539520441991 55.773852744794567 80.721873668124317 1577.8867015566211 0.23481859575258557 6.8782984208155531 3.0948502165265372 2.2128919428214413 6.4486507051624358 57.115221858912264 0.999713539262303
leaf_count=3168 1608 2333 954 3266 220 4718 1506 223 11640 1047 3392 1708 1484 2429 304 14046 302 10840 142019 241737 13552 61 17021 226 1999 4174 95 84 337 201 3701 5650 23465 125498 1824 3391 31008 119 182 58 72 151 6502 36
internal_value=-7.44349e-05 0.002707 -0.00218632 -0.00249026 -0.03152 -0.0502399 -0.0267258 -0.0728007 0.00163871 0.0347477 0.00126509 -0.0222102 0.00405699 -0.0221274 0.0210882 -0.00135536 0.00352417 -0.00465864 -0.000915968 -0.00427844 0.0312754 -0.0318026 -0.034468 -0.00632353 -0.120334 0.0374602 -0.0676685 -0.0283084 -0.101364 0.00141866 0.00226125 0.00101775 0.0130747 -0.00148823 0.016338 0.0311518 0.00122258 0.195111 -0.131217 -0.0272559 -0.0637689 -0.0165609 -0.000470945 0.01853
internal_weight=7450.09 3215.35 4234.74 4219.41 158.749 134.134 100.44 30.8256 3111.6 103.746 3094.94 125.986 79.8477 49.3338 83.531 4060.67 1639.23 2421.43 2128.02 1926.76 201.255 293.416 287.319 69.6144 33.6941 62.3992 46.1385 21.2805 24.858 1600.94 2968.95 2727.97 469.425 2258.54 240.982 128.093 1599.33 1.61905 31.699 21.1318 11.7564 8.66154 112.889 9.37539
internal_count=688351 200983 487368 486414 12340 9074 6673 1729 193533 7450 181893 8470 6246 3913 6403 474074 34798 439276 408148 383756 24392 31128 31067 4944 2401 5782 2224 1792 432 31630 173423 158314 27166 131148 15109 6783 31209 421 2181 621 281 223 8326 340
is_linear=0
shrinkage=0.08


Tree=108
num_leaves=45
num_cat=0
split_feature=8 5 12 3 6 2 11 6 7 8 7 11 1 11 1 6 12 3 6 6 11 3 6 3 8 7 5 1 6 10 0 7 10 11 10 3 2 6 1 0 7 2 3 2
split_gain=7.59379 11.765 6.49418 8.73494 17.3865 12.7256 8.88455 11.9049 8.55801 6.48343 6.23671 6.06882 12.0204 6.04745 5.66657 5.46565 7.4668 7.32105 7.94827 50.358 6.2253 6.11598 7.47883 5.21733 4.69818 9.4657 4.61843 16.3276 14.1177 15.9118 18.6082 13.209 29.9854 26.7373 15.2577 14.2655 23.277 13.1547 13.0519 16.2397 14.2953 24.2092 13.8373 12.8245
threshold=0.99829351902008068 1.0000000180025095e-35 1.0000000180025095e-35 0.28869047760963445 0.78319624066352855 0.22401433438062671 0.92431300878524791 0.32037734985351568 0.93035691976547252 0.86976018548011791 0.91388580203056347 0.34111164510250097 0.4327110648155213 0.50979983806610119 0.77836257219314586 0.65881377458572399 1.0000000180025095e-35 0.908033847808838 0.040408162400126464 0.084219858050346388 0.48750877380371099 0.28869047760963445 0.56711712479591381 0.49205549061298376 0.94056731462478649 0.94151845574378978 1.0000000180025095e-35 0.42947559058666235 0.49603174626827246 0.75000000000000011 0.41728855669498449 0.95842933654785167 0.75000000000000011 0.79175817966461193 0.35000000149011617 0.92403846979141246 0.69860395789146434 0.34330357611179357 0.71834936738014232 0.90521115064620983 0.60894551873207103 0.89512962102890026 0.93683511018753063 0.6820855736732484
decision_type=2 2 2 2 2 2 2 2 2 2 2 2 2 2 2 2 2 2 2 2 2 2 2 2 2 2 2 2 2 2 2 2 2 2 2 2 2 2 2 2 2 2 2 2
left_child=2 15 26 10 6 9 11 8 -8 -6 -4 12 -5 24 -9 16 17 21 -19 -20 -17 -2 -23 -13 -12 -26 28 43 38 30 -30 32 34 -34 -29 36 -33 -37 40 42 41 -1 -40 -28
right_child=1 -3 3 4 5 -7 7 14 -10 -11 13 23 -14 -15 -16 20 -18 18 19 -21 -22 22 -24 -25 25 -27 27 31 29 -31 -32 35 33 -35 -36 37 -38 -39 39 -41 -42 -43 -44 -45
leaf_value=-0.052067646978951346 -0.046663323606425451 0.073175966003646203 0.010385022903056733 -0.0022842563179761464 -0.12034073195818501 0.032954904169480048 0.014873190259103821 0.0032290735371225733 0.04762961325889821 -0.30295419313002625 0.062606753468458426 -0.011230799332184335 0.20438225381908864 -0.052318770801017253 -0.037424997255968949 0.010718468826694035 0.048982383249109571 0.080581913811750838 -1.0847585362711358 -0.037231028746299952 -0.040350112832204667 0.0087845179581924216 0.079401539840544919 0.0020310932992855957 -0.30982239417989671 0.020918697208609026 0.045356084591738045 0.00030258830581396455 0.093039010846726819 -0.00029753106968360965 -0.016578059224726882 0.012125465373914306 0.075199229146146587 0.014431060158398328 -0.033653708868921765 0.016540457396502256 -0.045436304524936875 -0.030280792021060026 0.0094115022529895551 -0.016778305790229799 -0.014440390155364885 1.91525932837349 0.086233461031598693 0.29215644967005766
leaf_weight=81.705027796946524 10.41768001206219 20.477789310447406 99.389425849542022 5.131250870646908 5.1141578727401775 3.0114403676125221 180.06903550049174 94.566157683322672 71.241150806163205 1.644359372439794 42.092247522785328 224.56104543933179 2.7754065778572112 3.8922415617853394 28.572749358718283 37.938424162566662 37.398599487903994 0.99797579363803324 0.34324982692487571 2.0350129381986335 25.575331300904509 70.182273002603324 11.118973750155417 1228.3470592087397 0.59004497644491394 9.0166999222710711 33.213027790377964 2282.9423037711204 25.275757545881788 1179.8314081895805 16.304689010576112 64.93496334698284 56.399315843067598 259.77643436420476 87.952062044030754 130.08731840606197 146.17038567987038 54.490318422787823 166.86694946468924 196.60521567476098 406.64297677745344 0.040051551230134375 16.488612864668539 1.404477550080627
leaf_count=207925 60 11814 1545 173 78 163 19312 3858 21892 58 2466 2861 56 30 960 1652 4119 326 109 608 595 1837 80 48508 11 695 19366 191443 2431 23813 21801 1525 2533 17167 1997 16349 4166 1848 26000 13467 11592 5 1113 98
internal_value=0.00071411 0.0154772 0.000270661 0.0041455 0.00261321 -0.103825 0.00317983 0.0141739 0.0241589 -0.164771 0.0223873 0.000361723 0.0702601 0.0438456 -0.00620416 0.0094492 0.0186985 0.00678865 -0.108905 -0.188419 -0.00984552 0.0110474 0.0184423 -1.86609e-05 0.0510855 0.000604624 -0.00121763 0.000733077 -0.00412757 0.00141664 0.0500555 0.000119546 0.00212905 0.0252709 -0.000957074 -0.0135269 -0.0277306 0.00271806 -0.011926 -0.000806303 -0.020577 -0.0511037 0.0163199 0.0553691
internal_weight=7423.63 216.485 7207.15 2000.01 1845.03 9.76996 1835.26 374.449 251.31 6.75852 154.981 1460.81 7.90666 55.5912 123.139 196.008 132.494 95.0952 3.37624 2.37826 63.5138 91.7189 81.3012 1452.91 51.699 9.60674 5207.13 3117.37 2089.76 1221.41 41.5804 3082.75 2687.07 316.176 2370.89 395.683 211.105 184.578 868.349 379.961 488.388 81.7451 183.356 34.6175
internal_count=688505 21200 667305 102666 97919 299 97620 46022 41204 136 4747 51598 229 3202 4818 9386 7139 3020 1043 717 2247 1977 1917 51369 3172 706 564639 256492 308147 48045 24232 237028 213140 19700 193440 23888 5691 18197 260102 40580 219522 207930 27113 19464
is_linear=0
shrinkage=0.08


Tree=109
num_leaves=45
num_cat=0
split_feature=8 5 6 2 3 6 2 0 0 11 11 3 1 3 0 0 3 2 6 2 0 2 5 10 0 6 1 5 6 3 11 11 2 1 10 8 8 7 2 0 11 11 5 11
split_gain=6.6132 11.0102 4.70765 5.28236 8.61675 7.08114 7.42192 14.976 7.92779 5.18324 5.1408 5.70635 4.86401 4.70635 20.7103 12.6627 12.6534 13.2528 12.242 11.6131 19.1607 11.7407 27.7326 36.6414 26.8563 21.1302 16.2522 10.813 19.0408 7.96631 7.54252 7.12287 4.97749 4.51406 5.6777 5.89935 5.19451 10.9004 4.60563 4.15766 3.65464 5.33332 5.85132 3.42198
threshold=0.99829351902008068 1.0000000180025095e-35 0.65881377458572399 0.34330357611179357 0.43792808055877691 0.035098522901535041 0.93582704663276683 0.95850551128387462 0.91545844078063976 0.50150027871131908 0.59213069081306469 0.28869047760963445 0.32305502891540533 0.98571136593818676 0.93957647681236278 0.97801932692527782 0.97332859039306652 0.96590468287467968 0.1123737394809723 0.93582704663276683 0.93643954396247875 0.71209660172462474 1.0000000180025095e-35 0.75000000000000011 0.61938297748565685 0.39504285156726843 0.71248623728752147 1.0000000180025095e-35 1.0000000180025095e-35 0.95040982961654674 0.57238981127738964 0.94823637604713451 0.90054944157600414 0.64326766133308422 0.75000000000000011 0.55391839146614086 0.33267457783222204 0.84237241744995128 0.65142410993576061 0.77015754580497753 0.5533340871334077 0.6471657156944276 1.0000000180025095e-35 0.50698873400688182
decision_type=2 2 2 2 2 2 2 2 2 2 2 2 2 2 2 2 2 2 2 2 2 2 2 2 2 2 2 2 2 2 2 2 2 2 2 2 2 2 2 2 2 2 2 2
left_child=13 2 3 4 10 -5 8 -8 -7 -4 11 -2 -6 16 32 18 19 40 -16 21 31 22 25 -24 -23 -1 -26 28 -22 -29 -19 -21 39 36 38 -36 -17 -38 -35 -15 -18 -42 -43 -11
right_child=1 -3 9 5 12 6 7 -9 -10 43 -12 -13 -14 14 15 33 17 30 -20 20 27 24 23 -25 26 -27 -28 29 -30 -31 -32 -33 -34 34 35 -37 37 -39 -40 -41 41 42 -44 -45
leaf_value=-0.014430932358301318 -0.015162012008295558 0.072530399175130822 0.0085877602739588364 0.097444243378611295 0.053706977615099086 -0.023230391344474906 -0.98354702945255768 0.081135296262624154 0.080384890153956154 -0.14844377881531293 -0.022662158147756135 0.043881704573228743 0.16500513585717 -0.017698921034839263 -0.26570825672115983 0.0076261531495388016 0.080302322428809317 -0.24874273915956593 0.08153212956371908 0.086139717026407367 0.032099063392529117 0.095101449519010992 0.0032896588617180879 0.043837662747047472 -0.031748106467656467 0.0022693323336597368 -0.0052189501380532832 0.037098265238029102 -0.11036838672263884 0.00023116020043741488 0.091142882598971922 -0.2064795767929542 -0.086986631341989043 0.055337763487804531 -0.016260132135230126 0.019764744914058378 -0.060220056209648341 -0.00012014903218390329 0.0016675778503113259 0.082634861528533388 -0.15628268819193711 0.041890964733489827 -0.088887252349395582 -0.03018312979402241
leaf_weight=686.41196825521911 13.601878746878354 19.064931904635159 40.021228064317256 4.0431504484149619 6.4526535207405669 37.830577122920658 0.15002038911916216 0.19376131100580096 5.4005550521542309 1.6852712281979645 14.620256692171095 45.582874721381813 4.1160670220851898 2.9165532894185189 2.1342201464285604 53.961896268461714 0.83327394456137582 0.4597145039588203 0.93422565657237999 26.724272692343224 11.605632011734999 16.433800740836887 459.97284031675008 206.73689572268631 162.61680400212936 1651.5155833923964 1620.9703208647916 65.881883983922307 12.43882612694142 87.106840032858599 4.5896596699749352 0.54321071662707154 1.2925152595416864 10.293977281762634 33.633929269359214 215.45197631325573 32.480748299567495 47.645539210527204 1727.476628633347 28.205048317417095 5.7096539447229615 2.6725459389781436 12.116581236114143 22.116641128901392
leaf_count=200226 127 11814 1741 864 51 1395 20 59 4149 37 105 342 27 586 112 1780 13 5 72 1479 805 3215 120772 7296 17622 86558 92872 4223 700 5187 337 104 55 315 2653 53582 4662 1681 58018 1342 66 294 673 469
internal_value=0.000665337 0.0144948 0.00884432 0.0174698 0.0294928 -0.00383354 -0.0132307 -0.383474 -0.0102865 -0.00899399 0.0198184 0.0303122 0.0970529 0.000252133 0.00337937 0.00241086 -0.00108713 -0.0563463 -0.159987 -0.000796093 0.0178843 -0.00159041 0.00147049 0.015863 -0.00669973 -0.00263384 -0.00763772 0.00826916 -0.0416031 0.0161073 0.0601984 0.0803103 0.0668434 0.00264581 0.00360459 0.0149003 -0.011561 -0.0244828 0.0019855 0.0732321 -0.0839329 -0.090609 -0.0652543 -0.0385565
internal_weight=7406.65 214.88 195.815 131.992 84.3737 47.6181 43.5749 0.343782 43.2311 63.8231 73.805 59.1848 10.5687 7191.77 2156.43 2124.01 5035.34 26.3814 3.06845 5008.96 204.301 4804.66 3004.64 666.71 1800.02 2337.93 1783.59 177.033 24.0445 152.989 5.04937 27.2675 32.4141 2120.94 1986.86 249.086 134.088 80.1263 1737.77 31.1216 21.3321 20.4988 14.7891 23.8019
internal_count=688505 21200 9386 7139 652 6487 5623 79 5544 2247 574 469 78 667305 124858 122875 542447 1388 184 541059 12498 528561 414852 128068 113709 286784 110494 10915 1505 9410 342 1583 1983 122691 114568 56235 8123 6343 58333 1928 1046 1033 967 506
is_linear=0
shrinkage=0.08


Tree=110
num_leaves=45
num_cat=0
split_feature=12 11 3 6 11 11 11 7 8 11 8 11 3 8 7 7 10 1 7 7 8 11 8 11 7 3 11 3 3 5 6 4 3 6 1 1 1 4 1 4 1 4 11 11
split_gain=6.54431 7.86597 7.85855 12.271 8.44719 11.1251 6.90954 5.37964 5.28766 8.8531 6.19807 12.6613 9.67325 4.78723 4.78408 10.7845 4.27368 5.06098 4.06713 78.7615 8.92178 8.50437 22.4209 7.01675 14.5541 6.7158 7.95103 10.7523 12.7888 6.70878 16.8183 6.06471 5.7839 9.29144 5.98078 5.65555 5.64549 8.88662 7.89146 5.32475 16.1239 12.4959 10.9311 9.54434
threshold=1.0000000180025095e-35 0.9797039031982423 0.28869047760963445 0.78319624066352855 0.5409555733203889 0.51528412103652965 0.4676524698734284 0.91388580203056347 0.88249102234840404 0.46312734484672552 0.78142958879470836 0.84212991595268261 0.81892696022987377 0.88560524582862865 0.95842933654785167 0.95531892776489269 0.35000000149011617 0.85565477609634411 1.0000000180025095e-35 0.49257408082485205 0.32525222003459936 0.75632518529891979 0.30389872193336492 0.18387948721647265 0.32278099656105047 0.61938297748565685 0.50698873400688182 0.92031747102737438 0.94494947791099559 1.0000000180025095e-35 1.0000000180025095e-35 0.30384616553783422 0.71010184288024913 0.040408162400126464 0.86526826024055492 0.75513628125190746 0.51191151142120372 0.2264957278966904 0.68870675563812267 0.55050507187843334 0.8263767957687379 0.58571431040763866 0.78351232409477245 0.94001403450965892
decision_type=2 2 2 2 2 2 2 2 2 2 2 2 2 2 2 2 2 2 2 2 2 2 2 2 2 2 2 2 2 2 2 2 2 2 2 2 2 2 2 2 2 2 2 2
left_child=18 2 7 8 5 6 -5 -2 10 -10 11 -4 -12 -9 15 -15 17 -3 25 21 -21 23 -23 24 -20 -1 27 36 35 30 -24 -30 33 -28 -35 -29 37 -27 -38 40 43 -41 -43 -22
right_child=1 16 3 4 -6 -7 -8 13 9 -11 12 -13 -14 14 -16 -17 -18 -19 19 20 39 22 29 -25 -26 26 32 28 31 -31 -32 -33 -34 34 -36 -37 38 -39 -40 41 -42 42 -44 -45
leaf_value=-0.046540962568616971 0.0096053237481449963 -0.049818171523286943 -0.00097564499333731498 -0.13921301443926665 0.045267361662324798 -0.30938343931224388 -0.011171593843597576 0.064710376815408394 -0.22666858614523322 0.012940510728790697 0.008462199671615895 0.019411814759598224 -0.014231745584253472 -0.0031324330403610392 0.039022139205480817 -0.31131098410152708 0.050150235083093124 0.0679284934020353 1.2578944499326707 -0.032200810688070465 -0.0002481345936971933 1.8521387297660232 0.49751815767373808 -0.075670326175101388 0.0027943405861845017 -0.055928103028097698 -0.13209679355910561 0.30588463681141137 -0.057589127230650503 -0.028950405601111028 -0.08020500889193137 0.086958406270637098 0.0015815233885046499 -0.044121578237075784 0.095842046895613389 0.11304489174683552 -0.010386137243052943 0.092981300226444713 0.025015718577791248 -0.057546903601547322 0.025964230204426939 0.054983827176353348 -0.0037276867357499271 0.028196162965027454
leaf_weight=17.539656135981204 98.844126849551685 6.6457610710058344 708.65564111003187 5.0975596967618895 3.2904810294858171 1.4231693474575866 5.7283684168360196 27.242140305228531 0.98995430767536063 318.8160666290496 186.70761435292661 268.94062773010228 337.50027895515086 8.1410230461042374 21.441563739674166 0.79796353774145323 35.879700611854787 3.6027372840035241 0.059768335893749192 54.58622548780113 2186.4476642829541 0.041397272667380913 0.55098265592823448 108.32664059535819 5.5355971700046211 3.2802488703455301 5.4217807296663514 1.9791340581141406 2.9200458943378163 13.630603177065495 0.77766934793180553 5.1060002595186234 1284.8725163945928 6.1323622643831168 2.8676197044551373 1.9152471292763946 72.509377764130477 11.761655046953818 90.713669868302532 27.202584077138454 174.60919060092419 20.653169709694339 1171.7923833951791 78.198151279182639
leaf_count=4101 1545 115 24331 137 127 40 205 1449 12 17829 3672 17222 21973 312 1525 42 17614 357 8 667 69245 26 300 402507 2497 1716 33 42 74 13254 1292 33 6985 141 21 18 5400 661 1871 494 7328 1170 57654 2460
internal_value=0.000620619 0.0044762 0.00372052 0.0022547 -0.0685344 -0.099105 -0.0714619 0.0209313 0.00285858 0.0121988 0.0008696 0.00463303 -0.00614882 0.0403596 0.0185243 -0.0306428 0.0371362 -0.00842574 -0.000849519 -0.00223098 -9.68582e-05 -0.0637021 -0.00707883 -0.071158 0.016201 0.00267275 0.00325228 0.0185297 0.0920892 -0.0122239 0.159373 0.0343689 0.00101603 -0.049365 0.000474339 0.211047 0.0136108 0.060508 0.00928898 0.000382092 0.0025401 -0.00393385 -0.0027108 0.000734046
internal_weight=7389.18 2039.74 1993.62 1837.15 15.5396 12.2491 10.8259 156.467 1821.61 319.806 1501.8 977.596 524.208 57.6227 30.3806 8.93899 46.1282 10.2485 5349.43 3842.41 3713.49 128.923 15.0007 113.922 5.59537 1507.02 1489.48 190.185 11.9204 14.9593 1.32865 8.02605 1299.29 14.4218 8.99998 3.89438 178.265 15.0419 163.223 3658.9 2439.26 1219.65 1192.45 2264.65
internal_count=688505 108507 90421 85548 509 382 342 4873 85039 17841 67198 41553 25645 3328 1879 354 18086 472 579998 558902 139018 419884 14872 405012 2505 21096 16995 9815 167 14846 1592 107 7180 195 162 60 9648 2377 7271 138351 79033 59318 58824 71705
is_linear=0
shrinkage=0.08


Tree=111
num_leaves=45
num_cat=0
split_feature=10 7 0 12 8 7 8 2 7 8 7 4 11 2 2 4 8 8 11 8 2 5 8 8 5 4 4 8 0 12 10 2 0 2 2 4 0 4 10 4 4 2 6 0
split_gain=5.48417 31.8382 13.4006 8.31737 8.99054 9.99151 18.9867 56.4182 7.52664 9.08807 18.4155 21.5816 9.59039 7.44617 7.00129 7.24716 6.63925 12.6706 5.5606 7.35869 33.8976 7.41796 5.31142 4.99613 4.90693 41.3436 42.6381 55.9487 45.0912 26.4071 22.338 20.3044 34.883 15.2264 16.867 14.4799 66.9073 59.1262 53.8059 23.7931 40.5968 21.0899 26.2772 18.7285
threshold=1.0000000180025095e-35 0.44402673840522772 0.45035210251808172 1.0000000180025095e-35 0.28496241569519049 0.28136573731899267 0.27130751311779028 0.78086888790130626 0.8975815773010255 0.38115416467189794 0.46190130710601812 0.58571431040763866 0.60630440711975109 0.7243877947330476 0.75716626644134533 0.38750000298023229 0.89672946929931652 0.86976018548011791 0.75074693560600292 0.38115416467189794 0.99504950642585765 1.0000000180025095e-35 0.90952175855636608 0.90632697939872753 1.0000000180025095e-35 0.38750000298023229 0.43650794029235845 0.84016805887222301 0.82807883620262157 1.0000000180025095e-35 0.75000000000000011 0.59491634368896495 0.81530213356018078 0.4712491780519486 0.88047617673873912 1.0000000180025095e-35 0.4970588237047196 0.36931818723678594 0.75000000000000011 0.26136364042758947 0.19090909510850909 0.57735043764114391 0.35043859481811529 0.75716626644134533
decision_type=2 2 2 2 2 2 2 2 2 2 2 2 2 2 2 2 2 2 2 2 2 2 2 2 2 2 2 2 2 2 2 2 2 2 2 2 2 2 2 2 2 2 2 2
left_child=1 3 -3 -1 5 -5 -7 -8 9 10 11 -4 -12 16 15 -15 17 -10 -6 20 -20 -21 -18 -16 35 30 27 33 29 -29 -26 32 -28 -27 -35 36 38 39 -2 40 -37 42 -40 -41
right_child=24 2 8 4 18 6 7 -9 13 -11 12 -13 -14 14 23 -17 22 -19 19 21 -22 -23 -24 -25 25 26 31 28 -30 -31 -32 -33 -34 34 -36 37 -38 -39 41 43 -42 -43 -44 -45
leaf_value=-0.078708091710839798 0.090723176759297516 0.068904021741947763 -0.080448342105511994 0.052787342079080826 -0.071188685242103006 0.15436513129838353 -0.080119985585459949 3.6278411425222532 0.014563191770977169 -0.0085603628847423941 0.35103013476586742 0.94107676151516817 0.023408483624633984 0.051923808832117439 0.012225395402960233 -0.038791116767224194 0.065896867529327816 -0.081617074743701445 -0.080343200197254272 0.64679016453785099 1.7883439657004243 -0.031750696872434092 0.020439726463121526 -0.0043060587280805661 0.011291260466639804 0.18118513735556444 0.085354458202681227 -0.18215834582444573 -0.047195594559480303 -0.43454777825208418 0.054024649790302151 0.00042448592678464008 -0.013263007299118324 -0.033584871245170247 0.073502142385516778 -0.073232668054488179 0.077333608379066984 0.0085835511608133106 -0.027455992072633457 -0.094530295452903923 0.015117667450319955 0.096189725999360681 -0.00020178941241030839 -0.033082361733286263
leaf_weight=45.312435951185762 39.861286210623803 16.667725054081529 0.22980678297608648 2.9205900846282016 8.9194470497022831 0.32135279313661147 0.067104535875841975 0.043148859695065767 39.967755324440077 1018.9334743887048 0.59177694832033267 0.31215714626887348 16.969731412566034 6.3659858207684001 180.51552772917785 49.168940914096311 19.659309357055463 11.228916813735848 0.22641110402764697 0.11000950197922033 0.085620337631553411 1.6447392006521113 100.79690114979167 332.53431012993678 177.37750006691203 2.4355918032815671 48.560406154894736 10.666295431321489 15.369769642653408 3.5315777193754903 140.13778152834857 2289.0996412792447 43.535509906010702 82.922567849658662 10.618786688894032 53.495847490165033 71.740336805087281 365.09880931161752 261.41136237126193 68.120241853554035 88.105498137054383 13.580289659381377 1690.852539075946 59.447284464433324
leaf_count=305044 4152 2411 681 685 7205 49 56 19 287 56482 402 104 519 52 1951 324 145 80 101 39 19 503 776 4228 22030 87 1407 121 883 85 5576 122615 1548 4675 346 24023 9054 28225 17646 7186 13172 1609 37103 4175
internal_value=-0.000639549 -0.00440594 -0.00249406 -0.0619039 -0.00879927 0.105882 0.465161 1.37103 -0.00316365 -0.00756212 0.0486229 0.507924 0.0344485 0.00299839 -0.00141019 -0.0283924 0.0176014 -0.00653193 -0.0437916 0.074444 0.432418 0.0107887 0.0278587 0.0015105 0.000621542 0.00295537 -0.000489481 -0.0459289 -0.142148 -0.244938 0.030152 0.00190624 0.0387361 -0.0162867 -0.0214284 -0.00180914 0.00142101 -0.012389 -0.00129425 -0.040836 -0.0182604 -0.00316008 -0.00385117 -0.0658952
internal_weight=7389.56 1853.59 1793.94 59.6509 14.3384 3.3522 0.431606 0.110253 1777.27 1037.04 18.1035 0.541964 17.5615 740.238 568.585 55.5349 171.653 51.1967 10.9862 2.06678 0.312031 1.75475 120.456 513.05 5535.97 2824.26 2506.74 125.545 29.5676 14.1979 317.515 2381.2 92.0959 95.9769 93.5414 2711.71 2077.45 634.268 2005.71 269.169 141.601 1965.84 1952.26 127.568
internal_count=687880 382162 68442 313720 8676 809 124 75 66031 58188 1706 785 921 7843 6555 376 1288 367 7867 662 120 542 921 6179 305718 159373 131767 6197 1089 206 27606 125570 2955 5108 5021 146345 69564 76781 60510 48556 37195 56358 54749 11361
is_linear=0
shrinkage=0.08


Tree=112
num_leaves=45
num_cat=0
split_feature=7 5 10 2 2 6 0 4 0 1 7 0 4 2 4 10 10 1 7 2 6 6 7 10 5 6 0 12 0 2 10 2 5 4 2 4 1 4 2 4 4 2 10 11
split_gain=5.60255 8.42928 17.3704 9.45373 7.50337 7.7699 9.97848 13.5452 31.4983 9.76789 6.14329 6.13174 20.7115 15.7387 13.1511 11.6884 11.5749 10.8894 8.7711 6.33763 6.1495 5.80968 5.09372 11.0808 11.8961 18.73 16.2099 10.177 8.7761 8.59178 6.9131 46.5565 41.9614 35.757 23.6312 24.5396 13.2505 58.5836 35.6862 19.5461 19.4746 12.8404 10.738 8.99113
threshold=0.98974332213401806 1.0000000180025095e-35 0.35000000149011617 0.84660634398460399 0.87206766009330761 0.21913109719753268 0.96808147430419933 0.58571431040763866 0.94474968314170849 0.93582704663276683 0.99814125895500194 0.77015754580497753 0.27922078967094427 0.59675306081771862 0.19090909510850909 0.35000000149011617 0.75000000000000011 0.67826876044273388 0.99814125895500194 0.51704764366149913 0.12060606107115747 0.15655637532472613 0.97156333923339855 1.0000000180025095e-35 1.0000000180025095e-35 0.2869249433279038 0.87841832637786876 1.0000000180025095e-35 0.70647653937339794 0.90366768836975109 0.75000000000000011 0.35767590999603277 1.0000000180025095e-35 0.36931818723678594 0.61143791675567638 0.43650794029235845 0.63453349471092235 0.064583335071802153 0.57735043764114391 0.38750000298023229 0.095454547554254546 0.64326766133308422 0.35000000149011617 0.8535020947456361
decision_type=2 2 2 2 2 2 2 2 2 2 2 2 2 2 2 2 2 2 2 2 2 2 2 2 2 2 2 2 2 2 2 2 2 2 2 2 2 2 2 2 2 2 2 2
left_child=22 4 3 -3 11 6 7 9 -9 -6 -4 12 14 21 16 18 -2 -15 -13 -16 -20 -14 30 -24 -25 27 28 29 -27 -26 31 -1 36 -34 -35 -36 37 38 -32 -39 -38 -42 -33 -44
right_child=1 2 10 -5 5 -7 -8 8 -10 -11 -12 15 13 17 19 -17 -18 -19 20 -21 -22 -23 23 24 25 26 -28 -29 -30 -31 32 42 33 34 35 -37 40 39 -40 -41 41 -43 43 -45
leaf_value=0.087710603038391954 0.087747802264855679 -0.047911026169440332 -0.10084695622332834 0.053103803063787751 0.0065714321666734757 -0.49580214954590612 0.082209918135675381 -1.1403447219926848 -0.12462634933955803 -0.30067261727807687 0.052774569230532149 0.091503639302584303 0.067616432402522367 -0.24640159363359351 0.15248268807241494 0.048823766769467376 0.00018928492655062663 -0.058275639715848974 -0.0071386090540329237 0.043046261277328489 -0.19729974157535199 -0.0766354913712705 0.0092049109445238066 -0.0045672367805113818 -0.048070841207273105 -0.10741753265659559 -0.06689620006725068 0.04998289058623348 -0.29939097180991842 0.068725903785381917 -0.0041317629415994145 -0.0029152788179448918 0.060934682901802345 0.065869398548267552 -0.060453389682352303 0.01081064136340529 0.10033441355063198 -0.079241963240018545 0.099286431421563168 0.017662659303721847 0.045480308863368624 -0.004815672388612538 -0.015115095756051092 -0.064349449785970139
leaf_weight=35.932317549428262 9.8330602719215658 23.435084229276985 1.7069170820177522 7.9378123611677429 3.2337848535389631 0.27284560399129976 2.1822167024656665 0.26107920752838232 0.77669863536721095 0.83277967723552127 69.513399318835582 1.6099659622414026 3.5863310061395159 4.679062342271207 4.671513024717572 38.110655038050027 557.82653651916189 3.4001178098842502 1.7516135650803333 12.314529316499828 2.8743629681412131 3.5611776821315289 101.21239899203647 94.687677952897502 38.838409368880093 2.7627924811095026 22.539934285683557 11.074592905497409 3.3991197422146797 4.4976947839604682 1370.1799428236263 3756.3971182377936 109.4982803632447 46.603496821218869 32.902712852112018 514.44211422157241 15.915122474485541 88.637540954965516 21.692410484713037 15.677656650135757 43.415096651879139 129.04342246383021 126.54253572408925 29.220353120414075
leaf_count=9243 1591 557 347 1216 670 39 897 16 137 120 28614 23 61 40 26 7948 9238 39 144 97 55 40 1710 3093 982 25 693 2854 47 1593 46756 468158 3725 1726 1206 59270 1986 12503 2707 382 1857 8876 4416 2157
internal_value=-0.000602011 0.0059299 0.0272448 -0.0223528 0.00257483 -0.0766646 -0.0609699 -0.122182 -0.380156 -0.0563482 0.0490928 0.00350464 0.00138254 -0.0907282 0.0037815 0.0322101 0.00170598 -0.167229 -0.0693235 0.0731435 -0.125296 -0.00425571 -0.00134689 -0.0119257 -0.0239543 -0.0460414 -0.0983307 -0.0184586 -0.213317 -0.0359489 -0.000881051 -0.00293618 0.0025167 0.0189273 0.011183 0.00652672 -0.00433612 -0.00685369 -0.00251998 -0.0646781 0.01566 0.00784595 -0.00376875 -0.0243512
internal_weight=7369.48 754.372 102.593 31.3729 651.778 7.5594 7.28656 5.10434 1.03778 4.06656 71.2203 644.219 599.872 15.2267 584.646 44.3466 567.66 8.07918 6.23594 16.986 4.62598 7.14751 6615.11 279.013 177.8 83.1125 28.7018 54.4107 6.16191 43.3361 6336.1 3948.09 2388.01 703.447 593.948 547.345 1684.56 1496.19 1391.87 104.315 188.374 172.459 3912.16 155.763
internal_count=687880 51915 30734 1773 21181 1879 1840 943 153 790 28961 19302 11132 180 10952 8170 10829 79 222 123 199 101 635965 10997 9287 6194 765 5429 72 2575 624968 483974 140994 65927 62202 60476 75067 62348 49463 12885 12719 10733 474731 6573
is_linear=0
shrinkage=0.08


Tree=113
num_leaves=45
num_cat=0
split_feature=8 4 11 8 10 10 2 2 2 11 0 3 7 2 3 0 10 7 1 3 2 8 3 7 8 7 2 11 11 8 1 11 7 8 7 1 7 3 2 7 8 8 11 2
split_gain=5.12329 8.16841 7.55484 9.62689 7.045 24.3423 14.991 11.5402 10.562 7.56408 5.87409 11.0902 11.36 7.82741 11.3173 6.39686 5.63884 29.0971 11.3096 6.83262 9.45239 10.2744 7.30743 6.79309 6.15993 5.46026 5.21462 5.01447 6.50471 16.24 11.8856 7.38746 14.1839 19.2201 9.69094 3.73555 3.55812 10.5069 4.59985 3.53583 9.29186 4.21575 3.43062 13.7594
threshold=0.92870518565177929 0.90873014926910411 0.39890380203723913 0.96788921952247631 0.35000000149011617 1.0000000180025095e-35 0.68457102775573742 0.5912291705608369 0.7243877947330476 0.87135526537895214 0.48610039055347448 0.6291005313396455 0.95672976970672619 0.33508773148059851 0.6308579444885255 0.34525330364704138 1.0000000180025095e-35 0.44402673840522772 0.32305502891540533 0.7243877947330476 0.72821971774101268 0.91922327876091015 0.72850123047828685 0.94555336236953746 0.22611077129840854 0.9832867980003358 0.74646764993667614 0.99925094842910778 0.98671081662178051 0.92601713538169872 0.80735492706298839 0.9652337133884431 0.91388580203056347 0.86976018548011791 0.9388999640941621 0.76028168201446544 0.94151845574378978 0.90070420503616344 0.80217391252517711 0.97881317138671886 0.95353743433952343 0.9311257302761079 0.6632291078567506 0.90815371274948131
decision_type=2 2 2 2 2 2 2 2 2 2 2 2 2 2 2 2 2 2 2 2 2 2 2 2 2 2 2 2 2 2 2 2 2 2 2 2 2 2 2 2 2 2 2 2
left_child=16 2 3 25 5 6 35 -7 -9 -8 13 -12 -13 15 -15 -6 17 24 -19 20 21 -20 -21 -24 42 39 -22 28 31 -30 -31 36 33 -33 -34 -4 38 -38 -18 41 -41 -2 43 -1
right_child=1 -3 4 -5 10 7 9 8 -10 -11 11 12 -14 14 -16 -17 27 18 19 22 26 -23 23 -25 -26 -27 -28 -29 29 30 -32 32 34 -35 -36 -37 37 -39 -40 40 -42 -43 -44 -45
leaf_value=0.009431965001821134 -0.13716023933950866 0.080816380176302827 0.037099241828000257 -0.094067011248146537 0.012233530944588818 0.073438349053960794 -0.051648993367965357 -0.16671613139295877 -0.056885431126734325 -0.00047671411940913486 0.073687305154107138 0.04208764001428416 0.0039234007354231586 -0.036534972207109717 0.075555915360288592 -0.039847370154250362 0.0027341578045637651 0.096121312364772185 -0.01110931358115699 0.089548086562636978 -0.18444959467934138 -0.15538199571795824 -0.0041725076251916057 0.019728332402620532 -0.067474064247673701 0.083386678406609016 -0.058368297431398181 0.039681580326018935 -0.023984448896907581 -0.49869046946042267 -0.02135545486711922 -1.3695895512258269 0.047166526521883495 0.081670287573248443 -0.00020133818583831692 0.10838665338958052 -0.0075168873071709708 0.035051913317494535 -0.0029078378094012204 0.026472550260981463 -0.28601430950372059 0.0074756998721546147 -0.086284628452803325 0.54319626387249287
leaf_weight=1.677128677962173 1.42897667502985 8.9743646837596298 39.869540391955525 11.149606354068963 254.0806553256698 3.1053476838860687 19.983309294562787 7.9657015060074654 18.898694297182374 246.89795776968822 22.128572362009436 69.25497024768265 178.76318107623956 49.975516188889742 6.5164357394678509 16.046751894056797 2385.2291734115133 7.2686815851120619 95.933958995221474 5.5124605959645114 3.0939290808746573 3.2666952770669004 1276.2456309474255 80.932615431840532 54.553846869410336 3.8949219858041024 6.5314012232556706 20.266212632792303 30.887984691333259 0.81942291185259708 0.56339524034410715 0.11031068445299652 51.443349988490809 0.12412050992134027 59.747017238667468 5.3338270792737594 738.94726502615958 39.070569795032497 1510.4761263634718 1.3946856013499194 1.0810564053244887 13.236739784013478 0.8134576937300152 0.37891939535620611
leaf_count=1334 49 15694 330 393 4783 116 213 123 614 2009 477 4657 25278 421 672 129 147499 1105 27671 722 205 26 33549 823 312174 142 436 9080 2722 21 113 35 7807 27 11204 48 13822 5308 55258 66 51 462 182 30
internal_value=-0.000541764 0.00484341 0.00414125 -0.0339697 0.00544782 -0.00370582 0.00290763 -0.0725739 -0.0894519 -0.00430835 0.0106945 0.0194218 0.0145801 0.00347617 -0.0236051 0.0091397 -0.00136973 -0.0055923 -0.00342269 -0.00391439 -0.0232044 -0.0158602 -0.00237387 -0.00274723 -0.0614648 -0.00211714 -0.0988954 -2.88539e-05 -0.00019591 -0.0359923 -0.304212 4.5499e-05 0.0204033 -0.601214 0.0217139 0.0455109 -0.000439845 -0.00537916 0.000546595 -0.0215455 -0.109978 -0.00661713 0.0527817 0.107802
internal_weight=7353.87 979.981 971.006 32.186 938.82 342.054 312.085 29.9697 26.8644 266.881 596.766 270.147 248.018 326.619 56.492 270.127 6373.89 1536.21 1478.79 1471.52 108.826 99.2007 1362.69 1357.18 57.4234 21.0364 9.62533 4837.68 4817.42 32.2708 1.38282 4785.15 111.425 0.234431 111.19 45.2034 4673.72 778.018 3895.71 17.1415 2.47574 14.6657 2.86951 2.05605
internal_count=687880 56727 41033 1163 39870 3453 2600 853 737 2222 36417 30412 29935 6005 1093 4912 631153 378257 64537 63432 28338 27697 35094 34372 313720 770 641 252896 243816 2856 134 240960 19073 62 19011 378 221887 19130 202757 628 117 511 1546 1364
is_linear=0
shrinkage=0.08


Tree=114
num_leaves=45
num_cat=0
split_feature=1 0 2 2 4 3 1 0 4 11 11 10 7 4 3 3 2 7 2 4 5 3 4 1 1 7 3 0 3 4 11 0 0 4 3 2 5 3 1 0 8 2 0 2
split_gain=7.17287 21.7632 16.3155 15.7622 40.4992 20.3665 15.7566 12.9578 11.6547 25.2572 21.1056 19.6303 20.7016 10.4564 18.78 9.88387 12.8431 12.4651 12.029 11.0732 13.5879 13.3345 9.75256 10.4139 9.34781 9.33834 8.6446 21.7865 15.0046 8.34997 8.01136 7.75614 9.20756 7.5201 15.7667 24.2317 17.4065 12.8692 20.7013 14.5908 6.28156 11.1201 11.4908 7.89035
threshold=0.79784947633743297 0.82807883620262157 0.90999102592468273 0.7897985875606538 0.27922078967094427 0.82952776551246654 0.67962265014648449 0.91945946216583263 0.58571431040763866 0.92001473903656017 0.94001403450965892 1.0000000180025095e-35 0.52011558413505565 0.61250001192092907 0.94392031431198131 0.76123407483100902 0.72046512365341198 0.87112742662429821 0.7897985875606538 0.73030304908752453 1.0000000180025095e-35 0.85028737783432018 0.47727273404598242 0.82952776551246654 0.70299971103668224 0.86287939548492443 0.908033847808838 0.908033847808838 0.77849927544593822 0.76388889551162731 0.81622841954231273 0.88273492455482494 0.96922349929809581 0.52272728085517894 0.86729559302330028 0.91545844078063976 1.0000000180025095e-35 0.98571136593818676 0.95488464832305919 0.96039214730262767 0.86976018548011791 0.82870012521743786 0.86729559302330028 0.77303028106689464
decision_type=2 2 2 2 2 2 2 2 2 2 2 2 2 2 2 2 2 2 2 2 2 2 2 2 2 2 2 2 2 2 2 2 2 2 2 2 2 2 2 2 2 2 2 2
left_child=2 25 3 8 -5 -6 -7 -8 10 26 11 12 -1 14 -11 16 17 31 19 22 21 -21 23 -17 -12 -2 28 -28 -10 -15 -13 -3 -33 34 36 -36 -20 38 -35 -39 43 42 -42 -18
right_child=1 15 -4 4 5 6 7 -9 9 13 24 30 -14 29 -16 18 40 -19 33 20 -22 -23 -24 -25 -26 -27 27 -29 -30 -31 -32 32 -34 37 35 -37 -38 39 -40 -41 41 -43 -44 -45
leaf_value=-0.06962495576064856 0.060797213755244939 0.030322888419547184 0.074962062257838386 0.087444438758286072 -0.087400728132453837 0.041379831513699637 -0.051055983594977733 0.005520006726935504 0.011196646540349502 0.03529220407832763 0.015411592947699108 -0.00071888355978571444 -0.013998676204996421 -0.0075024738365893264 -0.076248307866553358 -0.15518268228128762 0.025383385605493625 0.038914714057700438 -0.034324075540321089 -0.013320351187668595 0.022857230341457126 -0.15567139694628482 0.048130671427332725 0.023698020981590521 0.066334286609719725 0.014540145591022232 -0.11779592947744406 0.013843267665667701 0.051616909903986194 0.063455712355419358 -0.01644193012152002 -0.10224280296862741 -0.014414227861647415 -0.013993437291997729 -0.0091077139909077759 0.040726546046439493 0.05798040507040244 0.09196350015422064 0.030262579885196674 0.0030822663991477203 -0.2434177854449982 -0.013611682885761872 -0.064545956232423984 -0.071342164138196107
leaf_weight=49.195447293775942 56.237682099927042 10.507907382343545 17.601148225723591 18.813451641632128 38.617599125780544 21.407400227901235 81.807483946529828 37.917453662179469 120.2166951865147 13.405947228893636 67.849205493519548 2770.0498597885162 330.28436018238426 181.63420372840483 34.580506050027907 3.1872558694885793 8.9574763484415616 28.68576600891538 15.958264114000484 13.470680723898115 41.964693885616725 6.1270836632174897 91.529646861061337 6.0112761609780136 34.957920867542271 55.493030900252052 8.4891884651005949 154.24101917591906 115.00596852514718 11.272202719032064 224.18757729127537 12.573592721571911 19.466406683495734 634.70822283546295 250.85705788568885 83.143421113472868 72.37199922047148 11.914879913470939 75.713872274194728 1494.167172708876 4.6262601991184038 5.8708024928346267 4.5681439580221195 13.581066428982011
leaf_count=288902 5987 1122 1102 4108 2782 1058 4567 1304 5152 467 4705 146631 13417 4877 1284 259 466 2180 1786 1999 3791 1376 4546 731 2282 1416 196 4742 3511 343 5303 1175 1323 26780 13610 6504 3703 682 8175 102834 43 72 190 1062
internal_value=0.000182861 0.00317439 -0.00190404 -0.00221766 -0.0242325 -0.0359212 -0.021835 -0.0331381 -0.00115546 0.00877596 -0.00298045 -0.00406857 -0.02121 -0.0116691 -0.0450873 0.00184403 -0.021809 -0.00184216 0.00276307 0.0239027 -0.0028272 -0.0578253 0.0402393 -0.0382835 0.032727 0.0378228 0.021152 0.00697601 0.0309591 -0.00335614 -0.00189612 -0.0293204 -0.0488812 0.00146296 0.0112467 0.00329763 0.0413041 -0.000401216 -0.00927681 0.00378542 -0.0596327 -0.0996256 -0.154547 -0.0329006
internal_weight=7353.23 3021.69 4331.53 4313.93 198.563 179.75 141.132 119.725 4115.37 638.846 3476.52 3373.72 379.48 240.893 47.9865 2909.96 108.837 71.2337 2801.13 162.291 61.5625 19.5978 100.728 9.19853 102.807 111.731 397.953 162.73 235.223 192.906 2994.24 42.5479 32.04 2638.83 422.331 334 88.3303 2216.5 710.422 1506.08 37.6037 15.0652 9.1944 22.5385
internal_count=688545 191812 496733 495631 13819 9711 6929 5871 481812 20572 461240 454253 302319 6971 1751 184409 7633 5800 176776 12702 7166 3375 5536 990 6987 7403 13601 4938 8663 5220 151934 3620 2498 164074 25603 20114 5489 138471 34955 103516 1833 305 233 1528
is_linear=0
shrinkage=0.08


Tree=115
num_leaves=45
num_cat=0
split_feature=1 2 2 1 4 4 2 1 6 2 0 11 2 6 7 7 2 0 7 8 7 8 0 2 0 11 4 6 0 4 11 7 8 4 0 7 2 2 1 1 11 2 2 1
split_gain=6.41613 21.8025 18.9393 50.1035 32.8138 17.702 15.6924 24.8344 21.7056 16.5447 14.1561 26.8644 19.0837 13.3155 12.5597 12.4398 10.7847 10.6518 10.5629 23.7655 17.062 19.0827 10.2914 9.94596 9.73204 10.7199 9.46159 43.3448 29.7432 34.1255 22.2537 9.23066 9.02885 8.63047 9.32154 8.51429 8.25013 7.08359 7.79174 7.00234 10.7015 6.99809 6.43645 6.07542
threshold=0.67962265014648449 0.83131474256515514 0.67006802558898937 0.50274726748466503 0.087121214717626586 0.27922078967094427 0.73942822217941295 0.74464204907417308 0.19399641454219821 0.89512962102890026 0.87007671594619762 0.49175028502941137 0.62563130259513866 0.40651482343673712 0.96636754274368297 0.75083893537521373 0.77836257219314586 0.75905716419219982 0.64624765515327465 0.24037037044763568 0.4226078093051911 0.39554230868816381 0.91331186890602123 0.73746865987777721 0.88998898863792431 0.89715632796287548 0.43650794029235845 0.27622890472412115 0.67041200399398815 0.30384616553783422 0.82952332496643078 0.64624765515327465 0.94715359807014476 0.44949495792388922 0.71834936738014232 0.28136573731899267 0.60640108585357677 0.74464204907417308 0.78910306096076976 0.74646764993667614 0.47218231856822973 0.53410854935646068 0.6776927411556245 0.88273492455482494
decision_type=2 2 2 2 2 2 2 2 2 2 2 2 2 2 2 2 2 2 2 2 2 2 2 2 2 2 2 2 2 2 2 2 2 2 2 2 2 2 2 2 2 2 2 2
left_child=1 2 18 -4 -5 15 8 9 24 14 11 -10 -13 16 22 39 -6 -16 19 35 -21 -22 -8 32 33 31 28 -28 29 -20 -30 -26 -12 34 -7 -1 -29 38 -9 -2 -41 -42 -15 -40
right_child=5 -3 3 4 13 6 7 37 10 -11 23 12 -14 42 17 -17 -18 -19 26 20 21 -23 -24 -25 25 -27 27 36 30 -31 -32 -33 -34 -35 -36 -37 -38 -39 43 40 41 -43 -44 -45
leaf_value=0.0055857385341340337 -0.049698144383327883 0.073401975105788886 0.081768894412188611 0.10152897165967316 -0.06779502401125316 0.053480068204717991 -0.046386330497442119 -0.23555693906215561 0.093294638996997498 0.089636032279455477 -0.0014421697838959422 0.024793021915951431 -0.07331539168655693 -0.08530089523117021 0.11237814950511336 0.059472500419486915 -0.0082101120277986057 -0.13732066986188143 -0.00079339118139831006 -0.073003819160076852 0.056343553838395302 -0.028472791245529778 0.012550763669321745 0.08120182941346267 2.2246202504865924e-05 0.036948120352759156 0.05572868837587789 0.011694256905412906 -0.066029734440924442 0.054595353016664738 0.0022038759570295169 -0.074201410725688408 0.050183430211417974 0.040719133118759653 -0.0089819485327513066 0.20910327205062426 -0.033383418829840202 0.00072579927079016433 0.019969745166534141 0.16142234660312596 0.28129437297074494 -0.0068164085752515169 0.11847415681392147 -0.095664413434235457
leaf_weight=198.17960551666329 12.338597300789841 23.959070023287495 23.092978867374768 9.2842787685367494 120.12278584354499 21.511893819413672 83.409579288505483 1.4154336104766105 9.5964244390779623 6.4277411120201569 238.12609201265877 16.746150896848121 52.37567898688576 1.3061699078170921 1.2006702693179239 57.867938533308916 23.19468275869076 12.235424872196743 2028.2370918264496 48.445618803707475 18.984568136082089 160.54480317228808 24.540621712414577 10.91422072642308 40.891061233603978 35.327503439504653 97.382517931051552 40.626154306111857 76.277539486589376 73.779019022360444 51.072788300167304 14.534948043292387 23.852930802386254 213.72090526168904 52.876377239037538 1.3243943957568252 72.100706297787838 3303.6690875347631 5.9263974616042088 3.1799011221737628 0.5568975140995488 17.332125624088803 4.12477480895177 5.7093699754477711
leaf_count=14769 13160 2795 2331 1656 20797 2662 6876 74 189 361 11730 2248 6465 147 15 3270 1783 399 29781 228218 8424 85767 900 378 3038 5657 2430 1306 972 969 2193 439 1789 8875 8039 96 2286 198090 214 131 133 5707 586 400
internal_value=0.000173194 -0.00261447 -0.00321198 -0.0283007 -0.0443849 0.00218051 0.00141857 -0.000840056 0.0120691 -0.0354433 -0.00224567 -0.0321331 -0.0495467 -0.0534923 -0.0420666 0.0370325 -0.0581517 -0.115007 -0.00162695 -0.0132271 -0.0308728 -0.0195038 -0.032988 0.0063756 0.0253541 0.00250878 0.000405785 0.0166348 -0.00112374 0.00115071 -0.0386652 -0.0194422 0.00325829 0.0325504 0.00908106 0.00693678 -0.0171377 0.000493424 -0.058328 -0.00183758 0.026191 0.00215268 0.0694652 -0.0367689
internal_weight=7338.32 3072.04 3048.08 181.126 158.033 4266.28 4175.01 3444.53 730.474 127.814 351.611 78.7183 69.1218 148.748 121.386 91.2755 143.317 13.4361 2866.95 427.479 227.975 179.529 107.95 272.893 378.863 90.7535 2439.48 210.109 2229.37 2102.02 127.35 55.426 261.979 288.109 74.3883 199.504 112.727 3316.72 13.0512 33.4075 21.0689 17.889 5.43094 11.6358
internal_count=688545 407306 404511 27300 24969 281239 258838 207329 51509 8551 22799 8902 8713 23313 8190 22401 22580 414 377211 337274 322409 94191 7776 13897 28710 9134 39937 6022 33915 30750 3165 3477 13519 19576 10701 14865 3592 198778 688 19131 5971 5840 733 614
is_linear=0
shrinkage=0.08


Tree=116
num_leaves=45
num_cat=0
split_feature=3 0 7 3 8 1 5 0 3 0 4 8 0 8 1 11 3 4 8 7 7 11 3 1 3 4 0 10 3 4 4 4 10 3 10 8 1 11 4 4 11 1 8 0
split_gain=6.28531 39.013 19.0284 15.4437 12.0728 11.06 21.1023 20.222 17.8182 14.7131 11.6167 10.341 9.76747 13.3989 9.35134 9.21259 8.77662 12.4181 8.53801 21.5235 8.50495 8.36759 7.82987 7.71577 7.54096 7.51806 6.8215 33.2295 21.6027 18.5653 17.1961 32.3793 11.5692 11.4217 6.4391 6.32492 6.16277 5.88108 13.8118 35.6619 5.82041 5.78801 5.76397 5.67607
threshold=0.7243877947330476 0.63686314225196849 0.54416766762733471 0.7228132188320161 0.24037037044763568 0.64326766133308422 1.0000000180025095e-35 0.77015754580497753 0.88493064045906078 0.69631093740463268 0.27922078967094427 0.99829351902008068 0.20601238310337069 0.37688747048377996 0.63453349471092235 0.49327099323272711 0.83752354979515087 0.27922078967094427 0.36930006742477423 0.48290473222732549 0.50658008456230175 0.51686230301857006 0.72850123047828685 0.6832355558872224 0.87585616111755382 0.5634920895099641 0.28778468072414404 0.75000000000000011 0.49205549061298376 0.19090909510850909 0.064583335071802153 0.19090909510850909 0.75000000000000011 0.56980520486831676 0.75000000000000011 0.74203693866729747 0.18350168317556384 0.67497169971466076 0.29285715520381933 0.12916667014360431 0.49591098725795751 0.96808147430419933 0.34297668933868414 0.8263767957687379
decision_type=2 2 2 2 2 2 2 2 2 2 2 2 2 2 2 2 2 2 2 2 2 2 2 2 2 2 2 2 2 2 2 2 2 2 2 2 2 2 2 2 2 2 2 2
left_child=2 20 4 26 15 6 7 8 10 -7 -3 21 13 18 16 23 17 -8 42 -20 -2 -11 -23 -1 -18 -17 27 -4 29 32 33 -32 -28 -30 -15 43 -22 -14 39 -39 -38 -27 -6 -9
right_child=1 5 3 -5 12 9 14 35 -10 11 -12 -13 37 34 -16 25 24 -19 19 -21 36 22 -24 -25 -26 41 28 -29 30 -31 31 -33 -34 -35 -36 -37 40 38 -40 -41 -42 -43 -44 -45
leaf_value=-0.0059172545782619056 -0.0026082997122199238 -0.045384677627152897 0.089889832500394937 -0.14765462808217975 0.13229516242119527 0.051962633729232509 -0.060009449618819391 -0.10178492941149127 0.066401677922749786 0.018957525590444013 -0.14013690453583313 0.056182213806529345 -0.071118666839294645 0.13120989788822507 -0.039614687263853386 -0.10520881802575444 -0.049135360330578706 0.025757300415714019 0.17572493707360987 1.4001804172869579 -0.11783004706060539 0.058527043108543064 0.0005028496311010978 0.05662175446687167 -0.0025498173562425674 -0.0035536089544812677 0.083156785240322786 0.00076382280164803576 0.0035844343215412945 0.10730540767017364 -0.077245792696954654 0.0019735276206883741 -0.030948914580209916 0.050166793676658536 -0.047272955007907583 0.028254272685789755 0.22635589383556937 4.0360146460362287 -0.0044981141608480121 -0.080096327600958056 0.070362161085848265 -0.10646752128635005 -0.043559299807731364 -0.0099586947831567466
leaf_weight=61.449930538503395 11.957194211026943 12.836927947832008 27.239833056810312 4.5856232458900186 3.1126116265659247 37.651626647406374 11.907278042974211 6.1109813844377667 4.2637984627799588 167.64098394141911 23.333045299048536 22.20485865874798 61.506682654409815 1.3832396194338823 38.818799361601123 9.0898158961717836 26.570751824598119 116.63714176015492 0.61343488446436811 0.10806205362314358 1.0869180290028442 14.939113742628249 4025.4242576007382 15.890713965389294 136.39171058654028 21.28891385145835 5.8152047601179211 1561.7605426564696 65.906881408882327 6.6108985267928793 36.76017771527404 324.59690557332942 257.60687079440686 68.909874836564995 19.970179348165402 17.521574198792223 1.5707961822481582 0.019428640604018166 6.9446935262712941 0.043934064924542326 60.123526224517263 4.1850921311415723 1.9340955978841519 14.603542688812011
leaf_count=10590 16531 12269 3061 152 397 9465 8349 5037 453 2605 5093 15158 248141 8 2860 754 3706 9916 175 23 22 1473 252294 475 10408 206 227 19981 1366 133 5272 9347 8278 1400 6124 1229 37 1 4795 118 6651 33 461 3471
internal_value=0.000163306 0.00188657 -0.00302609 -0.000983575 -0.02625 0.000970199 -0.0115969 -0.0488329 -0.0882751 0.00217453 -0.106509 0.00173138 -0.0471215 -0.00648622 -0.00272889 -0.00841264 0.00218304 0.0178126 0.101702 0.359118 0.0592295 0.00144405 0.000717392 0.00693226 -0.0101455 -0.0427487 -0.000698004 0.00229169 -0.00689818 -0.0251069 0.00301156 -0.00608531 -0.02843 0.0273944 -0.0357111 -0.0071236 0.071007 -0.0632071 0.00622959 1.18201 0.0743339 -0.0204612 0.0649009 -0.0370483
internal_weight=7318.93 4751.59 2567.33 2359.79 207.541 4676.86 408.996 78.6699 40.4338 4267.86 36.17 4230.21 95.6364 27.1216 330.326 111.904 291.507 128.544 5.7682 0.721497 74.7384 4208 4040.36 77.3406 162.962 34.5638 2355.21 1589 766.207 270.033 496.174 361.357 263.422 134.817 21.3534 38.2361 62.7812 68.5147 7.00806 0.0633627 61.6943 25.474 5.04671 20.7145
internal_count=688545 367027 321518 49217 272301 343786 62791 27552 17815 280995 17362 271530 260243 7188 35239 12058 32379 18265 1056 198 23241 256372 253767 11065 14114 993 49065 23042 26023 8638 17385 14619 8505 2766 6132 9737 6710 253055 4914 119 6688 239 858 8508
is_linear=0
shrinkage=0.08


Tree=117
num_leaves=45
num_cat=0
split_feature=4 7 4 1 7 5 10 7 7 10 11 8 1 8 0 8 1 0 4 4 4 4 2 10 6 0 1 8 8 7 6 7 0 8 11 6 7 2 3 3 3 1 8 7
split_gain=6.48714 16.2989 9.20527 8.58691 6.3048 8.47073 12.9174 10.1861 8.10023 11.8103 11.875 16.3716 10.2391 8.0026 7.44754 7.40628 10.2257 7.14557 6.75046 6.21285 20.3034 11.4183 11.15 10.5872 7.61439 7.2556 6.08698 5.80081 31.4677 19.985 6.6585 6.34699 8.19042 6.42056 5.52286 18.1515 9.84378 6.28606 5.10597 8.07062 6.37031 4.96319 8.11071 7.65303
threshold=0.90873014926910411 0.82554244995117199 0.83974358439445507 0.8521554470062257 0.98974332213401806 1.0000000180025095e-35 0.35000000149011617 0.99814125895500194 0.95672976970672619 1.0000000180025095e-35 0.54858434200286876 0.96015870571136486 0.25866188108921057 0.92601713538169872 0.88273492455482494 0.957820624113083 0.85565477609634411 0.75162336230278026 0.80909091234207164 0.27922078967094427 0.36931818723678594 0.2264957278966904 0.81284341216087352 0.75000000000000011 0.36700680851936346 0.59675306081771862 0.7320508360862733 0.41799478232860571 0.22611077129840854 0.41277122497558599 0.03637566231191159 0.47769485414028173 0.82097071409225475 0.48724456131458288 0.92431300878524791 0.19292803853750232 0.81106579303741466 0.74210175871849071 0.71346470713615429 0.68801230192184459 0.76123407483100902 0.88548010587692272 0.65586885809898388 0.72245565056800853
decision_type=2 2 2 2 2 2 2 2 2 2 2 2 2 2 2 2 2 2 2 2 2 2 2 2 2 2 2 2 2 2 2 2 2 2 2 2 2 2 2 2 2 2 2 2
left_child=2 3 4 -2 8 19 13 26 27 15 12 -12 -11 -7 -15 16 -10 -17 -9 21 24 23 -22 -6 -21 -23 -8 28 30 -30 -1 32 -29 -33 38 36 -36 -38 39 -5 -40 43 -43 -4
right_child=1 -3 41 34 5 6 7 18 9 10 11 -13 -14 14 -16 17 -18 -19 -20 20 22 25 -24 -25 -26 -27 -28 31 29 -31 -32 33 -34 -35 35 -37 37 -39 40 -41 -42 42 -44 -45
leaf_value=-0.012451377133370037 0.071599019438611522 0.060991910606565405 -0.10119900596100675 0.013847805013962093 0.089828789831235017 0.03234733396755822 -0.36395918551217127 0.060090056607687362 0.0042814464365671092 -0.00064017918201969288 -0.036889800784929809 0.003325450005453564 0.12816871798314444 -0.12191570196646437 -0.01089561274768196 0.057086830455297694 0.06213111144055266 -0.01069403298014565 -0.13435578442059476 -0.10620035637448685 0.035066260632051115 0.19319397095011132 -0.062160769904873278 0.0035370745042536101 0.051901142783589621 0.047529750014204869 -0.040759100435237797 -0.073415850498557811 -0.058740295945254317 -0.013095537910412378 0.0036737668324958723 0.016941933679690057 0.0069190762569574758 0.0017690082271793973 -0.93108300076798667 -0.97284477446519491 -0.56503367687869144 0.027435263968207564 0.094055909080205696 -0.1528582275953049 0.0043329516104303155 0.031350796113340733 -0.090327160530952036 0.077097046449165416
leaf_weight=189.76668292587419 12.238506254943784 36.439339367876528 2.384453386039243 4.1307321451458838 9.252041040977927 14.201391477428844 0.53443620004691084 59.398666738474276 55.546685451408848 134.78431300795637 219.15482725721085 91.978099059080705 4.0688089355826369 5.8716154396533975 11.327816466451623 10.807711297762578 30.181064435048029 126.03180737118237 1.1650697663426388 17.080908364179781 31.003783649590332 2.9998878724873057 9.9784328463138063 552.17739878140856 2.2007843495230182 8.0914715969702211 1.2341594955069011 16.127811866710545 90.926114010115271 188.99366598184497 1201.8195793660925 188.29873231881356 16.362950077684218 3426.5520642335177 0.079109598009380444 0.15153946413192887 0.12399460398592022 1.5145052068983205 5.1226965132082105 3.3789097395783756 445.5084041482769 4.4357556677860002 16.727309557667468 4.3543657713453285
leaf_count=2361 284 45421 26 224 1653 715 34 17743 452 2188 9204 4200 26 81 328 224 287 1143 207 323 5193 17 2400 9709 298 172 188 45160 316780 39779 22257 25791 11326 97381 52 13 91 1120 276 88 21841 90 322 59
internal_value=0.000728386 0.00944012 7.14537e-05 0.00546231 0.000261908 0.00729991 0.0297443 0.050823 -0.000591521 -0.0088637 -0.0163194 -0.0250012 0.0031343 -0.012098 -0.0487961 0.00621023 0.0246478 -0.00534064 0.0563495 0.00397526 -0.0204576 0.00654708 0.0113932 0.00495911 -0.0881549 0.0869277 -0.138424 0.000454473 -0.00344818 -0.0279223 0.00147483 0.00224298 -0.0329577 0.00255937 0.00370275 -0.133533 -0.0594826 -0.0174002 0.00426265 -0.0611604 0.00535291 -0.0457841 -0.0648236 0.014009
internal_weight=7254.51 508.688 6745.82 472.248 6717.92 726.518 93.7332 62.3323 5991.4 672.553 449.986 311.133 138.853 31.4008 17.1994 222.567 85.7277 136.84 60.5637 632.785 60.2639 572.521 40.9822 561.429 19.2817 11.0914 1.7686 5318.85 1671.51 279.92 1391.59 3647.34 32.4908 3614.85 460.01 1.86915 1.71761 1.6385 458.141 7.50964 450.631 27.9019 21.1631 6.73882
internal_count=687527 69410 618117 23989 617620 39061 19296 18172 578559 17724 15618 13404 2214 1124 409 2106 739 1367 17950 19765 8214 11551 7593 11362 621 189 222 560835 381177 356559 24618 179658 56486 123172 23705 1276 1263 1211 22429 312 22117 497 412 85
is_linear=0
shrinkage=0.08


Tree=118
num_leaves=45
num_cat=0
split_feature=4 11 4 1 11 8 12 11 5 3 2 2 8 5 6 6 2 6 6 2 0 3 3 3 3 2 4 4 0 4 1 5 3 6 6 2 1 1 8 11 5 8 10 8
split_gain=5.5732 14.8199 7.70533 7.50261 5.0281 10.3937 9.97349 13.8973 5.36721 5.12458 9.12594 5.84028 4.57652 11.1518 5.12577 7.75677 5.67842 5.56025 5.08673 4.75365 17.0409 10.2347 13.6728 6.34118 5.4478 18.738 40.9179 22.0761 16.0116 8.90098 7.46333 5.33313 4.88696 4.68751 4.35515 4.23746 6.67627 4.11188 6.68058 6.49131 4.01436 3.81967 3.73138 5.15652
threshold=0.90873014926910411 0.93045547604560863 0.83974358439445507 0.8521554470062257 0.82952332496643078 0.3081014752388001 1.0000000180025095e-35 0.92431300878524791 1.0000000180025095e-35 0.71346470713615429 0.65419578552246105 0.90366768836975109 0.99829351902008068 1.0000000180025095e-35 0.65881377458572399 0.36285266280174261 0.18677325546741488 0.7245689630508424 0.75235849618911754 0.91545844078063976 0.91945946216583263 0.87585616111755382 0.93063354492187511 0.84680575132370006 0.98484501242637645 0.81530213356018078 0.52272728085517894 0.58571431040763866 0.95040982961654674 0.30384616553783422 0.65240275859832775 1.0000000180025095e-35 0.91734972596168529 0.68313008546829235 0.027402402833104137 0.79502627253532421 0.80229884386062633 0.88548010587692272 0.65586885809898388 0.88540819287300121 1.0000000180025095e-35 0.51630628108978283 1.0000000180025095e-35 0.32846482098102575
decision_type=2 2 2 2 2 2 2 2 2 2 2 2 2 2 2 2 2 2 2 2 2 2 2 2 2 2 2 2 2 2 2 2 2 2 2 2 2 2 2 2 2 2 2 2
left_child=2 3 12 35 9 -6 7 -7 -8 10 -5 -11 19 14 15 34 -17 33 -19 24 23 31 -23 -21 25 27 -27 -1 29 -26 -30 -22 -25 -16 -14 -2 -37 39 41 -4 -40 -39 43 -3
right_child=1 42 37 4 5 6 8 -9 -10 11 -12 -13 13 -15 17 16 -18 18 -20 20 21 22 -24 32 28 26 -28 -29 30 -31 -32 -33 -34 -35 -36 36 -38 38 40 -41 -42 -43 -44 -45
leaf_value=-0.0024678602688151573 0.12127603779754675 -0.45359905697768688 -0.09101421258805345 -0.0068253513383435393 -0.51991680266685936 -0.031205150648775572 -0.12183136031908336 -0.34291183027096905 0.056261000654196772 0.033635914829953817 -0.22493841599690922 0.0039757303872703983 0.068629059846285187 0.080946258865820714 -0.005013737044581662 -0.050301066603381114 0.041774440394389219 0.079429105660358518 -0.0078769137358391007 -0.10229859506603331 -0.28541170148288414 0.039678735096813321 7.8920685689860845e-05 0.096166932579070746 -0.069630445025050502 0.0055059077528044655 -0.031743610277087372 0.014881677656713083 -0.014467542234223852 0.075612957228516034 0.0042653307807182673 -0.053936245008695524 0.040160219569213951 -0.10301652334276291 -0.010935227600409518 -0.097363953813064466 0.077234365236387256 -0.031568768419218157 0.010440998779428725 0.072778746224368349 -0.097869285983993068 0.12063761216172307 0.076800069330642068 0.025806648225729367
leaf_weight=3132.3619838789564 5.269312679753055 0.14568799478001793 2.4367876098258447 4.5634071149688671 0.26499246183084224 36.236319717485458 1.1858389505650819 0.93913917220197518 12.491287457116414 48.284288964379812 1.6795632864377692 353.93050779943587 4.7873059526900752 14.010970766044919 5.6610439399955776 4.6103917006403199 61.048004066309659 4.7095238605397745 45.86941903695697 1.6360052199161135 0.66918618651106676 62.547635963557696 517.44015444261095 14.624215022515271 2.9988316658200374 366.10027320799418 389.56759140782742 552.11648661859363 152.83627678656194 27.133382352309127 1244.0723147165118 13.252047069079708 31.337001828484063 6.9684152012341656 54.845228044898249 1.9927066057716727 4.7253484456014121 2.648686941261988 2.5807612039498062 4.2482010194216855 14.466568820993416 1.7539848340675233 24.048588826670311 9.9805371821275894
leaf_count=450316 118 3 26 204 52 1647 544 293 5613 1974 29 13448 319 7333 114 72 3337 100 1896 79 43 3969 26676 640 637 22180 15196 20068 8969 1348 48971 708 1615 150 2884 36 135 71 55 59 267 19 41539 3775
internal_value=0.000676423 0.00877608 6.86034e-05 0.00508942 0.00345971 -0.0201941 -0.0175901 -0.0390796 0.04082 0.00641994 -0.0655049 0.00753632 0.000243749 0.0120873 0.00696905 0.0163391 0.0353091 -0.0116042 0.000252354 -0.000124748 0.00641365 0.00272245 0.00434948 0.0524717 -0.000839642 -0.00222163 -0.0136972 0.000131956 0.00346034 0.061158 0.00221576 -0.0650631 0.0579808 -0.0590876 -0.0045478 0.0675697 0.0254451 -0.04171 -0.0587835 0.0130735 -0.0814724 0.0290689 0.0596467 0.0189093
internal_weight=7245.08 505.738 6739.34 471.563 459.575 51.1176 50.8526 37.1755 13.6771 408.458 6.24297 402.215 6711.2 202.51 188.499 125.291 65.6584 63.2084 50.5789 6508.69 641.506 593.909 579.988 47.5972 5867.19 4440.15 755.668 3684.48 1427.04 30.1322 1396.91 13.9212 45.9612 12.6295 59.6325 11.9874 6.71806 28.135 21.45 6.68499 17.0473 4.40267 34.1748 10.1262
internal_count=687527 69410 618117 24093 23804 8149 8097 1940 6157 15655 233 15422 617620 16205 8872 6612 3409 2260 1996 601415 33730 31396 30645 2334 567685 507760 37376 470384 59925 1985 57940 751 2255 264 3203 289 171 497 412 85 322 90 45317 3778
is_linear=0
shrinkage=0.08


Tree=119
num_leaves=45
num_cat=0
split_feature=7 5 10 7 7 1 5 3 0 3 2 2 1 7 2 6 0 2 3 3 0 2 2 12 7 0 10 7 12 1 3 2 5 10 0 7 6 10 7 2 3 0 2 3
split_gain=5.30123 8.74862 11.8468 8.03389 7.63507 9.58117 10.3976 9.92699 9.49468 9.32594 19.0678 8.59628 11.9604 7.36099 7.31443 7.1591 12.6555 6.44143 6.32578 6.17935 8.6203 5.66704 5.58043 5.31742 5.4296 5.26801 5.16271 22.9731 10.6142 9.68879 7.83313 9.7527 7.08884 29.346 30.1876 19.6017 19.7251 11.6988 8.55618 8.29433 10.3825 16.9191 16.8973 6.33662
threshold=0.98974332213401806 1.0000000180025095e-35 0.35000000149011617 0.99814125895500194 0.95672976970672619 0.83796653151512157 1.0000000180025095e-35 0.87939393520355236 0.85867896676063549 0.7243877947330476 0.61620295047760021 0.78305691480636608 0.87206766009330761 0.96019801497459423 0.77836257219314586 0.10102041065692903 0.92403846979141246 0.6900656819343568 0.86729559302330028 0.8521554470062257 0.69282051920890819 0.82413583993911754 0.80217391252517711 1.0000000180025095e-35 0.97735819220542919 0.58280590176582348 1.0000000180025095e-35 0.48022346198558813 1.0000000180025095e-35 0.45923791825771337 0.7243877947330476 0.54085850715637218 1.0000000180025095e-35 0.75000000000000011 0.7228132188320161 0.9388999640941621 0.47673159837722784 0.35000000149011617 0.92009389400482189 0.97530490159988414 0.91458967328071605 0.90521115064620983 0.88047617673873912 0.78830561041831981
decision_type=2 2 2 2 2 2 2 2 2 2 2 2 2 2 2 2 2 2 2 2 2 2 2 2 2 2 2 2 2 2 2 2 2 2 2 2 2 2 2 2 2 2 2 2
left_child=4 -2 21 -4 26 6 13 8 -7 10 25 12 -10 -6 -12 17 -17 -11 -13 20 -15 -3 -9 24 -24 -8 27 28 -1 -29 31 -31 39 35 43 37 -37 -34 -36 40 42 -42 -28 -35
right_child=1 2 3 -5 5 7 9 22 11 15 14 18 -14 19 -16 16 -18 -19 -20 -21 -22 -23 23 -25 -26 -27 32 29 -30 30 -32 -33 33 34 38 36 -38 -39 -40 -41 41 -43 -44 -45
leaf_value=-0.076540100338995859 0.003732062799965435 -0.031156893223780322 -0.10415269389227227 0.055855245549838783 -0.0315375865274845 0.065424444344988161 -0.082727308900847757 0.11761503436887207 -0.080390849604724993 0.068509236434385459 -0.15689122112138554 -0.053661667713503947 0.072049882368766638 0.0066995305962887254 0.0031134159168601117 -0.05351845035590902 -0.0091847855057639958 -0.0059304138764224327 -0.18758840170743252 0.043275791682661692 -0.038656860052825856 0.04262013566609326 0.0019658917103153161 0.066277629298931565 0.046505486776551294 0.01541243217599023 -0.0024315408269764472 0.043868873863397086 -0.0037278696218769752 0.021440687566167637 -0.00059045408764079699 -0.039247795603935265 0.0027160102574305136 0.084037113919755907 0.0075537152015114177 -0.058326107871674013 -0.43615703470635458 -0.023735987388135468 0.029695908948376516 -0.1550956266992734 0.0637764317473071 0.001512760273585785 -0.093059960537852399 0.015163625494466527
leaf_weight=38.803340696133091 632.73960554813675 22.673895388987148 2.0783889745362094 59.528647684375755 45.4734154130565 6.5509598057251415 4.7360118692740825 3.6903412188694338 5.4598465026356271 9.0099101997911912 12.357601885683833 21.62354943758692 8.3038607408525404 163.2182233921485 2.1460421644151202 68.671616407111287 103.04594634193927 42.68813521793345 2.520212856354191 22.780599674733821 32.090670042205602 9.4365751193836314 80.655968616076279 12.81747676154191 22.376522380945971 13.419091708259655 1600.2763149726306 29.964112223264237 19.130251423805021 22.333055953793519 1406.3941520746084 70.269735534704523 1763.7117256882921 52.980889921978815 362.19267968198983 21.788207509467615 0.92172073060646553 113.91653889094596 161.49081814181409 2.2501340325688934 39.745206468156539 93.965331223385874 13.275657736667197 10.194403726403833
leaf_count=329878 20989 484 344 28695 682 163 46 192 107 197 210 545 1311 2858 13 778 2241 721 141 1241 390 1310 4743 6241 2159 255 110350 4948 9298 4802 23742 6529 51557 1723 34025 1040 25 3056 21258 60 2681 4532 669 298
internal_value=0.000629047 0.00711079 0.0299224 0.0504572 -9.45635e-05 -0.00809256 -0.0134131 0.00876585 -0.0235086 -0.0248937 -0.0648247 -0.0388775 0.011579 -0.00225871 -0.133216 -0.0190566 -0.0269143 0.00704289 -0.0676414 0.00384617 -0.000752854 -0.00947541 0.0207691 0.0176841 0.011639 -0.0101887 0.000844326 -0.00304768 -0.0524968 -0.00117401 -0.00207439 -0.0246115 0.00230211 0.00504663 0.0206838 0.000217594 -0.073661 0.00111116 0.0143818 -0.00159965 -0.00140197 0.0200205 -0.0031772 0.0729232
internal_weight=7233.7 726.457 93.7175 61.607 6507.24 683.636 519.637 163.999 44.4584 256.074 32.6587 37.9075 13.7637 263.563 14.5036 223.416 171.718 51.698 24.1438 218.089 195.309 32.1105 119.54 115.85 103.032 18.1551 5823.6 1586.89 57.9336 1528.96 1499 92.6028 4236.71 2487.2 586.859 1900.34 22.7099 1877.63 523.683 1749.51 1747.26 133.711 1613.55 63.1753
internal_count=687527 51822 30833 29039 635705 25234 9632 15602 2267 4461 524 2104 1418 5171 223 3937 3019 918 686 4489 3248 1794 13335 13143 6902 301 610471 379197 339176 40021 35073 11331 231274 112982 57304 55678 1065 54613 55283 118292 118232 7213 111019 2021
is_linear=0
shrinkage=0.08


Tree=120
num_leaves=45
num_cat=0
split_feature=7 3 0 2 4 0 7 0 4 11 1 1 3 4 3 6 11 1 12 6 4 0 3 5 6 2 3 7 7 7 3 3 6 6 7 12 1 6 6 6 7 4 1 1
split_gain=4.0622 7.22647 30.5493 24.1979 22.2145 29.8696 20.7273 18.3745 17.1716 22.705 13.8171 23.8303 13.4223 18.5555 9.47066 9.19868 8.61457 8.34342 7.79118 7.66592 7.29074 6.95633 17.1645 16.8724 10.0292 45.2108 20.0294 6.52538 6.48386 8.10095 6.92121 19.2352 6.47036 6.45001 6.30174 9.61946 6.26771 12.6379 5.86097 5.83698 5.80074 5.67649 5.1178 19.4272
threshold=0.98974332213401806 0.7243877947330476 0.64565756916999828 0.60922586917877208 0.30384616553783422 0.32495285570621496 0.95090001821517955 0.80229884386062633 0.47727273404598242 0.75632518529891979 0.61938297748565685 0.49332858622074133 0.45534290373325353 1.0000000180025095e-35 0.72850123047828685 0.27823315560817724 0.38431020081043249 0.49332858622074133 1.0000000180025095e-35 0.072077922523021712 0.78888890147209179 0.75582656264305126 0.87026646733284008 1.0000000180025095e-35 0.22792208194732669 0.70647653937339794 0.93063354492187511 0.45536506175994879 0.50658008456230175 0.53368237614631664 0.92031747102737438 0.92637759447097789 0.27622890472412115 0.19803921878337863 0.52449017763137828 1.0000000180025095e-35 0.33534136414527899 0.16530054807662967 0.49603174626827246 0.78319624066352855 0.52011558413505565 0.27922078967094427 0.81861472129821788 0.83250823616981517
decision_type=2 2 2 2 2 2 2 2 2 2 2 2 2 2 2 2 2 2 2 2 2 2 2 2 2 2 2 2 2 2 2 2 2 2 2 2 2 2 2 2 2 2 2 2
left_child=1 3 28 4 5 33 10 8 9 -6 11 40 38 -14 -4 32 -10 -8 -13 27 -21 22 23 -16 25 -23 -26 -9 30 34 36 -32 -12 -1 -30 -36 37 -3 -7 -35 -5 -33 -19 -44
right_child=-2 2 14 6 7 12 17 19 16 -11 15 18 13 -15 21 -17 -18 42 -20 20 -22 24 -24 -25 26 -27 -28 -29 29 -31 31 41 -34 39 35 -37 -38 -39 -40 -41 -42 -43 43 -45
leaf_value=-0.028636409226413508 0.0052501256942221351 1.5574201695984586 0.048264355660008688 -0.061598570508888041 0.04141418214282868 -0.063442799377166473 0.090424718879353952 -0.065858363513447371 -0.18411177123526121 -0.058314945857332261 -0.003056016205604173 -0.067002947664113077 0.0048364093242944314 -0.042820888709849056 -0.060628097927204243 -0.078157137618021399 0.076512916903292288 -0.087154485901792769 -0.15251033209650403 -0.047531153270860646 0.084389732912761292 0.042034894560169324 0.041953868588906061 -0.0080828761619059341 -0.021829604668707474 0.00044908443174564833 0.00010875921262925354 0.059348093023718448 0.11290672414837534 0.058367302263392019 1.0997545671519746 -0.071662666356842042 0.25052144852738045 0.009382721208195834 0.78960768696939754 0.17431852911551868 -0.019079523405196641 -0.080161191400253726 -0.0098689949872603957 -0.0024768695823672352 0.085876016182382331 0.51983505541631225 -0.54569472197195612 -0.097800686010149962
leaf_weight=47.707878345048812 723.79426273981517 0.048733985866417195 25.705868400036707 2.2499748749360133 54.3972452821763 73.255902972006879 1.5482030296698237 3.4425372167243031 0.82343090698122878 19.975337141193449 122.42431465710979 20.207379836792825 114.85260135553108 95.984501204708067 54.652393262640544 10.975374843623284 56.855260444332089 26.109469349728901 10.294048878480682 32.830892640711681 2.9196050403552354 179.03011103735116 30.090491799897791 137.52601822458018 346.70916191728975 2556.6143994271551 1149.0062018615317 11.779451734983011 1.0740160757268302 57.467964677722193 0.13534648844506669 0.50644164983532391 0.64740751421049836 392.18000571290031 0.27446214304654848 0.39906782284379005 12.195778815457741 0.079141261703625787 15.906899558627627 822.90624430737807 7.073147554663592 0.1306185007415479 0.76903538871556465 3.1934537854976952
leaf_count=3308 51846 5 4275 2620 17394 12379 31 875 7 171 18549 15238 18363 176211 25198 4526 2588 373 568 5555 78 10978 4265 23596 35396 152612 44553 772 241 5177 33 392 99 12966 104 3 18348 268 971 16818 269 7 17 154
internal_value=-0.000435088 -0.00106787 0.000678264 -0.00514091 -0.00208449 -0.00517273 -0.0311077 0.0242853 0.0400338 0.0146285 -0.0202726 -0.0616475 -0.027864 -0.0168598 -0.000154464 -0.00798037 0.0727922 -0.0906871 -0.0958612 -0.0165136 -0.0367577 -0.000433933 -0.014229 -0.0230259 0.000290708 0.0031706 -0.00497659 0.031032 0.0522616 0.0635272 0.00132258 0.233627 -0.0017221 0.00021801 0.23321 0.425048 -0.0132375 0.54393 -0.0538851 0.00135092 0.0502856 0.049614 -0.100011 -0.184727
internal_weight=7226.75 6502.96 4551.65 1951.31 1745.82 1562.79 205.492 183.024 132.051 74.3726 173.872 39.8246 300 210.837 4479.33 134.047 57.6787 31.6202 30.5014 50.9725 35.7505 4453.63 222.269 192.178 4231.36 2735.64 1495.72 15.222 72.3116 59.2155 13.0961 0.772407 123.072 1262.79 1.74755 0.67353 12.3237 0.127875 89.1628 1215.09 9.32312 0.63706 30.072 3.96249
internal_count=688197 636351 325451 310900 268456 241016 42444 27440 20160 17565 41869 18695 207924 194574 300873 23174 2595 575 15806 7280 5633 296598 53059 48794 243539 163590 79949 1647 24578 5525 19053 432 18648 33092 348 107 18621 273 13350 29784 2889 399 544 171
is_linear=0
shrinkage=0.08


Tree=121
num_leaves=45
num_cat=0
split_feature=11 4 4 0 4 5 3 7 12 4 5 4 3 3 7 1 7 1 3 1 2 4 4 2 4 12 11 0 7 1 0 3 2 0 3 10 3 10 3 4 4 3 3 2
split_gain=4.12723 14.249 13.8936 7.58814 9.04639 11.1946 9.99425 9.32663 9.01924 8.03478 11.8237 7.11362 22.145 6.8985 6.56933 10.0149 5.78038 5.02188 5.00573 7.47577 11.9439 31.2423 7.2667 6.54548 6.9231 5.3048 4.38318 6.90642 4.24026 4.13641 4.10406 4.73176 6.16954 3.34131 3.31878 20.1976 9.57912 15.8205 14.3047 11.1809 39.0306 38.283 17.4083 13.3928
threshold=0.92431300878524791 0.5634920895099641 0.90873014926910411 0.98484501242637645 0.63068181276321422 1.0000000180025095e-35 0.93419912457466137 0.97035562992095958 1.0000000180025095e-35 0.70714285969734203 1.0000000180025095e-35 0.61250001192092907 0.87939393520355236 0.97332859039306652 0.82554244995117199 0.89512962102890026 0.85805860161781322 0.96039214730262767 0.91010102629661571 0.85565477609634411 0.87841832637786876 0.47727273404598242 0.30384616553783422 0.63211598992347728 0.47727273404598242 1.0000000180025095e-35 0.95033723115921032 0.9569842815399171 0.83680707216262828 0.87841832637786876 0.94312667846679699 0.79469618201255809 0.77836257219314586 0.89512962102890026 0.31698563694953924 0.75000000000000011 0.4248871803283692 0.75000000000000011 0.40312500298023229 1.0000000180025095e-35 0.16025641560554507 0.63944444060325634 0.55625879764556896 0.24525599926710132
decision_type=2 2 2 2 2 2 2 2 2 2 2 2 2 2 2 2 2 2 2 2 2 2 2 2 2 2 2 2 2 2 2 2 2 2 2 2 2 2 2 2 2 2 2 2
left_child=34 18 3 8 5 7 -7 -5 11 10 -6 13 -13 -3 15 -4 -10 -11 22 23 21 -21 -2 24 28 -26 -22 -28 -20 -23 31 32 -24 -25 35 -1 37 -36 -39 41 -41 -38 -42 -43
right_child=1 2 14 4 9 6 -8 -9 16 17 -12 12 -14 -15 -16 -17 -18 -19 19 20 26 29 30 33 25 -27 27 -29 -30 -31 -32 -33 -34 -35 36 -37 39 38 -40 40 42 43 -44 -45
leaf_value=0.088380114381855432 -0.25937599542620721 0.024772471971030097 -0.39598298922915859 -0.16699433032006603 -0.053382707096646706 0.079887774029552411 -0.031958032357199122 -0.010381647672263041 -0.2055164552789151 -0.0071308805500705594 0.014405143890500311 -0.11828513536680527 0.011718947333573329 -0.11322278441196314 0.060449542382633281 0.0042606182020228592 0.059708980904960129 -0.12361056124327957 -0.073669060697361094 -0.61599315366610174 0.028277624583485674 -0.001996310964652533 0.018412418336259895 -0.085168540995822564 -0.048668771973343093 0.026390107017294974 -0.14571586582138088 0.047972126995877072 0.070504846771801299 -0.26222888371303171 0.092879987681916049 0.054879433870410721 -0.22241181276946134 0.040774029327118495 0.085926984555774424 0.0012073880747075208 -0.0022264638666396603 -0.010652922157336162 -0.055925214236139123 -0.082369767126139998 0.046732240099358231 -0.058873941098302317 -0.0022724552863083261 0.061606147711677085
leaf_weight=17.249542241130257 0.46287138562184083 74.212910788482986 0.49417897453531567 6.6441212978679669 17.709426507004537 5.8206993263447648 42.065531457861653 3.8401997096952982 0.53567658597603696 535.54401720355963 234.83652438872377 11.012882850365711 35.152575263433391 2.3932650991482651 31.640603372768965 2.1018789985100739 28.824825497460552 2.379423010890604 1.5055532436817873 0.74944222904742064 12.502910258714111 2.6444723383174282 2.2798399949679165 1.3701817030087102 17.75668312900234 9.1220246849115956 2.7155037262709802 2.0812514397548512 9.8287343450356257 0.45872315648011852 13.269783256313531 12.459313254192237 0.97069487581029523 84.003972427890403 9.8564639168034756 1227.9327544628904 324.64261543235625 333.56790823029587 51.573962093949376 38.749483454233996 46.95983534818879 6.2965565975755444 3850.2512186946824 94.964596572383016
leaf_count=2794 53 4877 28 103 1393 107 1333 1095 41 19610 11098 360 1849 226 45420 1253 4641 118 15 33 1797 188 160 92 480 726 865 552 1580 38 504 1374 17 5053 1294 23111 23663 13616 3567 90936 21568 260 383481 16828
internal_value=-0.000402738 0.00386084 0.000298899 -0.00141513 -0.00436392 -0.034756 -0.0183629 -0.10963 0.015038 -0.00211968 0.00965162 0.00551232 -0.0192938 0.0204613 0.0504117 -0.0719287 0.05487 -0.00764611 0.0250304 0.0189137 -0.0250336 -0.15242 0.0551 0.0264354 -0.00108351 -0.0231955 0.00333548 -0.0616771 0.051354 -0.0404646 0.0601229 0.0324537 -0.053504 0.0387528 -0.00126183 0.00241499 -0.0022243 -0.014154 -0.0167153 -0.00114398 -0.00247634 0.0111689 -0.00168197 0.0541145
internal_weight=7211.44 1209.39 1035.21 1000.97 848.84 58.3706 47.8862 10.4843 152.132 790.469 252.546 122.772 46.1655 76.6062 34.2367 2.59606 29.3605 537.923 174.182 144.739 21.1523 3.85264 29.4425 123.587 38.213 26.8787 17.2997 4.79676 11.3343 3.1032 28.9796 15.7098 3.25053 85.3742 6002.04 1245.18 4756.86 394.998 385.142 4361.86 3935.96 425.904 3897.21 101.261
internal_count=688197 107079 93552 46851 34857 2638 1440 1198 11994 32219 12491 7312 2209 5103 46701 1281 4682 19728 13527 11419 3473 259 2108 7946 2801 1206 3214 1417 1595 226 2055 1551 177 5145 581118 25905 555213 18477 17183 536736 495985 40751 405049 17088
is_linear=0
shrinkage=0.08


Tree=122
num_leaves=45
num_cat=0
split_feature=8 8 10 12 2 8 5 10 11 11 8 4 10 1 4 2 4 8 11 8 2 4 5 4 1 6 1 6 1 0 0 2 4 6 1 1 11 0 6 11 0 4 6 1
split_gain=3.87188 16.7375 20.3091 22.0326 11.374 8.94263 10.938 7.61657 9.18946 6.88308 6.63118 6.32185 5.41876 5.74551 5.28429 5.86621 4.99584 8.15516 7.30451 4.64826 4.63324 6.88141 10.0944 13.8928 9.36779 6.51098 9.97187 9.39446 5.30687 7.83348 4.60835 4.23021 16.9637 9.96929 10.289 14.6228 12.2194 7.80151 8.85943 5.70421 5.66245 4.77168 23.8907 16.7962
threshold=0.4349645227193833 0.22611077129840854 0.75000000000000011 1.0000000180025095e-35 0.63100686669349682 0.27130751311779028 1.0000000180025095e-35 1.0000000180025095e-35 0.75074693560600292 0.28814046084880834 0.43085423111915594 0.16025641560554507 1.0000000180025095e-35 0.45199692249298101 0.087121214717626586 0.90999102592468273 0.78888890147209179 0.42887799441814428 0.72698858380317699 0.26709130406379705 0.82413583993911754 0.58571431040763866 1.0000000180025095e-35 0.36931818723678594 0.88047617673873912 0.16823899745941165 0.84889996051788341 0.11583184450864793 0.80982521176338207 0.93908473849296581 0.22792208194732669 0.89377820491790783 0.47727273404598242 0.17274536192417148 0.90815371274948131 0.75134408473968517 0.88540819287300121 0.92637759447097789 1.0000000180025095e-35 0.8535020947456361 0.99504950642585765 0.72077924013137828 0.17902930825948718 0.90501254796981823
decision_type=2 2 2 2 2 2 2 2 2 2 2 2 2 2 2 2 2 2 2 2 2 2 2 2 2 2 2 2 2 2 2 2 2 2 2 2 2 2 2 2 2 2 2 2
left_child=1 11 3 30 9 6 -6 8 -5 -4 -10 12 13 -1 -9 -16 18 -18 -7 -11 21 22 23 -13 -24 27 -27 -23 29 -22 -3 41 -33 34 35 -34 -37 38 -36 -39 -35 -2 43 -43
right_child=31 2 4 7 5 16 -8 14 10 19 -12 20 -14 -15 15 -17 17 -19 -20 -21 28 25 24 -25 -26 26 -28 -29 -30 -31 -32 32 33 40 37 36 -38 39 -40 -41 -42 42 -44 -45
leaf_value=-0.048697549492042212 0.00083627560707163421 0.1084781021945256 0.021002275808283889 -0.038679405547771044 0.56663130022348074 -0.0075276469746502189 0.098946732656629441 0.079160068766418012 0.052892399821356489 -0.064761492293531231 -0.13578165009328905 -0.016746360492044286 -0.060763274166208962 0.42888675071677645 -0.071770356002953783 0.0014529824211993909 -0.011835817436156066 -0.39936028332428103 0.070149345398491741 -0.01425238136476043 -0.05225000445076651 0.019512231483323986 -0.0055297680178565756 0.061958337863001665 -0.20027990013043948 0.0085368468980944953 -0.091112491902072879 0.080739922187633567 -0.0017386674317761946 0.078325301306434489 -0.073284210380862469 0.061796716427078284 0.097841692922774934 0.10287774184639412 -0.012805644165084474 0.017772302899845212 -0.052928339659473259 -0.018947042985466168 0.057308104122235103 0.0054347190574872027 0.023826009939439459 0.098213352393231687 -0.014702680944787239 0.0049701129574786689
leaf_weight=0.34303499014640415 3916.8542927760063 0.90337393153458734 35.115431047481252 13.386235150857827 0.41766554370405962 12.665290283068314 1.3693255709949881 2.3113423996837801 23.781266833015255 12.447286838767466 1.2551131022628386 24.506176682029036 14.727289233866031 0.30416370018065209 20.093639685859674 10.747612882929387 8.5549966295075102 0.36226441012695509 19.955861802765867 184.5644565214825 24.963594904635105 110.38049778105051 341.2805731913104 34.648292606143514 1.5880996976047743 168.98401669072337 6.6810925597092128 18.764724332082551 1001.83454638283 3.3330368027091017 75.729003239228405 34.052646791591542 5.7482955744781057 6.2819458979065521 17.310235020580876 21.269141045901051 59.170084090175806 75.088533827009087 34.564977611516952 337.13890278757026 75.450394168379717 21.088072125072358 388.84387533852714 29.885971663403325
leaf_count=116 159286 77 4304 7947 31 2273 106 165 867 132 37 5829 3714 231 2010 338 788 41 1322 15945 239 853 6771 1229 10 1042 47 148 7714 30 363583 2986 446 376 623 631 1890 3106 3128 62313 3924 445 11203 9901
internal_value=-0.000364308 -0.0031831 -0.0174525 -0.0413314 -0.00460446 0.0330239 0.208257 -0.00941513 0.014826 -0.0116276 0.0434339 0.000266793 -0.050807 0.175753 -0.0375098 -0.0462534 0.0254854 -0.027579 0.0399909 -0.0174436 0.000718865 0.00570684 -0.00116636 0.029353 -0.00643181 0.0147721 0.00474687 0.0284086 -0.00270368 -0.0368696 -0.0711415 0.000856876 0.00679455 0.0038311 -4.10975e-05 -0.0254254 -0.0342342 0.00467296 0.0339119 0.000993504 0.0299019 -5.09129e-05 -0.00795188 0.043545
internal_weight=7198.75 2176 423.66 148.208 275.453 43.3254 1.78699 71.5752 38.4226 232.127 25.0364 1752.34 15.3745 0.647199 33.1526 30.8413 41.5384 8.91726 32.6212 197.012 1736.96 706.833 402.023 59.1545 342.869 304.81 175.665 129.145 1030.13 28.2966 76.6324 5022.75 666.075 632.023 550.29 86.1875 80.4392 464.103 51.8752 412.227 81.7323 4356.67 439.818 50.974
internal_count=688197 427939 399966 375024 24942 4561 137 11364 8851 20381 904 27973 4061 347 2513 2348 4424 829 3595 16077 23912 15929 13839 7058 6781 2090 1089 1001 7983 269 363660 260258 79423 76437 72137 2967 2521 69170 3751 65419 4300 180835 21549 10346
is_linear=0
shrinkage=0.08


Tree=123
num_leaves=45
num_cat=0
split_feature=12 11 8 7 8 4 4 4 7 10 0 7 7 2 6 4 8 8 0 10 0 2 1 0 1 8 8 2 1 8 6 8 2 1 11 6 4 8 6 1 11 0 0 8
split_gain=4.88875 5.54091 14.2847 9.49598 8.97091 6.55299 5.90892 13.9864 19.9401 13.5402 13.4683 20.7904 12.2678 10.9626 10.4412 10.9606 8.81592 8.16097 6.77815 6.60547 13.2835 7.40989 7.15944 22.7206 10.9066 7.52704 6.28362 6.20228 6.1853 5.89325 5.91545 4.46095 4.44712 11.5936 9.77684 4.34042 3.74403 4.81597 5.1664 3.14404 7.04451 2.98835 2.82962 2.78982
threshold=1.0000000180025095e-35 0.89163014292716991 0.7099788784980775 0.94764256477355968 0.95090001821517955 0.90873014926910411 0.34848485887050634 0.43650794029235845 0.91388580203056347 0.75000000000000011 0.75905716419219982 0.94555336236953746 0.8975815773010255 0.64051282405853283 0.42146381735801702 0.41428571939468389 0.87885582447052013 0.84787616133689891 0.86616915464401256 0.75000000000000011 0.63211598992347728 0.56691542267799389 0.71834936738014232 0.7228132188320161 0.69860395789146434 0.38115416467189794 0.84787616133689891 0.58102023601531994 0.94312667846679699 0.56189060211181652 0.12973351776599887 0.65586885809898388 0.77836257219314586 0.80229884386062633 0.9022241234779359 0.23861283808946612 0.73030304908752453 0.45078563690185552 0.30079366266727453 0.37573529779911047 0.34111164510250097 0.59675306081771862 0.82097071409225475 0.92870518565177929
decision_type=2 2 2 2 2 2 2 2 2 2 2 2 2 2 2 2 2 2 2 2 2 2 2 2 2 2 2 2 2 2 2 2 2 2 2 2 2 2 2 2 2 2 2 2
left_child=43 6 36 4 5 35 19 8 14 12 11 -10 31 42 15 -8 -14 -12 -16 20 39 26 23 25 -25 -21 -22 -23 -15 30 -24 -9 -5 34 -34 -4 -3 38 -38 41 -41 -2 -11 -1
right_child=1 2 3 32 -6 -7 7 9 10 13 17 -13 16 28 18 -17 -18 -19 -20 22 21 27 29 24 -26 -27 -28 -29 -30 -31 -32 -33 33 -35 -36 -37 37 -39 -40 40 -42 -43 -44 -45
leaf_value=-0.0020463954945860703 0.079098006412378338 0.062564304797971301 0.007120102111150114 0.053805444761288214 -0.3178854191176741 0.056277976484130091 0.010926769091294657 0.00138524840776716 -0.3966776235546372 0.085249666344363623 0.043389793419275922 -0.067577889806682598 -0.12464706579560876 0.018133347905194688 -0.15610896070524574 -0.071691836084106064 -0.020804324320132312 -0.11553518786812453 0.007551116417502393 -0.035753855613054109 -0.070869373311665665 0.16160073220527035 -0.087726724424361024 -0.065567032740288286 -0.25190461087811222 0.0052286560342715066 0.11240972325283123 0.010358430737570421 -0.043105208941767253 0.062555633166578486 0.084371235014774379 -0.015872928943582811 -0.43202364077692679 0.032983955830230838 -0.053057120898546507 -0.0095191839563420252 0.0090999990433072407 0.042167805892497155 -0.13367503879220749 0.14013596369842918 0.026655235390350654 0.2375643476233972 0.027001323523759991 0.0030842172954145385
leaf_weight=4409.5455275340846 14.025692841416454 34.509341707656858 208.90192339790519 32.211618160756188 0.56553997797891398 13.264622159389544 48.818334275943926 325.10804425890092 2.3991444613784543 18.919830307830129 3.0261115171015245 2.5178705779835582 9.23145978478715 89.317155966651626 5.2678543444490051 13.017041380691806 12.078143844380973 6.5309671622235328 2.3385841536219232 30.431705748371314 11.455951652998918 1.769459961564279 3.7671253207372528 14.654066077200698 2.3299841631669542 498.80649932604865 1.3369041557889421 90.000514120692969 11.970508889295159 20.629273463273421 1.9347449972992761 135.93510271282867 0.46514393715187807 36.965877484515659 6.8803682181460317 193.05351778538898 6.6279083250847162 27.694130157629843 2.1476373753976077 4.0678303167223957 25.122449408270768 0.80534889594127967 7.4350785377901039 801.59771397942677
leaf_count=540458 1516 2827 11377 7382 25 15780 1299 10074 24 1115 74 42 157 4846 136 510 192 147 131 484 1025 114 81 261 34 11436 12 2862 1628 1515 47 1962 25 14665 1068 5320 1049 3324 38 73 3679 18 283 39471
internal_value=2.81722e-05 0.00341394 0.0101244 0.00528704 0.000520509 0.000954186 0.000742715 -0.00452734 -0.0351493 -0.000314742 -0.120567 -0.228155 -0.00644608 0.0228552 -0.0173453 -0.00646538 -0.0657897 -0.0652139 -0.105792 0.0058138 0.0208436 0.00532326 0.00191339 -5.07496e-05 -0.0911301 0.00287212 -0.051716 0.0132746 0.010896 0.0426581 -0.0293309 -0.0037032 0.0311859 0.0147428 -0.0770546 -0.000871512 0.043676 0.0258031 -0.0258413 0.0577089 0.0424694 0.087703 0.068817 -0.00125719
internal_weight=7189.48 1978.34 563.288 492.309 415.786 415.22 1415.05 693.911 83.9159 609.995 14.4741 4.91702 482.353 127.643 69.4418 61.8354 21.3096 9.55708 7.60644 721.138 148.584 104.563 572.553 546.222 16.9841 529.238 12.7929 91.77 101.288 26.3311 5.70187 461.043 76.523 44.3114 7.34551 401.955 70.979 36.4697 8.77555 44.0213 29.1903 14.831 26.3549 5211.14
internal_count=688586 108657 62880 55642 32502 32477 45777 22620 2363 20257 287 66 12385 7872 2076 1809 349 221 267 23157 9299 4013 13858 12215 295 11920 1037 2976 6474 1643 128 12036 23140 15758 1093 16697 7238 4411 1087 5286 3752 1534 1398 579929
is_linear=0
shrinkage=0.08


Tree=124
num_leaves=45
num_cat=0
split_feature=3 0 0 4 4 6 5 4 3 4 11 0 5 1 7 1 10 5 0 6 1 1 0 6 5 6 0 0 3 4 5 0 3 1 0 6 3 0 3 0 6 0 5 3
split_gain=3.71794 16.7277 12.7513 25.68 27.8051 21.9228 17.4466 52.4302 29.1385 26.683 17.3907 17.3785 17.3282 15.8221 15.718 14.8583 10.5627 9.81458 12.1268 9.08313 8.70123 9.14254 8.31628 16.8656 8.12725 7.89466 7.82821 13.9706 11.2162 7.35391 9.92258 7.18807 14.4882 12.1518 18.93 11.6304 10.742 16.7455 17.4071 19.2496 16.5819 14.4912 11.169 9.98367
threshold=0.79469618201255809 0.65733855962753307 0.81302964687347423 0.47727273404598242 0.34848485887050634 0.16064515709877017 1.0000000180025095e-35 1.0000000180025095e-35 0.63944444060325634 0.30384616553783422 0.47059248387813574 0.90054944157600414 1.0000000180025095e-35 0.66323024034500133 0.4226078093051911 0.4712491780519486 0.75000000000000011 1.0000000180025095e-35 0.74601566791534435 0.30079366266727453 0.51456862688064586 0.78086888790130626 0.78830561041831981 0.13680927455425265 1.0000000180025095e-35 0.34654632210731512 0.98648402094841015 0.89699381589889537 0.79205974936485302 0.58571431040763866 1.0000000180025095e-35 0.78629976511001598 0.91458967328071605 0.74210175871849071 0.72065573930740368 0.47413024306297308 0.91331186890602123 0.81530213356018078 0.98571136593818676 0.93127068877220165 0.2149859964847565 0.91331186890602123 1.0000000180025095e-35 0.81754159927368175
decision_type=2 2 2 2 2 2 2 2 2 2 2 2 2 2 2 2 2 2 2 2 2 2 2 2 2 2 2 2 2 2 2 2 2 2 2 2 2 2 2 2 2 2 2 2
left_child=2 -2 3 4 6 16 7 8 -1 25 17 -7 -12 -9 -11 -14 26 18 -6 -19 -5 22 -22 -24 -18 -8 27 28 -4 30 -13 32 33 34 -3 -36 40 -38 41 -40 42 -39 43 -33
right_child=1 31 5 20 10 11 9 13 -10 14 12 29 15 -15 -16 -17 24 19 -20 -21 21 -23 23 -25 -26 -27 -28 -29 -30 -31 -32 36 -34 -35 35 -37 37 38 39 -41 -42 -43 -44 -45
leaf_value=-0.00073457090724705399 0.052258321432315576 0.011213747968001207 -0.0031288559743487486 0.084950283675600355 0.001633392139628869 -0.067325115824858839 -0.040105746028513745 -0.05657590264200428 0.055818830568961433 -0.0058363110312391678 -0.020478363984453258 -0.05198039222680971 0.13099660964431101 -0.0015965301644350156 0.060046163274678953 -0.13194497860466572 0.058383648876504282 -0.042654701094188285 0.31632752337664422 0.10085847993453426 0.027783925048545165 0.072133030344409141 0.021249158110582107 -0.09605991914252654 0.0035881484433167542 0.022085641130259653 0.028067477325481642 -0.073075035848207986 -0.18581034567587829 -0.024549060264377032 0.089920509935001947 0.046808496472343489 0.043502538149855836 0.014297331186399974 -0.046784151675227002 -0.16753045834350302 0.075323994933222685 -0.026697068836106386 0.074533623420742684 0.001779667257070533 -0.0092171423504918623 -0.0034882921460990574 0.019543003841384268 -0.012555213334345146
leaf_weight=1951.5256390250652 41.266114870437377 41.435203638357052 100.74557620398627 16.391934698938712 1.8206574999712786 73.756102811057644 41.893622911298735 141.21937870916008 60.103989239090879 30.720783349395788 19.305115986117016 4.8652152995564366 1.4489215571011325 43.918177883781027 94.36664392730745 27.105688453470066 28.294317041843897 14.620395589845431 1.3759822824504224 3.4977268935836028 101.48201303923997 21.576839227680466 23.966651872757211 11.659517395626606 44.677797878801357 18.982395017250383 25.851070672659262 25.593846095151093 2.1979117909504557 61.579731619487575 8.9656495005910983 20.974570814069011 24.966625965715139 45.198513712137355 86.673503400877962 5.424931841196666 18.458533016248111 262.99935929897038 23.533608730915148 2117.7110303848749 244.53039621826974 498.60101311811741 613.81262861198047 133.7508626926101
leaf_count=66810 11174 9776 5948 800 228 9843 58055 159824 7999 9090 7667 1714 570 17754 3596 6055 2384 405 81 101 4713 612 1009 713 2834 23275 1277 1691 186 3220 514 2238 2399 4291 13567 2634 881 14741 1282 135475 19752 27540 29493 14375
internal_value=3.30656e-05 0.00157602 -0.00211394 -0.000140499 -0.00225409 -0.0158823 -0.000802528 -0.00279426 0.000955146 0.0227256 -0.0522535 -0.0397144 -0.0790225 -0.0435337 0.0438658 -0.118603 -0.00024663 0.00785285 0.137092 -0.0149493 0.0294598 0.0237277 0.0161101 -0.017143 0.0248346 -0.0207132 -0.0121014 -0.02018 -0.00702923 -0.0127094 0.0400047 0.0010706 -0.0135829 -0.021557 -0.033693 -0.0538965 0.00182927 -0.000632369 -0.00111536 0.00257928 0.00892772 -0.0115029 0.014701 -0.00450787
internal_weight=7182.85 4179.34 3003.51 2626.98 2451.91 376.527 2382.73 2196.77 2011.63 185.963 69.1745 149.167 47.8597 185.138 125.087 28.5546 227.361 21.3148 3.19664 18.1181 175.077 158.685 137.108 35.6262 72.9721 60.876 154.388 128.537 102.943 75.4106 13.8309 4138.07 203.699 178.732 133.534 92.0984 3934.37 2921.3 2902.85 2141.24 1013.07 761.6 768.538 154.725
internal_count=688586 289618 398968 369357 361510 29611 346403 252387 74809 94016 15107 15291 14292 177578 12686 6625 14320 815 309 506 7847 7047 6435 1722 5218 81330 9102 7825 6134 5448 2228 278444 32667 30268 25977 16201 245777 179919 179038 136757 65858 42281 46106 16613
is_linear=0
shrinkage=0.08


Tree=125
num_leaves=45
num_cat=0
split_feature=12 11 8 7 8 1 4 4 2 8 2 5 6 10 2 4 8 7 4 1 2 5 5 11 10 5 4 5 7 11 10 6 1 2 1 8 6 1 10 4 8 6 2 7
split_gain=4.22727 4.90362 14.1539 8.33509 8.457 5.78169 5.63803 9.39138 16.9224 19.6842 11.7886 11.745 11.2932 10.2869 10.0182 9.90865 9.66216 8.73285 10.8804 6.26545 5.88587 4.94386 4.92149 4.75098 4.1545 14.5305 27.3382 10.1447 9.74783 5.94484 3.96046 9.75924 3.54724 3.40112 5.17881 3.2081 3.19614 9.25795 7.49083 3.17384 4.07857 3.00109 2.68669 2.43834
threshold=1.0000000180025095e-35 0.88540819287300121 0.72148045897483837 0.94555336236953746 0.94715359807014476 0.98147514462471019 0.34848485887050634 0.43650794029235845 0.76239567995071422 0.75959178805351268 0.56440424919128429 1.0000000180025095e-35 0.030776515603065494 0.75000000000000011 0.64051282405853283 0.41428571939468389 0.5219806730747224 0.8975815773010255 0.58571431040763866 0.55848154425621044 0.85857143998146068 1.0000000180025095e-35 1.0000000180025095e-35 0.81622841954231273 0.75000000000000011 1.0000000180025095e-35 0.064583335071802153 1.0000000180025095e-35 0.56268712878227245 0.3712777048349381 0.35000000149011617 0.26365442574024206 0.95040982961654674 0.77836257219314586 0.80229884386062633 0.8894205391407014 0.51887464523315441 0.59491634368896495 0.35000000149011617 0.73030304908752453 0.45078563690185552 0.30495168268680578 0.84889996051788341 0.98974332213401806
decision_type=2 2 2 2 2 2 2 2 2 2 2 2 2 2 2 2 2 2 2 2 2 2 2 2 2 2 2 2 2 2 2 2 2 2 2 2 2 2 2 2 2 2 2 2
left_child=43 6 22 4 5 21 20 8 9 11 -11 -8 16 17 41 -14 -10 23 -19 -16 24 -4 -3 -9 27 26 -26 28 -2 -29 31 42 -22 -32 -35 -33 39 -38 -39 -24 -41 -15 -5 -1
right_child=1 2 3 30 -6 -7 7 13 12 10 -12 -13 15 14 19 -17 -18 18 -20 -21 32 -23 36 -25 25 -27 -28 29 -30 -31 33 35 -34 34 -36 -37 37 38 -40 40 -42 -43 -44 -45
leaf_value=-0.0018082509328550319 -0.0045585658415441179 0.079357460778507485 -0.025617722192043342 -0.0019898232901436599 -0.24413468886396875 0.057950982472681871 0.044731395275505043 0.001641113650244307 0.063365432904588265 0.0050047726911883698 -0.14840145943910957 -0.051877667553083685 0.069537067800149288 0.078422214410778873 -0.16794535894180412 -0.065858425272779034 -0.19435380500322325 -0.10971596890571114 0.022546433274955535 0.010703823251604952 0.066922242645632346 0.0017993331988133854 0.05556034421767525 -0.015843173008822226 0.0043853739632650612 0.046984611981977696 -0.053245389940823555 0.071689199221201025 0.069985285887452536 -0.0060155508557720285 0.057329127526697297 -0.0035711307753634519 -0.13757682511969085 -0.042372876361249291 0.034730124018180118 -0.11377890674483444 0.088580098743153604 -0.019668775284682413 -0.30383773729327745 -0.029709588996323665 0.033760193291605366 -0.0015551212080979222 0.073900013711689735 0.0034950627514530944
leaf_weight=4564.7823025914058 16.766269811429083 16.050580316077685 47.587855008838233 5.3936139914148971 0.90896388201508571 10.79177503127721 12.124368520948336 291.81044538521382 1.4595617258746667 3.9965573046356466 16.206010139081627 23.988148799689952 18.521542264847088 20.215849129832353 1.2741835983470071 4.2537606998812398 2.5710231615230441 11.09300504345447 6.2084904545918098 90.053062452119775 12.733229442877924 364.50806960236514 27.141570997744566 150.89856804371811 464.28809514909517 41.571628921898082 59.421490121865645 6.8498195653082794 33.982006550562801 78.677884402946802 28.397279622644419 2.568646485451608 0.56703519192524332 6.8311832936014971 30.325561095494777 4.9444407755509019 2.0881297127343705 1.3880536369979384 1.0373889718903226 8.3351204135979042 29.108616604004055 3.526623311918228 6.6872549339022953 631.63068981688411
leaf_count=540642 3428 1346 2125 110 36 14723 521 9363 49 49 182 794 505 1266 41 152 37 157 124 5564 1408 14710 2373 2292 10661 1118 938 64 2308 3053 7563 35 27 1114 15171 62 95 16 72 979 3578 75 373 39287
internal_value=3.20744e-05 0.00319063 0.00926283 0.00421209 -0.000376918 0.00014702 0.000563309 -0.00477913 -0.0299144 -0.0548184 -0.118054 -0.0194423 0.022405 -0.00114612 0.0202469 0.0442491 -0.101028 -0.0064975 -0.0622548 0.00821134 0.00548233 -0.00136672 0.0394515 -0.00431845 0.00448283 0.00146013 -0.00215357 0.0170212 0.0453574 0.000207737 0.0270524 -0.00450599 0.0582038 0.0364851 0.0205549 -0.0761 0.030182 -0.034902 -0.141211 0.0347304 0.0196316 0.0665427 0.0400183 -0.00116363
internal_weight=7163.57 1967.15 594.094 508.945 423.797 422.888 1373.06 658.201 83.121 56.3151 20.2026 36.1125 26.8059 575.08 115.07 22.7753 4.03058 460.011 17.3015 91.3272 714.857 412.096 85.1495 442.709 701.557 565.281 523.71 136.276 50.7483 85.5277 85.148 19.594 13.3003 65.554 37.1567 7.51309 69.0989 4.51357 2.42544 64.5853 37.4437 23.7425 12.0809 5196.41
internal_count=688586 108657 64481 56022 31594 31558 44176 21171 2289 1546 231 1315 743 18882 6946 657 86 11936 281 5605 23005 16835 8459 11655 21570 12717 11599 8853 5736 3117 24428 580 1435 23848 16285 97 7113 183 88 6930 4557 1341 483 579929
is_linear=0
shrinkage=0.08


Tree=126
num_leaves=45
num_cat=0
split_feature=2 3 10 10 7 8 7 2 11 0 2 0 3 5 10 5 0 3 6 1 3 2 3 2 11 8 10 6 6 2 11 8 7 6 1 8 2 8 11 11 11 11 0 6
split_gain=4.328 26.4105 25.364 11.0097 13.6127 17.4078 12.0562 12.0841 12.866 10.0014 11.3588 9.54586 7.58394 7.41043 6.76309 6.73066 24.8165 11.739 6.49785 9.90758 9.59607 15.4737 7.0849 18.3434 6.25469 5.97387 5.70894 4.97539 5.36915 4.9707 4.90726 4.7116 4.63002 4.68145 6.16598 4.60386 4.47358 4.21279 4.09962 4.08962 3.80771 8.36708 5.55336 6.22102
threshold=0.28759399056434637 0.49205549061298376 0.75000000000000011 0.75000000000000011 0.96186840534210216 0.91506350040435802 0.99814125895500194 0.81861472129821788 0.79175817966461193 0.4970588237047196 0.33508773148059851 0.24440020322799685 0.87585616111755382 1.0000000180025095e-35 0.75000000000000011 1.0000000180025095e-35 0.7228132188320161 0.9740215837955476 0.53001201152801525 0.45199692249298101 0.79469618201255809 0.57321429252624523 0.68801230192184459 0.45199692249298101 0.45173139870166784 0.5397799313068391 0.35000000149011617 0.53410854935646068 0.54631218314170849 0.62115561962127697 0.48481588065624243 0.86976018548011791 0.86287939548492443 0.22886905074119571 0.38742592930793768 0.94257584214210521 0.93582704663276683 0.9631328582763673 0.89163014292716991 0.66907632350921642 0.55652579665184032 0.57413917779922496 0.30860807001590734 0.56306818127632152
decision_type=2 2 2 2 2 2 2 2 2 2 2 2 2 2 2 2 2 2 2 2 2 2 2 2 2 2 2 2 2 2 2 2 2 2 2 2 2 2 2 2 2 2 2 2
left_child=2 9 -1 18 5 15 7 8 -6 10 11 24 -9 36 -13 17 -17 -5 19 22 21 -21 25 -24 -2 -3 -22 38 -29 -30 -26 -16 -12 -34 -35 -15 -8 -7 -20 -11 42 -42 43 -4
right_child=1 3 40 4 6 37 13 12 -10 39 32 14 -14 35 31 16 -18 -19 27 20 26 -23 23 -25 30 -27 -28 28 29 -31 -32 -33 33 34 -36 -37 -38 -39 -40 -41 41 -43 -44 -45
leaf_value=0.083058782736916192 -0.06446773463776706 -0.029261118588382772 0.015362425574696841 0.0016389471782304135 0.019016428771805882 0.039655226829308061 0.0011494876265374632 -0.029913874005766648 -0.041183895479388458 -0.035270668604075038 -0.072076257356358364 0.083122070205956702 0.036052834276831605 0.057735542903792507 -0.041694192581130406 0.066140493133793249 0.0071562856855168014 -0.070132308198194729 -0.094916418516320558 0.013808982232925395 0.00078835530226233823 -0.018505561759307634 0.45449326639112819 0.060814874525670921 0.13272892144797727 0.052796410708826846 -0.01651741874811748 0.031665630362294139 -0.018935643393676191 -0.18488045168511441 0.032413317992526579 -0.009011143882463905 -0.061182915262492962 -0.0064015881252662919 -0.08363125007651552 0.0082144959758301533 -0.10643534974766797 -0.20502577815606132 0.014516177687832454 0.098231397097386833 0.045619204299564481 -0.0067165173559003335 -0.042933080373339108 0.00019890640453869228
leaf_weight=25.483312768039468 3.2352133800450273 11.587363611302864 200.09693028303445 283.00070994325506 27.707520870608278 131.50652288035781 107.46984037932998 16.519090705958661 126.24576052663906 1.9775919782005065 34.882228551665321 3.7741414157753743 34.341825778552447 27.523047780065099 57.840610174040194 50.768986484676134 452.82776066316001 15.377696620358618 9.0940025477029831 121.96470268907433 3145.6881275484102 426.38389471589471 0.79860331140662211 14.713514625680544 4.1317117735743549 11.133879295375662 126.92044440394966 14.2076849857076 100.05458224254653 1.1687285210500693 12.756959703750907 55.141847709193826 30.073537193704396 36.613213511183858 8.0756071247160417 21.323618389578769 2.531894748506601 0.45189622360339754 2.8863092064857474 5.7051083477272186 39.652467676191009 38.564587719767587 17.623344335457659 1286.1684194396075
leaf_count=4148 438 40364 4961 26812 820 13967 10554 502 4062 4109 16912 597 9005 11437 6979 1838 46821 1423 1542 125691 154958 113851 734 6356 29 570 7072 3498 24521 76 89 435 489 378 114 14811 536 41 47 78 272 474 2008 24147
internal_value=0.000227067 -0.000833645 0.00388139 0.000378044 0.00677863 0.0118917 -0.00635246 -0.0191804 -0.0303494 -0.0260209 -0.0288222 -0.0134531 0.0146275 0.0101875 -0.022224 0.00746133 0.0131026 -0.00205997 -0.00170528 -0.00111842 -0.0015239 -0.0113181 0.0394035 0.0810824 0.0374344 0.0109488 0.000117191 -0.0194806 -0.0143876 -0.0208516 0.0569549 -0.025743 -0.048009 -0.0367798 -0.0203576 0.0361175 -0.00132678 0.0388173 -0.0685518 0.0638668 0.00260607 0.0198153 0.00171102 0.00224038
internal_weight=7145.99 5538.41 1607.59 5284.2 1297.6 933.934 363.663 204.814 153.953 254.208 246.525 136.88 50.8609 158.848 116.757 801.975 503.597 298.378 3986.6 3859.19 3820.96 548.349 38.2334 15.5121 20.1239 22.7212 3272.61 127.411 115.431 101.223 16.8887 112.982 109.645 74.7624 44.6888 48.8467 110.002 131.958 11.9803 7.6827 1582.11 78.2171 1503.89 1486.27
internal_count=688566 652556 36010 621909 142629 90902 51727 14389 4882 30647 26460 8567 9507 37338 8011 76894 48659 28235 479280 449596 401572 239542 48024 7090 556 40934 162030 29684 28095 24597 118 7414 17893 981 492 26248 11090 14008 1589 4187 31862 746 31116 29108
is_linear=0
shrinkage=0.08


Tree=127
num_leaves=45
num_cat=0
split_feature=3 10 6 3 11 8 6 6 6 3 2 2 4 4 4 3 3 6 4 2 4 1 3 1 3 6 12 10 3 11 1 8 11 8 11 6 11 3 3 11 2 1 8 11
split_gain=3.74511 15.0373 9.99271 12.7385 6.90421 6.86177 5.71487 7.27692 5.52146 12.2733 22.7643 20.5213 18.8456 16.0245 15.5757 14.7851 13.8356 11.3971 10.8238 9.98415 7.89005 11.0629 7.44701 7.42033 5.47585 5.28638 5.09836 4.72576 4.55012 5.02953 5.59071 4.0517 11.3077 3.8209 4.51368 3.63639 8.61995 10.4332 7.82637 7.39665 16.7987 3.54637 3.41584 5.09088
threshold=0.31698563694953924 0.75000000000000011 0.78319624066352855 0.4248871803283692 0.55484232306480419 0.92113238573074352 0.13100686669349673 0.58102023601531994 0.23861283808946612 0.47856706380844122 0.59491634368896495 0.27518594264984136 0.095454547554254546 0.47727273404598242 0.19090909510850909 0.39173060655593878 0.79469618201255809 0.24780701845884326 0.86190477013587963 0.4654348641633988 0.70714285969734203 0.7320508360862733 0.92907443642616283 0.57932874560356151 0.36515152454376226 1.0000000180025095e-35 1.0000000180025095e-35 0.75000000000000011 0.43792808055877691 0.53515574336051952 0.18350168317556384 0.43256238102912908 0.28814046084880834 0.44399641454219824 0.35913865268230444 0.24283374845981601 0.8535020947456361 0.80810147523880016 0.99397590756416332 0.87885946035385143 0.86222714185714733 0.25866188108921057 0.57212206721305858 0.55484232306480419
decision_type=2 2 2 2 2 2 2 2 2 2 2 2 2 2 2 2 2 2 2 2 2 2 2 2 2 2 2 2 2 2 2 2 2 2 2 2 2 2 2 2 2 2 2 2
left_child=1 -1 8 5 28 24 42 -8 9 11 13 15 27 19 25 26 -14 35 20 -11 21 -19 -22 -15 -4 -13 -2 -12 -5 30 -30 32 -9 34 -33 39 37 -37 -38 -10 -41 -35 43 -3
right_child=2 6 3 4 -6 -7 7 31 17 10 12 14 16 23 -16 -17 -18 18 -20 -21 22 -23 -24 -25 -26 -27 -28 -29 29 -31 -32 33 -34 41 -36 36 38 -39 -40 40 -42 -43 -44 -45
leaf_value=0.086709288256275108 -0.024731663518310798 -0.0089351332968774962 0.0022672356966425746 0.044952922608735041 0.052894428067971518 -0.23480129744270856 0.023924471422916854 0.031742187429579037 -0.052017626071205809 0.048698815503870216 0.025305477747080508 0.01396431018039618 -0.011692406149886495 0.094057590449629469 0.10545962791754056 0.24305474611850331 0.0024074886376849159 -0.004945501968882873 0.061390749844747926 -0.00089305446166563043 -0.034532274781739918 0.0087518966031386158 -0.0075151232490256424 0.040171295023305319 -0.13741841884912256 -0.05570383207058692 0.080608039276184831 0.09046732208647576 -0.075247583788051728 -0.17857785199308496 0.0072335140398942857 0.088732469597608943 -0.018100409256795024 0.0032932763740117668 0.0037803297955265793 -0.11229961559004138 -0.068865317700592565 0.10578228726295887 -0.24926083381221323 0.10384154262344517 -0.1074718868306174 0.10776112000103799 -0.050429947527416447 0.32271912701471456
leaf_weight=13.97861534655385 6.1192739568796224 1.2283533877925972 3.0373251870041695 3.9510218277573612 7.409031145492917 2.4463470974005759 106.45128106960328 35.963804222003091 26.130765407120634 33.654979753060616 11.934149170807361 7.7081724858180669 533.64957009562204 21.839858499974071 4.4046083422217626 2.4182791040329894 2693.2303483806681 1294.5284037464608 16.786708616491524 113.95879678801066 85.335917792624969 532.65091405926069 278.04007878163975 65.120519814037834 4.3950578912626952 72.84676345144544 5.6607102708658203 17.668969423597446 11.415630772418814 1.7442979735096731 9.7526825087588787 7.4093595706508522 153.32679106062278 894.63580484490376 8.7061034303624165 2.9369756324012979 3.688798218179727 2.689764342878334 2.6412646050157491 6.6765407124184986 3.7656586551456712 2.0845373358461066 17.492371819156688 0.39033985137939442
leaf_count=2815 535 377 58 61 926 33 1939 3975 5369 20026 3350 852 76917 1089 1352 74 187443 219982 908 78402 2815 31051 8345 4821 66 11245 61 4441 333 30 178 650 1027 14970 58 922 59 166 92 373 176 28 169 7
internal_value=0.0002106 0.00420345 -0.000631097 -0.0385474 -0.015477 -0.118586 0.00326403 0.0039504 -0.000344742 0.00160412 0.00239243 -0.0261499 0.000658606 0.0264623 -0.0410277 0.0628762 7.56997e-05 -0.00344635 -0.00260322 0.0104136 -0.00309362 -0.000952499 -0.0138599 0.0537047 -0.0803343 -0.0490374 0.0258879 0.0641981 -0.034334 -0.0480061 -0.0372468 0.00202116 -0.00863069 0.00422998 0.0428385 -0.0417959 -0.0800955 -0.00804939 -0.144137 -0.0292746 0.0276378 0.00353612 -0.0401414 0.0710416
internal_weight=7131.91 1241.67 5890.24 44.1514 34.2727 9.87873 1227.69 1208.58 5846.09 3590.21 3491.06 99.1578 3256.48 234.574 84.9595 14.1983 3226.88 2255.87 2207.34 147.614 2190.56 1827.18 363.376 86.9604 7.43238 80.5549 11.78 29.6031 26.8636 22.9126 21.1683 1102.13 189.291 912.836 16.1155 48.5298 11.9568 5.62674 6.33006 36.573 10.4422 896.72 19.1111 1.61869
internal_count=688566 26015 662551 1685 1528 157 23200 22647 660866 390608 376489 14119 272151 104338 13449 670 264360 270258 263101 98428 262193 251033 11160 5910 124 12097 596 7791 602 541 511 20708 5002 15706 708 7157 1239 1088 151 5918 549 14998 553 384
is_linear=0
shrinkage=0.08


Tree=128
num_leaves=45
num_cat=0
split_feature=7 7 2 11 2 8 1 10 7 1 8 7 8 0 4 8 4 10 1 4 1 10 11 8 10 7 12 1 8 4 8 1 7 8 2 4 5 2 8 12 11 8 8 8
split_gain=4.23374 4.22666 7.82364 7.74624 6.86379 9.82992 12.463 9.30249 8.95976 7.43707 6.28716 6.19267 6.77132 5.83728 5.70499 8.67478 7.96384 4.82304 4.67451 5.03317 7.71133 5.23403 4.67355 6.35471 4.65193 17.3544 6.1473 5.42081 4.53234 4.31125 4.21549 4.19197 3.34158 3.10897 5.28296 2.98591 6.74318 3.41195 2.88248 3.46178 3.71956 3.3218 4.8579 6.11118
threshold=0.98974332213401806 0.95672976970672619 0.83796653151512157 0.97016161680221569 0.60922586917877208 0.96015870571136486 0.85857143998146068 1.0000000180025095e-35 0.97156333923339855 0.78319624066352855 0.91683137416839611 0.95531892776489269 0.4349645227193833 0.85270008444786083 0.47727273404598242 0.94453489780426036 0.38750000298023229 0.75000000000000011 0.55612829327583324 0.5634920895099641 0.58898946642875682 0.75000000000000011 0.38431020081043249 0.61577314138412487 1.0000000180025095e-35 0.44402673840522772 1.0000000180025095e-35 0.32305502891540533 0.72148045897483837 0.47727273404598242 0.73253381252288829 0.96808147430419933 0.95531892776489269 0.97881317138671886 0.8521554470062257 0.80909091234207164 1.0000000180025095e-35 0.90366768836975109 0.33267457783222204 1.0000000180025095e-35 0.90695449709892284 0.39917013049125677 0.40455932915210729 0.41039136052131658
decision_type=2 2 2 2 2 2 2 2 2 2 2 2 2 2 2 2 2 2 2 2 2 2 2 2 2 2 2 2 2 2 2 2 2 2 2 2 2 2 2 2 2 2 2 2
left_child=1 3 4 11 10 6 7 -6 17 -10 22 24 -13 -4 16 -16 -12 -7 29 32 -21 -22 23 -3 25 26 -1 -27 -24 -5 -14 38 -20 35 -35 37 -37 -15 -2 41 -41 -40 -43 -44
right_child=31 2 13 18 5 8 -8 -9 9 -11 14 12 30 33 15 -17 -18 -19 19 20 21 -23 28 -25 -26 27 -28 -29 -30 -31 -32 -33 -34 34 -36 36 -38 -39 39 40 -42 42 43 -45
leaf_value=-0.078081920761065376 -0.018143955436306189 -0.075026629305769407 0.076732522030168518 0.042443980188990336 -0.0059001813591563427 0.0011758915601707317 0.066330806769436132 -0.048611872803911507 -0.0025160146530711497 -0.062918804776146905 -0.016169216901371963 -0.1118944837534475 0.10685344963458236 -0.0050174129310370788 -0.074758412670580934 0.072568556047884689 -0.12496205865836993 0.047080759308711653 0.060896183577264409 -0.2669377567880139 0.0049569589197294176 0.033881327947588358 0.045121168391410151 0.018655913364932636 0.00085432648437798377 0.076424451601368085 -0.012068260076118617 -0.003262783059548456 0.0078430987035288374 -0.11446258026426899 0.030099045001641778 0.080616832589344323 -0.10877532239540318 -0.093353414625938783 0.057724373133994915 0.10403806110930398 -0.065561267218162522 0.02321457013063755 0.033525350491019991 0.015091589646533994 0.064152758363480195 -0.081382472698357355 0.11156243380353859 0.0031970520469651008
leaf_weight=27.020471271294809 31.497282229014672 8.7975468245567772 7.8741801926807957 1.6955120908096422 45.468108867877163 36.34222861751914 7.9045723070303202 115.62859314779053 35.663294989557471 20.570416735266917 97.642845009453595 1.8458373465109641 5.8158390081371207 72.150003663206007 3.445828119351062 9.9257277381257136 4.5049542780034235 24.538841882691486 19.826343156571969 0.62816070020198722 130.56643869468826 57.748722715026815 28.465751523675863 9.7917376592522469 4057.2293975115754 5.4851631568308212 13.558170972115475 1379.7305300686094 78.26179170004616 3.3059770143590868 21.543053464789409 4.7888095297384998 0.77179139049257983 1.6697533098631527 13.1282279042789 1.7926092863344791 9.2030685029312735 44.168402311974205 24.083458494627848 76.303299916762626 11.362748726824064 4.3135496710892758 3.3504289442207655 563.06882183480775
leaf_count=305525 289 48 462 76 284 259 1078 3144 580 573 1783 14 64 2859 135 306 43 918 811 9 3090 14850 259 164 213740 1057 8764 62580 1474 85 556 13051 46 48 1320 125 5674 3785 143 2652 7938 20 17 27868
internal_value=0.000195938 -0.000457517 -0.00643548 0.000249114 -0.0110239 -0.0194006 -0.0317446 -0.0365569 -0.00158779 -0.0246115 -0.00107218 -0.000331348 0.0364095 0.00968506 -0.0145349 0.0346026 -0.0209672 0.0196784 0.0151629 0.0169872 0.0128935 0.0138269 0.011338 -0.0256802 -0.000527044 -0.00445786 -0.0560254 -0.00294724 0.0177857 -0.061271 0.0464152 0.00601774 0.0545388 0.00597008 0.0406773 0.00193599 -0.0379117 0.00570283 0.00551739 0.00660939 0.0214506 0.00442204 0.00319396 0.00383804
internal_weight=7122.48 6403.71 676.938 5726.77 526.952 286.116 169.001 161.097 117.115 56.2337 240.836 5512.23 29.2047 149.986 115.519 13.3716 102.148 60.8811 214.543 209.541 188.943 188.315 125.317 18.5893 5483.02 1425.79 40.5786 1385.22 106.728 5.00149 27.3589 718.768 20.5981 142.112 14.798 127.314 10.9957 116.318 713.98 682.482 87.666 594.816 570.733 566.419
internal_count=688566 636588 25321 611267 11048 6836 4506 3428 2330 1153 4212 592300 634 14273 2267 441 1826 1177 18967 18806 17949 17940 1945 212 591666 377926 314289 63637 1733 161 620 51978 857 13811 1368 12443 5799 6644 38927 38638 10590 28048 27905 27885
is_linear=0
shrinkage=0.08


Tree=129
num_leaves=45
num_cat=0
split_feature=8 5 12 6 2 6 1 3 0 6 4 4 3 10 3 6 2 3 0 4 2 3 8 3 2 4 0 4 0 4 2 0 0 0 8 8 2 3 6 6 12 8 2 3
split_gain=4.43676 7.90898 4.28709 6.05331 6.48739 5.56742 6.57783 6.50419 4.55763 3.80753 11.469 10.1815 25.4053 16.99 26.2739 28.8374 25.3231 23.8944 15.0249 11.2986 13.4869 10.776 10.517 9.89778 22.4506 18.7657 15.8966 13.7891 16.3831 27.8823 19.927 11.1458 11.5479 7.91624 10.8976 8.74662 5.72852 9.47624 6.9843 5.49956 6.61537 5.74543 5.4995 7.47965
threshold=0.99829351902008068 1.0000000180025095e-35 1.0000000180025095e-35 0.035098522901535041 0.34330357611179357 0.13397436589002612 0.60421237349510204 0.908033847808838 0.38327018916606909 0.23861283808946612 0.86190477013587963 1.0000000180025095e-35 0.93063354492187511 0.75000000000000011 0.56980520486831676 0.71583852171897899 0.35767590999603277 0.54669988155365001 0.85270008444786083 0.16025641560554507 0.5912291705608369 0.95488464832305919 0.62880185246467601 0.49205549061298376 0.61143791675567638 0.47727273404598242 0.80229884386062633 0.095454547554254546 0.75716626644134533 0.36931818723678594 0.7243877947330476 0.27334994077682501 0.57932874560356151 0.75162336230278026 0.59326088428497326 0.91683137416839611 0.30068494379520422 0.33615820109844213 0.030776515603065494 0.2336879447102547 1.0000000180025095e-35 0.96015870571136486 0.85565477609634411 0.95040982961654674
decision_type=2 2 2 2 2 2 2 2 2 2 2 2 2 2 2 2 2 2 2 2 2 2 2 2 2 2 2 2 2 2 2 2 2 2 2 2 2 2 2 2 2 2 2 2
left_child=9 2 3 -2 8 7 -7 -6 -5 23 11 13 19 17 16 -16 -15 -11 21 -13 -21 -14 -19 31 25 33 -27 -26 29 -29 -30 36 39 34 -25 -35 37 -1 -39 41 -41 -33 -12 -44
right_child=1 -3 -4 4 5 6 -8 -9 -10 10 42 12 18 14 15 -17 -18 22 -20 20 -22 -23 -24 24 27 26 -28 28 30 -31 -32 32 -34 35 -36 -37 -38 38 -40 40 -42 -43 43 -45
leaf_value=0.0040740584176205425 0.08797933709866497 0.074143553786432156 0.028418549788921377 0.005264668599480272 0.044320347880683002 -0.077069666629356756 0.026159197510471289 -0.140974203324749 0.13068478116908044 0.099614019015169628 0.077725540726012343 -0.085371178788846355 0.095153813207604368 0.00043628112200315281 0.070296430193414694 -0.086341802488381442 -0.053779299667683141 -0.047597048040521797 -0.0015542086737145835 0.00076229938213965014 -0.027299487762934477 0.0049860251943682652 0.070239070968157638 -0.028839660447400661 0.058673580681745462 0.075170124402873392 0.011827977395817669 -0.0037255742086486111 0.020853756630268422 -0.070323063687103227 -0.00057667392106794673 -0.052895315265451659 0.10801404542234969 0.09068859690898276 0.017764676770312883 -0.068284732428905356 -0.056664572675217864 0.25718485912590006 0.064884124676795024 0.30493685776283147 -0.098049626784061927 0.042651642384107388 0.10026470597422261 -0.21357632758763206
leaf_weight=31.256631308991928 4.9135243347263886 12.288548492666449 48.34219840541482 99.422795612830669 8.3485543045098876 18.143015173089228 5.0502458201372056 1.4183886115206394 1.8895631849300105 26.637393809673085 15.795435293592165 16.936975246451766 17.914533742847198 1521.5816435473971 57.678662934864406 8.6502302177250368 57.210966041864594 15.956961154763123 1052.5636955068039 155.75422672835339 370.00519668148263 16.111707033704079 6.9625896686920887 49.590499768506561 25.988059569888719 65.779830010884325 41.263549041221268 148.29025719036872 310.24600211228608 55.214884707973397 2646.3141034719083 70.710907633811075 3.298542959830228 12.401528792070165 91.104653337475611 2.6966239544562987 6.7649362000811371 1.5347384680644598 5.6910125084978063 0.61914674844228901 0.45032979105599225 4.2711005490273228 0.92459815110487298 1.0245512493202111
leaf_count=829 863 11688 4781 1914 500 458 603 273 16 4185 807 45029 933 34605 3566 178 5229 7567 43723 87261 51289 1571 770 99884 6805 3098 3857 46021 20324 6289 170301 15652 705 3323 1717 35 511 29 191 233 15 52 35 72
internal_value=0.00021607 0.0119683 0.00789405 0.00076547 -0.002426 -0.0332556 -0.054592 0.0174112 0.00760386 -0.000123515 -0.00206472 -0.00240715 -0.00692271 0.00193417 0.000543911 0.0498686 -0.00152834 0.0480861 0.000137187 -0.0210581 -0.0189863 0.0524586 -0.0118003 0.00169178 0.00249203 0.0249644 0.0507527 0.000638156 0.000160879 -0.0217948 0.00167212 -0.0204595 -0.0385277 0.00724557 0.00133815 0.062295 0.0112267 0.0231615 0.105729 -0.0448835 0.135249 -0.0474528 0.0620805 -0.0647028
internal_weight=7115.01 199.817 187.528 139.186 134.273 32.9602 23.1933 9.76694 101.312 6915.2 3341.71 3323.96 1629.29 1694.68 1645.12 66.3289 1578.79 49.5569 1086.59 542.696 525.759 34.0262 22.9196 3573.49 3448.89 262.837 107.043 3186.05 3160.07 203.505 2956.56 124.597 79.35 155.793 140.695 15.0982 45.2473 38.4824 7.22575 76.0515 1.06948 74.982 17.7446 1.94915
internal_count=687787 21096 9408 4627 3764 1834 1061 773 1930 666691 286820 285906 229806 56100 43578 3744 39834 12522 46227 183579 138550 2504 8337 379871 361654 111914 6955 249740 242935 52310 190625 18217 16657 104959 101601 3358 1560 1049 220 15952 248 15704 914 107
is_linear=0
shrinkage=0.08


Tree=130
num_leaves=45
num_cat=0
split_feature=7 8 3 1 10 8 7 11 8 10 1 6 4 6 11 6 4 1 1 6 3 4 6 4 1 1 3 6 4 7 11 3 11 6 3 8 12 1 1 8 5 6 1 4
split_gain=4.33416 6.81034 11.1821 4.94882 6.73129 12.0388 10.8962 10.8504 15.5811 10.5485 4.87079 4.6546 10.1552 7.93718 7.9026 7.70721 6.48161 10.8861 6.49085 5.67451 9.14216 15.6497 24.9022 13.2729 11.7407 11.6033 9.50809 8.41245 8.53979 10.3113 8.80383 6.58001 6.43198 4.80981 5.57144 6.09003 3.89883 3.71788 3.59684 5.12394 3.56981 6.82243 14.0407 3.77849
threshold=0.98974332213401806 0.98639392852783214 0.85028737783432018 0.88047617673873912 0.35000000149011617 0.94257584214210521 0.99814125895500194 0.95033723115921032 0.96015870571136486 0.75000000000000011 0.8216732144355775 0.23861283808946612 0.86190477013587963 0.24780701845884326 0.99133563041687023 0.24283374845981601 0.68333333730697643 0.84028983116149913 0.63944444060325634 0.18834459781646731 0.92637759447097789 0.68333333730697643 0.069366481155157103 0.30384616553783422 0.48313754796981817 0.87206766009330761 0.83457711338996898 0.19098278135061267 0.73030304908752453 0.94925981760025036 0.91113868355751049 0.61938297748565685 0.41932493448257452 0.25760369002819067 0.95040982961654674 0.69710868597030651 1.0000000180025095e-35 0.79784947633743297 0.84660634398460399 0.92870518565177929 1.0000000180025095e-35 0.048003071919083602 0.84889996051788341 0.63068181276321422
decision_type=2 2 2 2 2 2 2 2 2 2 2 2 2 2 2 2 2 2 2 2 2 2 2 2 2 2 2 2 2 2 2 2 2 2 2 2 2 2 2 2 2 2 2 2
left_child=1 11 37 4 5 10 -7 8 -8 -6 36 19 13 14 15 -13 17 -15 -18 20 23 22 -22 26 -25 -23 -1 31 30 -30 -29 -21 -33 34 -14 -36 -2 -3 -12 -40 -11 42 -42 -43
right_child=3 2 -4 -5 9 6 7 -9 -10 40 38 12 33 16 -16 -17 18 -19 -20 27 21 25 -24 24 -26 -27 -28 28 29 -31 -32 32 -34 -35 35 -37 -38 -39 39 -41 41 43 -44 -45
leaf_value=-0.020765609545496555 0.036739767527339103 -0.087564558178086532 0.034214592875613917 0.039890370268887206 0.078578261653498252 0.02264898483130947 -0.11500210287294746 -0.06224895495001042 -0.44946334675925165 0.0036969740230528691 -0.12011874436284443 -0.01597731666696011 0.058578735611197655 -0.0020711089863071318 -0.44177312464837248 -0.095734774239471548 0.12521091234418477 0.027912690212571305 -0.013717078843839711 -0.089439484211434314 -0.033537192577190136 0.071970162571525886 0.0015625192018128553 0.062156867699463651 0.0062006804396474774 0.00098155659626537905 0.03455366966107435 0.007152258139611371 -0.017261232509195878 0.045641827645186782 0.040785067940738065 0.40665701121739711 0.045477003460675958 0.077491570335385701 -0.0056293323382220059 -0.37119198674135684 -0.11652918861686491 -0.21528344425275253 0.064438621895387557 -0.21374573711865036 0.0050402848880915074 0.063649344972545513 -0.32389041390651685 0.003194298734716518
leaf_weight=181.19892475943561 15.619583796913506 5.275427137501536 4.8146917613194091 26.746479445457226 12.786191292660076 3.5287279714248116 2.27314939693315 4.5519726937636733 1.4665436370996756 598.68205964344088 2.9735670948866746 35.532407654874987 1.6389357465377572 2441.8781794431798 0.30528530781157215 9.918694925887392 2.1659729526581932 80.035798312208499 340.89301515161787 2.3443480327478019 251.78961724143664 15.013794084876279 266.05594557065706 24.433018981628265 1348.2819106617462 796.91535652343373 22.335879781923722 277.74868516897004 135.45562231075746 19.020028313447256 60.696165659232065 0.31778287429187813 45.042440101711691 14.327228003428898 0.65088476453092858 0.5284611412207596 1.1397049682564109 2.0161883281543851 2.0998910466441889 0.53089301637373854 5.2466477121633934 21.162408184638483 0.9867364607634953 9.6263063348887936
leaf_count=114956 674 83 286 22988 2489 88 60 57 33 15419 91 5577 59 255114 18 1175 38 3961 9218 788 12585 283 14008 2607 90649 60850 4045 47812 3990 731 2920 40 3368 696 27 40 64 38 140 24 873 4469 245 4111
internal_value=0.00020126 -0.000457687 -0.0604032 0.00613349 0.00481093 -0.0297888 -0.0950906 -0.145198 -0.246163 0.0066348 0.00472677 -0.00034384 -0.00268931 -0.00305091 -0.0361074 -0.0333826 -0.00252297 -0.00111954 -0.0128399 0.0016486 0.000248514 -0.00463675 -0.0155038 0.00436988 0.00719665 0.00229424 -0.0146949 0.00917448 0.00606996 -0.00951621 0.0131839 0.0412528 0.0480073 0.0586988 -0.0368373 -0.169437 0.0263168 -0.12288 -0.0598362 0.00830093 0.00518777 0.0292953 -0.047029 0.0447477
internal_weight=7096.05 6386.63 12.1063 709.421 682.674 34.184 11.8204 8.29167 3.73969 648.49 22.3636 6374.52 2927.87 2910.73 45.7564 45.4511 2864.97 2521.91 343.059 3446.65 2906.02 1329.77 517.846 1576.25 1372.71 811.929 203.535 540.625 492.921 154.476 338.445 47.7046 45.3602 17.1455 2.81828 1.17935 16.7593 7.29162 5.60435 2.63078 635.704 37.0221 6.23338 30.7887
internal_count=687787 635962 407 51825 28837 1231 238 150 93 27606 993 635555 275923 275101 6770 6752 268331 259075 9256 359632 299983 87726 26593 212257 93256 61133 119001 59649 55453 4721 50732 4196 3408 822 126 67 738 121 255 164 25117 9698 1118 8580
is_linear=0
shrinkage=0.08


Tree=131
num_leaves=45
num_cat=0
split_feature=10 11 1 6 4 5 0 4 2 1 3 3 6 2 11 4 1 1 2 2 2 1 11 2 11 4 6 6 4 2 3 11 3 0 11 4 4 0 11 1 4 6 3 4
split_gain=3.35658 9.32139 14.768 9.19293 7.96923 9.21374 6.09704 7.40249 6.07125 5.99657 5.83865 8.09965 20.2569 25.0692 15.1032 12.6188 10.1871 7.2281 6.1918 6.18086 6.58288 5.71839 5.01144 4.85241 7.96519 4.90285 4.70376 18.0893 20.1664 16.1905 43.8316 25.0676 16.8869 15.1619 10.6838 10.0808 17.0162 18.7098 20.9121 8.37271 8.12848 7.29455 17.0482 17.5517
threshold=1.0000000180025095e-35 0.74547451734542858 0.32305502891540533 0.59491634368896495 0.58571431040763866 1.0000000180025095e-35 0.47478812932968145 0.30384616553783422 0.58578637242317211 0.4246212244033814 0.74133810400962841 0.90521115064620983 0.089898992329835906 0.90501254796981823 0.84212991595268261 0.55050507187843334 0.99504950642585765 0.88548010587692272 0.51000401377677929 0.80735492706298839 0.70647653937339794 0.70647653937339794 0.93687388300895702 0.54261502623558056 0.51256248354911815 0.30384616553783422 1.0000000180025095e-35 0.038838613778352744 0.44949495792388922 0.80217391252517711 0.86391696333885204 0.82952332496643078 0.93683511018753063 0.83438816666603099 0.93337100744247448 0.38750000298023229 0.41428571939468389 0.83910790085792553 0.80284366011619579 0.71010184288024913 0.88194444775581371 0.09175084158778192 0.91331186890602123 0.63068181276321422
decision_type=2 2 2 2 2 2 2 2 2 2 2 2 2 2 2 2 2 2 2 2 2 2 2 2 2 2 2 2 2 2 2 2 2 2 2 2 2 2 2 2 2 2 2 2
left_child=1 2 -1 10 5 -5 23 -8 21 -10 18 14 13 -13 17 -14 -16 -12 -3 20 -20 -9 -7 24 25 -4 34 28 -28 33 31 -31 -32 -30 35 -2 37 38 -37 -38 41 42 -29 -44
right_child=26 3 6 4 -6 22 7 8 9 -11 11 12 15 -15 16 -17 -18 -19 19 -21 -22 -23 -24 -25 -26 -27 27 40 29 30 32 -33 -34 -35 -36 36 39 -39 -40 -41 -42 -43 43 -45
leaf_value=0.088643398574016111 0.033211995636805984 0.043162973490146604 -0.076510461935157356 0.071373317035451897 0.053480737333143166 -0.16375508597783284 -0.058665158892052455 0.0052375428127891411 0.16715594266350867 -0.034790420178911721 -0.015041299097339042 -0.06344301480598559 0.02389751402471374 -0.0064610787204074181 0.022943120520304831 -0.001790767664985894 -0.10067076115757628 0.048843697522822381 -0.01792108427714478 0.088895180224174766 -0.071174037319739036 0.13860103126904824 -0.059960281174066495 0.14275340357644842 0.088104295979236677 0.33859609482178654 -0.086684433635450184 0.019300844328645133 -0.052135903848004414 -0.057349060570309501 0.034067037367395352 -0.26622427069758958 -0.048595212500183525 0.040237854628773342 0.055452938243377797 -0.056239199804251107 0.050802349033380691 0.051204261416953542 -0.31647818501570896 0.0017558599395936867 0.046912462921749637 -3.5638828476588067e-05 -0.042376789118903323 0.041429575260711803
leaf_weight=7.1513129277627732 73.55452977414825 8.8256852837293973 5.0860874038244202 2.0422173131810277 3.249698248349886 6.0339187271820265 48.775366424679305 12.935252358158321 0.95926953198067977 49.537421475903102 144.40047727646743 71.57845829505095 147.02281681900786 159.57420044478567 274.20321740023792 730.31538791814091 4.3341944559360845 12.300086300660039 57.623009315917443 2.8211444916232713 20.01695113023743 2.4469380732261916 5.8765096440911293 1.9154837365713309 3.9945221148664132 0.18886158156965382 28.582286823409959 330.36124154271238 15.040822337468851 7.3713069583754969 30.903524823428597 7.3376121337059885 32.39866486491519 46.620698453712976 28.407509863347514 4.9328383784159069 23.236310563021107 3.9561083255102849 3.2971184104681015 538.79152179404628 24.823906884965254 4020.4538527712575 62.75964914218639 21.463277186820051
leaf_count=4430 5466 388 19254 268 50 1280 204138 17448 321 91751 3248 778 5404 10456 1984 12908 679 1131 1092 87 326 3288 38 1068 172 202 4134 22688 387 296 2167 194 1389 1956 43633 365 804 119 46 17905 1671 197348 3950 1080
internal_value=0.000191445 -0.00281121 -0.0231858 -0.00116922 -0.0593457 -0.0856241 -0.029541 -0.035041 -0.0175501 -0.0309541 -0.000556384 0.000594043 -0.00303703 -0.024106 0.00984188 0.00251403 0.0210196 -0.0100267 -0.0204468 -0.027424 -0.0316506 0.0264525 -0.112544 0.0268383 0.00288511 -0.0616482 0.00120088 0.000290285 -0.0254596 -0.0129307 -0.0371462 -0.161547 -0.00824029 0.0177055 0.00743351 0.00532764 0.00175577 -0.09177 -0.160497 0.00378362 0.00126174 0.00100622 0.0111097 -0.0210197
internal_weight=7087.5 1783.21 132.991 1650.22 17.2023 13.9526 125.839 114.654 65.8789 50.4967 1633.02 1543.73 1108.49 231.153 435.238 877.338 278.537 156.701 89.2868 80.4611 77.64 15.3822 11.9104 11.185 9.26947 5.27495 5304.29 4628.12 168.255 139.673 78.0111 14.7089 63.3022 61.6615 676.176 647.768 574.214 12.1861 8.22996 562.028 4459.86 4435.04 414.584 84.2229
internal_count=687787 382189 342072 40117 1636 1586 337642 316946 112808 92072 38481 36588 29546 11234 7042 18312 2663 4379 1893 1505 1418 20736 1318 20696 19628 19456 305598 237260 10523 6389 4046 490 3556 2343 68338 24705 19239 530 411 18709 226737 225066 27718 5030
is_linear=0
shrinkage=0.08


Tree=132
num_leaves=45
num_cat=0
split_feature=8 6 11 6 6 2 7 6 11 3 6 11 6 3 7 11 6 3 11 3 10 7 1 8 11 3 7 8 2 7 6 7 8 10 8 3 2 10 1 4 4 2 3 11
split_gain=3.28142 8.02702 7.59465 5.4882 5.22727 6.42824 4.90515 4.82289 4.90802 4.96468 3.97711 3.85837 3.46648 3.80807 3.42447 3.3868 4.45346 11.7621 5.15 3.00454 2.97087 15.0047 6.90914 6.85824 57.7427 6.33764 8.25797 177.22 6.0575 4.62345 4.15716 3.88281 11.0279 9.67607 9.07506 12.2229 9.67736 9.03131 7.95825 7.99421 15.562 10.6254 6.45259 5.96053
threshold=0.97881317138671886 0.65881377458572399 0.45682159066200262 0.87138131260871898 0.36285266280174261 0.84028983116149913 0.98974332213401806 0.40778534114360815 0.5056842863559724 0.36515152454376226 0.41742423176765447 0.46915549039840704 0.027402402833104137 0.39173060655593878 0.98469346761703502 0.48896896839141851 0.78319624066352855 0.36515152454376226 0.53515574336051952 0.99397590756416332 1.0000000180025095e-35 0.41277122497558599 0.32305502891540533 0.2582839578390122 0.70445138216018688 0.65166836977005016 0.41688947379589086 0.42887799441814428 0.4712491780519486 0.94349297881126415 0.027402402833104137 0.95672976970672619 0.92870518565177929 0.35000000149011617 0.81844761967659008 0.88047617673873912 0.58745098114013683 0.75000000000000011 0.89769753813743602 0.27922078967094427 0.19090909510850909 0.51316702365875255 0.45534290373325353 0.58114847540855419
decision_type=2 2 2 2 2 2 2 2 2 2 2 2 2 2 2 2 2 2 2 2 2 2 2 2 2 2 2 2 2 2 2 2 2 2 2 2 2 2 2 2 2 2 2 2
left_child=20 2 -2 11 5 12 14 8 -6 -10 -9 -3 13 -4 -5 -13 18 -18 -17 -8 21 23 -23 24 -1 28 27 -27 -24 -28 -30 32 -22 34 -33 36 -36 -34 39 40 -35 -41 43 -39
right_child=1 3 4 6 7 -7 19 10 9 -11 -12 15 -14 -15 -16 16 17 -19 -20 -21 31 22 25 -25 -26 26 29 -29 30 -31 -32 33 37 38 35 -37 -38 42 -40 41 -42 -43 -44 -45
leaf_value=0.023652771918576541 -0.34650451653656028 -0.1810915010041835 -0.05025228127331606 0.0030556644291187332 -0.16035342117411827 0.044874217681391784 0.01432400777643323 -0.061361684817577873 0.1619183251471511 0.053974583452018783 0.029299572264791338 0.084861400698110837 -0.0065288517990126265 0.078753285472881129 -0.13893401546988279 0.027795279158532145 -0.38067350924866794 -0.054547498402952005 -0.05409004977112418 -0.1571087479470519 0.0010685381160825869 0.077483442495238308 0.017011064830150122 -0.071664638703130099 4.7657009682226565 0.043784436281038321 -0.0035784053348528141 7.4868880775357667 0.059652426200808052 0.0079799188487469589 -0.057104488790898501 0.052127353195273028 -0.048092396235618631 -0.0011341786338966379 0.0320040457825429 -0.002820076631025948 -0.1082473289133587 0.017183448460077761 0.038845132039209751 0.052169513747283562 0.059901616825740238 -0.018843993060215551 0.046493470089606477 -0.081833025201670143
leaf_weight=3.6240797667960609 0.36697078146971662 1.1993324561044598 1.9195316359400729 1.932168471510521 0.53164444491267104 23.325865652259381 42.45237279299181 3.2559390418464309 3.9692935422062865 8.7125881681276933 63.331027439213358 1.4416167193558092 88.235335192526691 6.1766668487543939 2.4854233632795513 7.6407827379880535 0.8442909613950168 4.3772710867342539 13.782094618101835 0.6645314792112903 4069.9411955992182 6.9544574232495497 11.826209074064534 27.593499773036456 0.016508939006598555 0.64522631511135742 1381.5251085952077 0.021144025169633096 2.0833319022440255 263.78130744426744 30.887589675454365 6.2647111898404537 9.6715277810872049 542.39154261400108 3.6929327715188291 19.260616156214382 21.36285879521165 31.488175915554166 29.488837906945264 14.258608453907071 28.120779304939788 248.47913505464385 71.625184173288289 4.4394697193056336
leaf_count=7295 8 30 15 68 4 10959 2017 236 22 1084 3450 46 4266 1380 63 153 10 334 614 64 223803 1612 11147 266491 45 4161 67039 91 1104 2660 19628 651 423 10267 246 1551 367 257 21711 391 461 14642 7644 52
internal_value=0.000108966 0.00865053 0.0170998 -0.0133278 0.0177687 0.00719242 0.00345599 0.0336275 0.077777 0.0877598 0.0248665 -0.0405703 -0.00193191 0.0481673 -0.0768305 -0.0345697 -0.0410316 -0.10728 -0.0248844 0.0116818 -0.000237033 -0.00310288 -0.00209201 -0.0580482 0.0451565 -0.00241932 -0.0016113 0.279955 -0.0321085 -0.00172533 -0.049727 0.000734428 0.00176531 -0.0039917 -0.0379991 -0.0507397 -0.0875759 0.0259567 -0.0019979 -0.00344334 0.0018743 -0.0149901 0.0326154 0.00494828
internal_weight=7106.09 276.645 199.825 76.8199 199.458 119.657 47.5345 79.8005 13.2135 12.6819 66.587 29.2854 96.3315 8.0962 4.41759 28.0861 26.6444 5.22156 21.4229 43.1169 6829.44 1728.96 1697.72 31.2341 3.64059 1690.77 1645.97 0.66637 44.7971 1645.31 32.9709 5100.49 4187.17 913.32 50.5811 44.3164 25.0558 117.224 862.739 833.25 570.512 262.738 107.553 35.9276
internal_count=688562 24823 21424 3399 21416 16620 2212 4796 1110 1106 3686 1187 5661 1395 131 1157 1111 344 767 2081 663739 381273 107442 273831 7340 105830 73951 4252 31879 69699 20732 282466 232179 50287 2815 2164 613 8376 47472 25761 10728 15033 7953 309
is_linear=0
shrinkage=0.08


Tree=133
num_leaves=45
num_cat=0
split_feature=7 2 10 7 12 2 3 6 2 11 2 7 3 6 2 11 6 4 7 3 3 5 1 4 10 11 11 6 4 3 2 4 4 4 11 1 1 1 6 2 4 1 3 6
split_gain=3.52165 6.27864 6.23185 27.7222 5.56635 5.54881 13.0423 7.43767 9.66548 7.1889 5.48282 5.36261 3.94794 4.91632 3.8738 6.4424 7.30867 3.81223 4.63013 13.7444 3.78178 4.29006 3.78045 4.50319 3.60822 3.50662 3.18005 5.84597 3.13535 3.08386 12.2089 25.1578 9.59132 8.09079 7.8526 5.85483 2.44284 8.80891 16.3774 2.35216 12.4422 23.5138 13.247 11.3342
threshold=0.91388580203056347 0.96808147430419933 1.0000000180025095e-35 0.427709311246872 1.0000000180025095e-35 0.91545844078063976 0.93957647681236278 0.15184453129768374 0.91922956705093395 0.94001403450965892 0.95850551128387462 0.92352676391601574 0.46265329420566564 0.76568627357482921 0.88774341344833385 0.6632291078567506 0.18834459781646731 0.90873014926910411 0.92699080705642711 0.99397590756416332 0.96051946282386791 1.0000000180025095e-35 0.94312667846679699 0.63068181276321422 1.0000000180025095e-35 0.57238981127738964 0.9652337133884431 0.21778655797243121 0.73030304908752453 0.88273492455482494 0.75513628125190746 0.36931818723678594 0.38750000298023229 0.41428571939468389 0.8535020947456361 0.85565477609634411 0.90999102592468273 0.88998898863792431 0.027402402833104137 0.82870012521743786 0.58571431040763866 0.82952776551246654 0.87585616111755382 0.13397436589002612
decision_type=2 2 2 2 2 2 2 2 2 2 2 2 2 2 2 2 2 2 2 2 2 2 2 2 2 2 2 2 2 2 2 2 2 2 2 2 2 2 2 2 2 2 2 2
left_child=2 11 3 4 -1 12 10 8 -8 -9 28 22 -5 25 -6 -16 -17 29 19 -19 21 -3 36 -24 -25 -14 39 -28 -7 30 33 -32 35 -13 -34 -31 37 -2 -39 43 -41 42 -42 -4
right_child=1 20 26 5 14 6 7 9 -10 -11 -12 17 13 -15 15 16 -18 18 -20 -21 -22 -23 23 24 -26 -27 27 -29 -30 32 31 -33 34 -35 -36 -37 -38 38 -40 40 41 -43 -44 -45
leaf_value=-0.085869942412863734 0.016781289597963749 -0.17955200089812462 0.01325737628876127 0.076940317546470516 -0.056978372311249074 0.074192626724472743 -0.095815671812074246 0.1256129492869657 0.00014485257894532362 -0.027919328205581719 -0.09458105060537321 -0.00093764578004587476 -0.047550080824958381 -0.23002375015859267 0.26431295753750517 -0.021979797165337631 0.63281430829475471 0.080711517340442629 0.081412898194590119 -1.4033712394876903 0.070102091163847788 0.080454802428064479 0.083673843222485167 -0.15542261884451694 0.080383993827664896 -0.0062573333437280368 0.082572054064967579 -0.4181308702080323 -0.018032061665340091 0.056710747800540119 0.044372112246962921 -0.031791455917735544 -0.14985926128006022 0.016441280166047255 0.0034568544639798915 -0.022271598836506278 0.045012571275039777 -0.32949037440708706 -0.019810864837234678 0.014874510470379328 -0.14935528961006228 -0.003813627316040799 -0.03793766877757445 -0.00096980848834817576
leaf_weight=32.038926420455027 184.39397635732894 0.87774654448730582 452.05285900860326 3.5992007716940853 8.1542396843578882 24.886261272520649 6.9793209062700035 5.6447663723083661 179.18163453272064 2.9834399931132793 1.4420481461856969 1185.3418752495199 13.355645760184414 0.63220198162525676 0.66782299970509384 3.9408336553606205 0.11220219134702336 0.15447408563340914 5.3571098023239756 0.053864803398028016 12.637731217415421 0.7558957154978998 0.98442602681461666 2.3887680266052489 0.50269496958935622 907.60050087427044 0.28040429431712155 0.31903217127546668 2.6063160023550145 34.084167004126357 33.150242697767681 170.57789104199037 2.1463546324521294 200.4355240619916 552.52586989681004 7.2916939900023854 16.663426455575973 1.2844484564848224 7.3307250422076322 224.14895776161575 10.170405324301102 1065.2868938580214 20.790685263025807 1729.2654962219603
leaf_count=287862 3120 39 38777 985 7036 573 85 98 6185 19 66 18422 26999 85 34 1153 60 117 6592 11 26694 461 184 67 396 44257 53 14 55 4868 1767 4243 26 6870 40724 1011 661 31 317 8403 223 38820 580 109519
internal_value=-9.01741e-05 0.00238971 -0.00136754 -0.00635909 -0.0680166 -0.00394873 0.00735718 -8.73421e-05 -0.00345278 0.0725249 0.057474 0.00207572 -0.00668267 -0.00700925 -0.0235895 0.0340825 -0.00385281 0.000896308 0.0670231 -0.302989 0.0552957 -0.0592454 0.0141771 -0.0641115 -0.114426 -0.00685616 0.000333916 -0.183912 0.0654497 0.000727918 -0.00111229 -0.0193983 0.00563527 0.001576 0.00286358 0.0427916 0.0156243 0.0130871 -0.0659814 0.000365456 -0.0022995 -0.00581106 -0.0745372 0.00197861
internal_weight=7115.08 2418.94 4696.14 1193.83 44.914 1148.91 223.724 194.789 186.161 8.62821 28.9346 2404.67 925.188 921.588 12.8751 4.72086 4.05304 2191.12 5.56545 0.208339 14.2714 1.63364 213.548 3.87589 2.89146 920.956 3502.31 0.599436 27.4926 2185.55 1589.51 203.728 596.048 1385.78 554.672 41.3759 209.673 193.009 8.61517 3501.72 1320.4 1096.25 30.9611 2181.32
internal_count=688562 116621 571941 375552 296145 79407 7081 6387 6270 117 694 89427 72326 71341 8283 1247 1213 84651 6720 128 27194 500 4776 647 463 71256 196389 67 628 77931 31302 6010 46629 25292 40750 5879 4129 3468 348 196322 48026 39623 803 148296
is_linear=0
shrinkage=0.08


Tree=134
num_leaves=45
num_cat=0
split_feature=7 2 10 7 8 7 1 8 8 4 8 7 8 1 2 4 0 4 2 3 11 2 3 3 2 3 4 3 0 5 7 2 1 11 1 7 8 1 3 8 2 2 4 4
split_gain=3.00512 5.68511 5.30487 25.3628 6.85226 9.13939 13.0223 7.03559 6.05024 5.52268 6.22855 4.57392 6.37171 5.45164 4.38954 8.02191 4.74289 4.34284 4.67861 6.04896 4.98895 4.33199 12.3164 4.31668 7.80728 4.18974 3.55701 3.39376 3.66404 3.80687 3.11209 2.89061 4.81936 2.83475 4.06081 2.71748 3.43074 2.71695 2.62172 11.1504 11.0002 9.99592 30.5181 10.3833
threshold=0.91388580203056347 0.96808147430419933 1.0000000180025095e-35 0.427709311246872 0.38605175912380224 0.46190130710601812 0.94494947791099559 0.40770515799522405 0.22611077129840854 0.73030304908752453 0.40304292738437658 0.92352676391601574 0.92113238573074352 0.61143791675567638 0.80982521176338207 0.70714285969734203 0.91945946216583263 0.80909091234207164 0.74210175871849071 0.80810147523880016 0.96764585375785839 0.91545844078063976 0.93201079964637767 0.91458967328071605 0.73746865987777721 0.89512962102890026 0.90873014926910411 0.96051946282386791 0.97801932692527782 1.0000000180025095e-35 0.44494949281215673 0.94312667846679699 0.88047617673873912 0.6632291078567506 0.99504950642585765 0.92699080705642711 0.91683137416839611 0.90999102592468273 0.87585616111755382 0.86976018548011791 0.78086888790130626 0.73746865987777721 0.36931818723678594 0.41428571939468389
decision_type=2 2 2 2 2 2 2 2 2 2 2 2 2 2 2 2 2 2 2 2 2 2 2 2 2 2 2 2 2 2 2 2 2 2 2 2 2 2 2 2 2 2 2 2
left_child=2 11 3 8 5 6 -5 9 33 -6 -11 12 17 -14 16 -16 -15 31 19 -19 -20 25 -23 24 -7 -9 38 28 -3 -30 -8 37 -33 34 -1 36 -28 -2 41 40 -40 43 -43 -13
right_child=1 27 -4 4 7 23 30 21 -10 10 -12 26 13 14 15 -17 -18 18 20 -21 -22 22 -24 -25 -26 -27 35 -29 29 -31 -32 32 -34 -35 -36 -37 -38 -39 39 -41 -42 42 -44 -45
leaf_value=0.040988496205596851 0.018204325353285533 0.023877113748277837 0.00030770666506274228 -0.010852342138476346 -0.033819006498814523 0.0420077970777053 0.67027115825212524 0.00030731789570703961 -0.075060371880993848 -0.12247509701021705 -0.45487136884301421 -0.001121588451651003 -0.12124017522833951 0.091843029333063611 -0.093247047841046024 0.068815977268813444 -0.060245755199418792 -0.94946435479318692 -0.10085550999429251 -0.1626608881931591 0.056444882912150725 0.066543715898567349 0.00011594928014565572 0.068339842126208986 -0.10555662370251163 -0.010849454262781642 0.080891874917973061 0.069123459015842756 -0.38991936634428093 0.080333650894087047 0.33006388563717337 -0.27633225208112511 -0.013048717982711608 -0.086609998005763647 0.33288450108562301 0.081315249913452958 -0.43221512976944793 0.056151861345451373 -0.0070964644470343152 1.8586751956551182e-05 0.046050054470336978 0.049396884109991643 -0.029694688229471269 0.019951525948030194
leaf_weight=1.852847623216803 171.71643104573013 1.1989229028404214 3503.0910872204404 0.66289771034644462 3.4949917176072622 6.8424554122539138 0.3159360816134722 354.63311693071591 39.31991357568586 1.5450396829401145 0.47070743460790243 1175.2058215747238 3.5084963884437483 4.061052394565194 6.5636586890905146 2.7837960191827733 1.938781726057641 0.077666846598730355 2.9328476098453393 0.32099024769559037 2.3042641679057851 19.626776986631739 198.81962507271237 9.0139005200326192 3.4524425267154584 548.77526657760609 0.18234825304534652 11.824660948877861 0.33302483707666386 0.16464557574363425 0.37794793918146752 0.52421778763527926 2.9430335494107567 0.80014194645627856 0.36513632535934437 4.9509339694050141 0.15368597437918652 12.988582821213638 37.710298962832894 498.7183999443223 73.514885609358316 37.410630986443721 188.78048098599538 171.47761780148721
leaf_count=1357 3080 382 196389 2318 4397 825 55 54441 294610 203 84 18082 45 49 136 98 62 76 179 75 126 483 6170 226 113 10066 95 26694 4 114 26 27 250 176 2 6592 33 573 1821 38305 7438 1727 4418 6140
internal_value=-8.03286e-05 0.00221321 -0.00126011 -0.00587399 -0.00363147 0.0420183 0.242718 -0.00446827 -0.0666817 -0.0946402 -0.200095 0.00192187 0.0131226 -0.0312725 -0.0107052 -0.0449825 0.0426972 0.0174418 -0.0517559 -0.315947 -0.0316453 -0.00402533 0.00608429 0.0279156 -0.00747863 -0.00646986 0.000833264 0.0539419 -0.0518683 -0.234344 0.484965 0.0195143 -0.0528549 0.0424745 0.089042 0.0663729 -0.153779 0.0208728 0.000674522 0.00512674 0.028031 -0.001052 -0.0166134 0.00156172
internal_weight=7107.75 2414.29 4693.46 1190.37 1148.03 20.6656 1.35678 1127.37 42.338 5.51074 2.01575 2400.77 212.664 18.8558 15.3473 9.34745 5.99983 193.808 5.63577 0.398657 5.23711 1121.85 218.446 19.3088 10.2949 903.408 2188.11 13.5213 1.69659 0.49767 0.693884 188.172 3.46725 3.01813 2.21798 5.28697 0.336034 184.705 2182.82 609.944 111.225 1572.87 226.191 1346.68
internal_count=688562 116621 571941 375552 79407 3563 2399 75844 296145 4684 287 89427 4776 390 345 234 111 4386 456 151 305 71160 6653 1164 938 64507 84651 27194 500 118 81 3930 277 1535 1359 6720 128 3653 77931 47564 9259 30367 6145 24222
is_linear=0
shrinkage=0.08


Tree=135
num_leaves=45
num_cat=0
split_feature=2 0 11 4 6 0 4 0 10 4 4 10 2 5 2 2 2 2 6 2 0 6 4 2 2 1 4 6 1 1 6 2 0 1 11 8 8 11 1 1 1 8 6 5
split_gain=4.84199 13.8651 6.65628 5.49999 6.04596 7.28632 5.73782 5.64709 3.40207 3.34719 9.158 7.7055 10.3145 5.13968 17.3645 6.73902 12.9055 9.0253 4.65015 9.61909 23.7152 15.5551 13.2883 14.4416 13.3551 12.5134 4.47353 19.1944 17.2824 11.8036 11.7362 10.8385 10.5048 3.12102 3.41716 5.56712 4.82366 5.50837 3.08341 3.52368 5.64756 3.0677 5.90552 2.87084
threshold=0.9495762586593629 0.96449580788612377 0.97228500247001659 0.5634920895099641 1.0000000180025095e-35 0.95180022716522228 0.63068181276321422 0.95040982961654674 0.35000000149011617 0.90873014926910411 0.83974358439445507 0.35000000149011617 0.49332858622074133 1.0000000180025095e-35 0.88774341344833385 0.77303028106689464 0.7243877947330476 0.80982521176338207 0.038838613778352744 0.80217391252517711 0.8263767957687379 1.0000000180025095e-35 0.58571431040763866 0.83424907922744762 0.90054944157600414 0.84273937344551098 0.70714285969734203 0.19292803853750232 0.89512962102890026 0.8263767957687379 0.20722186565399173 0.8216732144355775 0.9634092152118684 0.8521554470062257 0.98212760686874401 0.9656645953655244 0.90632697939872753 0.93687388300895702 0.78611555695533764 0.80229884386062633 0.8521554470062257 0.98639392852783214 0.080540537834167494 1.0000000180025095e-35
decision_type=2 2 2 2 2 2 2 2 2 2 2 2 2 2 2 2 2 2 2 2 2 2 2 2 2 2 2 2 2 2 2 2 2 2 2 2 2 2 2 2 2 2 2 2
left_child=9 3 -3 41 5 6 -5 -6 43 10 18 13 -13 14 15 16 -11 -17 19 20 21 -1 23 -21 -24 -22 29 28 -28 31 -31 -20 -29 -12 36 -36 37 -35 -15 -40 -41 -2 -43 -9
right_child=1 2 -4 4 7 -7 -8 8 -10 11 33 12 -14 38 -16 17 -18 -19 26 22 25 -23 24 -25 -26 -27 27 32 -30 30 -32 -33 -34 34 35 -37 -38 -39 39 40 -42 42 -44 -45
leaf_value=-0.00039547016708602777 0.076482260244619724 0.00054275095304840923 0.059641280163616986 0.087205807467315766 0.064175489597988647 0.079728051259950458 -0.13165161126911137 -0.12782204486334914 0.069182075899030623 0.0041807072037524538 0.051716081190519077 -0.76483933550023742 0.073340012291226733 0.099594091114824354 -0.81444927786792709 0.30335809494692828 -0.23489493323640484 -0.026481429221315772 -0.00018305664049666787 -0.049546318131052321 0.05132026584856525 -0.055344219348540599 -0.055882518955491969 0.015200210244960984 -0.012793004621874422 -0.0046669014943177675 0.048240028185062775 0.13059255826452967 0.0010631275624493767 0.0033906466225402483 0.024402689185183072 -0.024652316579391043 -0.01638532129593127 -0.029877199659254262 -0.32405289706764018 -0.045041927059709892 0.039262339898614801 -0.12424525012498988 -0.082197472982680084 0.082448951855035077 0.0040277662694876626 0.080563821928752097 -0.6519411781998028 -0.020203310328103515
leaf_weight=115.64656119834763 21.942984484234334 458.94427022187665 12.530157393288389 1.2187733523460367 6.9671974683151374 16.914809544061427 2.066726300654409 1.7436860158850382 2.5046708821319035 4.0996582018124137 1.7582551549785446 0.094577759591628729 14.439231928932712 2.4739646460220674 0.18740872034686695 0.76785501959966529 2.2316785325092496 1.7206866897467987 3946.1356013727618 27.584206034654926 73.178935604824801 46.120653757461696 77.958849126649511 109.84504768851184 112.41682644238608 39.254092174429388 57.389854576926155 3.1310625137994057 370.71873160091855 570.21476898949913 242.46653057303411 119.35684185539503 515.62430285984374 10.100852357241829 0.7890680285054249 1.0898186284466644 3.2828530047554514 6.5101558063179246 2.6248287324997355 6.5852175131294635 54.667939407103404 0.19996248386450943 0.10874749935464934 17.586891297080001
leaf_count=19451 2103 35738 24696 74 407 1239 61 121 793 667 35 62 9266 70 48 250 378 411 463332 1910 2951 13742 3487 5670 5063 2668 1672 74 16363 32313 13985 8621 16939 140 34 38 36 105 52 176 2328 147 46 476
internal_value=-0.000176755 0.0070843 0.00211339 0.0399757 0.0249983 0.0585526 -0.0504653 0.00146539 -0.0185442 -0.000779279 -0.000992923 0.0145514 0.0678856 0.00426537 -0.0524394 -0.0362479 -0.080089 0.0752926 -0.000810531 -0.00750424 0.00355259 -0.0160616 -0.016753 0.00220457 -0.0304382 0.0317733 -0.00011875 -0.00515086 0.0073874 0.000857994 0.00965967 -0.000901438 -0.0154982 -0.0508098 -0.0590893 -0.162217 -0.0493493 -0.0668618 0.0119631 0.00856914 0.0124587 0.072959 -0.177472 -0.0299109
internal_weight=7083.2 542.729 471.474 71.2544 49.0028 20.2003 3.2855 28.8024 21.8352 6540.47 6450.57 89.893 14.5338 75.3592 9.00729 8.81988 6.33134 2.48854 6427.04 602.005 274.2 161.767 327.805 137.429 190.376 112.433 5825.04 946.864 428.109 4878.17 812.681 4065.49 518.755 23.531 21.7727 1.87889 19.8939 16.611 66.352 63.878 61.2532 22.2517 0.30871 19.3306
internal_count=688238 65901 60434 5467 3171 1374 135 1797 1390 622337 608629 13708 9328 4380 1754 1706 1045 661 608241 54942 38812 33193 16130 7580 8550 5619 553299 35048 18035 518251 46298 471953 17013 388 353 72 281 245 2626 2556 2504 2296 193 597
is_linear=0
shrinkage=0.08


Tree=136
num_leaves=45
num_cat=0
split_feature=2 0 7 0 6 0 0 6 5 10 4 5 0 7 8 8 8 7 4 8 6 6 5 2 2 2 12 6 6 6 6 1 1 11 4 4 10 2 6 2 0 4 5 1
split_gain=4.13681 12.3368 7.3654 4.21764 7.30073 4.95677 7.32884 4.4747 4.96182 3.9961 3.34656 10.9271 8.81054 3.85327 3.70083 8.5137 3.51224 10.245 3.21575 3.13016 6.89687 7.43722 4.46236 5.41241 6.30859 5.93734 4.01714 5.04919 5.24321 3.43594 3.36762 3.88466 3.02785 2.98979 2.97306 7.58796 6.78631 4.81358 4.28855 8.02035 17.9493 12.2371 4.14915 34.2181
threshold=0.9495762586593629 0.96922349929809581 0.93629321455955516 0.93643954396247875 1.0000000180025095e-35 0.95180022716522228 0.95040982961654674 0.0745370388031006 1.0000000180025095e-35 0.35000000149011617 0.63068181276321422 1.0000000180025095e-35 0.98437118530273449 0.4909635335206986 0.85773810744285595 0.7942219376564027 0.30389872193336492 0.45039078593254095 0.47727273404598242 0.99829351902008068 0.62115561962127697 0.87138131260871898 1.0000000180025095e-35 0.34330357611179357 0.41136181354522711 0.47856706380844122 1.0000000180025095e-35 0.76568627357482921 0.7245689630508424 0.16530054807662967 0.63211598992347728 0.29217478632926946 0.93957647681236278 0.79175817966461193 0.90873014926910411 0.83974358439445507 0.35000000149011617 0.49332858622074133 0.038838613778352744 0.81530213356018078 0.83438816666603099 0.58571431040763866 1.0000000180025095e-35 0.91331186890602123
decision_type=2 2 2 2 2 2 2 2 2 2 2 2 2 2 2 2 2 2 2 2 2 2 2 2 2 2 2 2 2 2 2 2 2 2 2 2 2 2 2 2 2 2 2 2
left_child=19 3 10 -2 5 6 -5 9 18 32 11 14 -12 -13 15 -3 -14 -18 -9 34 22 26 23 29 -25 -26 27 28 -22 -21 -28 -32 -6 -15 35 38 42 -38 39 40 -1 -41 43 -36
right_child=1 2 -4 4 7 -7 -8 8 -10 -11 12 13 16 33 -16 -17 17 -19 -20 20 21 -23 -24 24 25 -27 30 -29 -30 -31 31 -33 -34 -35 36 -37 37 -39 -40 41 -42 -43 -44 -45
leaf_value=-0.014175186162063397 0.076237881939698507 -0.11725187894289844 0.064475979176843695 0.03566541668955301 -0.082171975832323496 0.067982708333726327 -0.19659693243829751 0.058673238710551974 0.081086715201320173 0.067453991837345129 0.10438081497859102 -0.027041515657502419 0.0042437401757374656 0.24988489552738571 0.0030481191491274237 -0.42904118492043475 -0.075163831781318177 -0.0025024296739028441 -0.19664777702102509 -0.015027143952150785 -0.062705741060719355 0.015364800236687987 0.072565315592996657 -0.053895522053649336 0.080698944817156101 -0.006479974228860058 -0.19829540229473291 -0.14079488117263597 0.051058208717863582 0.03560893551301493 -0.01778971611481403 0.088901305612259465 -0.010819781296651612 0.03689844913974915 -1.0521554232017798 -0.046403619921768099 -0.33130969063030685 0.070554472344623087 -0.00037444465691153828 0.0024931876137248032 0.027374904210916245 -0.029508847203361364 0.01110317996236773 -0.022564008601931643
leaf_weight=166.91405085203041 13.482880454146651 2.2442640335648356 11.585189759294733 3.5806264676139099 4.7624232482048745 27.291464228605037 1.1483195055916438 0.54387376589875003 6.8766423006491095 3.4116274699044871 5.2512957008802905 12.589507046435758 319.21807099464058 0.47103085881099005 0.755443715606816 0.74708237359300245 14.470781071293457 87.583129457430914 0.75256362347136019 9.8842292726039869 13.14500471623615 34.711746315530036 9.7232294855348282 12.784297290258108 6.5346806491725173 21.285615155429696 0.55501516757067193 3.9735124996805089 3.2298742150887838 64.818065152270719 11.429857465904204 2.7000788902805644 18.958481792300518 4.036538825079333 0.21134916426671857 23.704401603405131 0.1934625891444729 13.660578603361499 5636.601065083707 130.49844331175882 110.65082083344896 184.71476283853553 65.922745753770869 9.1718271691388509
leaf_count=33954 1116 137 23596 262 123 2579 20 53 653 1056 259 472 4247 8 14 10 8303 21794 93 70 129 1721 6622 116 92 6031 58 47 39 498 418 741 612 494 12 365 52 8190 538825 6696 5302 7991 2626 1742
internal_value=-0.000157655 0.00657357 0.00149855 0.035397 0.0272181 0.0548805 -0.0207343 0.00212965 0.0540219 -0.0135017 -0.000132333 -0.031432 0.00139726 -0.00431617 -0.155165 -0.195121 0.000113534 -0.0128055 -0.089537 -0.000713452 0.00927591 -0.0108799 0.0205193 0.0161306 -0.00737859 0.0139974 -0.0368836 -0.0598969 -0.0402663 0.028909 -0.00499493 0.00259779 -0.0251451 0.0591551 -0.00102023 -0.00122706 0.0134853 0.0649427 -0.00105515 -0.00752785 0.0023887 -0.01626 0.00401863 -0.0457548
internal_weight=7076.78 539.761 458.952 80.8089 67.326 32.0204 4.72895 35.3056 8.17308 27.1325 447.367 20.8439 426.523 17.0971 3.74679 2.99135 421.272 102.054 1.29644 6537.02 194.775 69.7451 125.03 115.307 40.6046 27.8203 35.0333 20.3484 16.3749 74.7023 14.685 14.1299 23.7209 4.50757 6342.24 6253.08 89.16 13.854 6229.38 592.778 277.565 315.213 75.3059 9.38318
internal_count=688238 65901 59334 6567 5451 2861 282 2590 799 1791 35738 1135 34603 974 161 147 34344 30097 146 622337 16582 3153 13429 6807 6239 6123 1432 215 168 568 1217 1159 735 502 605755 593133 12622 8242 592768 53943 39256 14687 4380 1754
is_linear=0
shrinkage=0.08


Tree=137
num_leaves=45
num_cat=0
split_feature=2 3 3 7 2 6 6 8 6 8 8 8 8 7 11 4 4 12 3 2 4 3 3 0 4 4 3 6 0 2 0 2 4 0 0 2 2 0 6 2 2 8 7 2
split_gain=3.54587 17.063 7.37604 5.55717 4.62975 4.55529 8.04954 10.6899 8.06895 6.39625 4.62399 6.77846 3.84747 5.37548 3.67303 3.45634 4.23806 3.5919 4.33113 3.33799 3.17906 3.04306 28.5307 15.0914 12.6437 7.54467 6.87394 63.8467 14.3777 11.7632 17.6941 11.4858 14.3445 14.0818 10.7497 15.8985 12.5076 10.0223 7.22446 6.4555 6.68477 11.9718 5.70227 6.46002
threshold=0.9495762586593629 0.96449580788612377 0.93957647681236278 0.93035691976547252 0.97182539105415355 0.027402402833104137 0.045983087271451957 0.8894205391407014 0.042109929025173194 0.64226880669593822 0.30389872193336492 0.31045190989971166 0.9656645953655244 0.97448912262916576 0.90695449709892284 0.78888890147209179 0.63068181276321422 1.0000000180025095e-35 0.93788579106330883 0.9634092152118684 0.61250001192092907 0.98571136593818676 0.97259759902954113 0.99504950642585765 0.27922078967094427 0.47727273404598242 0.94494947791099559 0.056349206715822227 0.94474968314170849 0.88998898863792431 0.99504950642585765 0.8216732144355775 0.58571431040763866 0.87428161501884472 0.92403846979141246 0.85857143998146068 0.92380261421203624 0.88998898863792431 0.11483516544103624 0.58578637242317211 0.59491634368896495 0.43765547871589666 0.98469346761703502 0.61311829090118419
decision_type=2 2 2 2 2 2 2 2 2 2 2 2 2 2 2 2 2 2 2 2 2 2 2 2 2 2 2 2 2 2 2 2 2 2 2 2 2 2 2 2 2 2 2 2
left_child=21 2 15 5 -4 9 8 14 -7 10 -3 -12 -5 19 -8 16 17 18 -2 -14 -6 22 26 24 -23 39 29 28 -28 31 37 32 -1 -33 35 -29 -36 -31 -32 -25 41 -41 -27 -44
right_child=1 3 4 12 20 6 7 -9 -10 -11 11 -13 13 -15 -16 -17 -18 -19 -20 -21 -22 23 -24 25 -26 42 27 34 -30 30 38 33 -34 -35 36 -37 -38 -39 -40 40 -42 -43 43 -45
leaf_value=-0.0022641782537868877 -0.014702006851173035 0.0032811482162338535 0.071612178582768624 0.075711656452863207 -0.0015756446842365526 -0.061418186483740492 0.040280626332219988 -0.13488883654723485 -0.33035950803221187 0.042395408570968948 -0.30592176357363843 -0.017252882828670348 -0.18251619187541793 0.081473223905204506 -0.026747177865839571 -0.19284073889672609 0.084706579554403694 0.07112630245601366 -0.16159589929390375 0.080250824999372194 0.12015121373926968 -0.080668464166965728 -0.10090169626993534 0.0088232954282288154 0.079334936359334016 -0.00021030398812238945 -0.099818658998471102 -0.0066698564986279463 -0.016339869373250233 0.083791392596170203 0.058520715459700091 0.0018322917575370756 0.011156697123237554 -0.026136099999992893 -0.035634755960033675 0.058864831769701496 0.021124545439207752 0.018295700919687963 -0.060385052598803751 0.68757387082825971 0.061796443512701527 0.09709733577285333 -0.12518423895337891 0.043098735066294677
leaf_weight=3220.3839927250574 9.7443877645273496 318.52612190342188 39.648257897337317 10.15396621149557 10.28986884243386 13.022310894648395 15.741028138070766 3.3416606389218932 0.75538888886512801 23.23769274255028 0.52453264872019545 69.58632911796667 1.3265737452311435 1.622522414778359 7.8375229557277626 0.58291566962725383 3.4368563304305999 2.5492596639087415 1.4796857391047531 0.40351568681944616 1.5845609122698068 3.6094655385604737 18.473918583842533 22.200368983685621 25.427256482478697 1593.4786980110912 52.979649712742685 43.574062046207473 17.587789763332694 16.015068535445607 3.7777248864294988 210.7630527370693 605.52360626738118 254.13807685442225 52.171259693917818 51.92194867544822 47.442246680071548 225.44469499090337 24.343615775778744 0.3104664670099726 14.602487494084924 0.75209763506427407 1.5371231042372553 29.073413216290646
leaf_count=454302 700 4278 3382 18535 963 527 484 73 20 17139 333 11634 27 5569 280 33 299 543 46 912 124 661 910 3369 1565 59708 2403 3486 765 987 229 13062 30908 13054 2253 3050 3195 12197 857 81 1807 56 528 12904
internal_value=-0.000140415 0.00611875 0.0431523 0.000611091 0.0584883 -0.000898 -0.0264309 -0.000977922 -0.0761634 0.00162494 -0.000812839 -0.0194126 0.0511771 -0.0231302 0.0180005 -0.00125551 0.00523356 -0.0145973 -0.0340672 -0.12123 0.014668 -0.00065317 -0.00167305 0.0022687 0.0594454 0.00126974 -0.00129321 -0.0138021 -0.0790129 -0.000564469 0.0156453 -0.00158289 -0.000140066 -0.0134566 0.00978338 0.0289619 -0.00860239 0.0226398 -0.0444117 0.0365705 0.0758936 0.269626 0.000446705 0.0346483
internal_weight=7070.93 535.395 69.3158 466.079 51.5227 452.573 40.6979 26.9202 13.7777 411.875 388.637 70.1109 13.5066 3.35261 23.5786 17.7931 17.2102 13.7733 11.2241 1.73009 11.8744 6535.53 4844.54 1690.99 29.0367 1661.95 4826.07 265.677 70.5674 4560.39 269.581 4290.81 3825.91 464.901 195.11 95.496 99.6135 241.46 28.1213 37.8654 15.6651 1.06256 1624.09 30.6105
internal_count=688238 65901 6090 59811 4469 34768 1384 837 547 33384 16245 11967 25043 6508 764 1621 1588 1289 746 939 1087 622337 541658 80679 2226 78453 540748 15152 3168 525596 14270 511326 485210 26116 11984 6536 5448 13184 1086 5313 1944 137 73140 13432
is_linear=0
shrinkage=0.08


Tree=138
num_leaves=45
num_cat=0
split_feature=7 8 7 7 10 1 8 7 1 6 1 6 5 6 0 4 12 10 4 8 10 11 7 4 10 1 12 4 12 11 8 7 7 8 8 12 1 6 4 4 11 8 5 10
split_gain=3.1999 32.6027 14.4091 11.8014 11.4552 11.2019 10.5326 13.5776 11.9811 6.71941 5.71956 7.29881 5.584 5.03764 5.76895 4.89084 6.34451 5.93595 4.87128 4.63538 4.57426 6.9761 4.48032 4.22121 3.76174 3.75897 3.72241 3.42623 3.35643 3.19805 13.546 5.86658 4.54402 6.62089 3.27779 5.71861 3.23491 17.9924 8.49026 9.31212 8.62419 8.57381 6.58518 6.46796
threshold=0.51628047227859508 0.29283827543258673 0.41799478232860571 0.29249531030654913 0.35000000149011617 0.95488464832305919 0.3081014752388001 0.46437034010887152 0.83250823616981517 0.077677227556705489 0.84660634398460399 0.22792208194732669 1.0000000180025095e-35 0.17445652186870578 0.88047617673873912 0.61250001192092907 1.0000000180025095e-35 0.75000000000000011 0.90873014926910411 0.24037037044763568 1.0000000180025095e-35 0.69050872325897228 0.32846482098102575 0.47727273404598242 0.35000000149011617 0.82413583993911754 1.0000000180025095e-35 0.16025641560554507 1.0000000180025095e-35 0.24008196592330935 0.51132091879844677 0.54416766762733471 0.52011558413505565 0.45474053919315344 0.56189060211181652 1.0000000180025095e-35 0.84273937344551098 0.26598639786243444 0.41428571939468389 0.43650794029235845 0.80284366011619579 0.55391839146614086 1.0000000180025095e-35 0.35000000149011617
decision_type=2 2 2 2 2 2 2 2 2 2 2 2 2 2 2 2 2 2 2 2 2 2 2 2 2 2 2 2 2 2 2 2 2 2 2 2 2 2 2 2 2 2 2 2
left_child=1 3 4 10 -3 12 7 8 28 15 19 13 20 14 -12 16 -8 -17 26 24 21 -5 -7 -13 27 -26 -11 -1 -4 30 31 32 33 -2 -32 -36 -31 38 41 42 -41 43 -40 -38
right_child=29 2 6 5 -6 22 9 -9 -10 18 11 23 -14 -15 -16 17 -18 -19 -20 -21 -22 -23 -24 -25 25 -27 -28 -29 -30 36 34 -33 -34 -35 35 -37 37 -39 39 40 -42 -43 -44 -45
leaf_value=-0.063766978663428453 0.47217453169739282 -0.073859321583715581 -0.081261443174629064 0.24887373198361082 -0.0060164597638529297 0.43064698190364675 -0.012602328956651801 0.0018805812937672342 1.3567196083505237 -0.050493058269473499 0.025566729301240342 -0.10332604475961819 -0.0067882589418166075 0.014463129333659586 -0.0053722922338815243 0.012489509885346001 0.090175165372849586 -0.083845820258700174 0.18716212508602373 -0.063950453959374029 0.11019012055403318 1.2001862979299742 0.13011076453426354 -0.022331667913915113 -0.026838687395766954 0.030324082937634569 -0.014425757176042373 0.0079702411045898276 0.59030210402348604 0.00012087933031813118 -0.094898594608538209 0.10573953651102659 -0.034403949770776911 -0.080266740453733942 -0.080665537462561568 0.19685419425271561 -0.09247657551492694 0.067377400890768824 -0.0027643695959861441 0.047720684168983174 0.0010535728582090416 0.042038259287297867 -0.17357474234983594 0.081327994550349475
leaf_weight=4.2857557102724959 0.29260228248313325 66.231246206103606 0.080099679267731427 0.236019500431211 20.97234407326323 0.81318248834941165 6.7727860675586244 0.44731910639529815 0.11101130594033748 35.596943846509021 40.711000012121076 4.3572076538548563 3.4983940080219327 111.19299810456505 733.86503250906389 15.197312515934756 8.8891593688604189 5.6026723033282897 0.65524632924643711 6.0817784719547481 1.8508544371579774 0.062371089014050085 0.52077297454525251 75.075761533727928 37.981332848852617 9.1327719474211317 37.719337544564041 736.33732610034349 0.11750095500610769 3929.9508443952436 5.0146544234594321 10.810649261577053 3.8661717630457133 0.26421716855838895 1.2356695767957719 0.77215920761227597 5.5572754084132603 28.792516838846495 2.5679490672191596 25.978866955847479 1037.212801552676 57.04599008000514 3.3018272037152201 1.818819942360278
leaf_count=4298 63 295788 91 1102 7682 71 15811 38 5 83883 451 76 1067 1178 8054 2457 408 119 40 27393 491 29 27 689 1033 73 2287 17011 4 106149 562 690 650 80 165 4 161 1174 140 648 102298 3758 102 112
internal_value=0.000295562 -0.00244893 -0.0331982 0.00100544 -0.0575432 0.104811 -0.0141049 0.283497 0.691688 -0.016142 0.000593436 -0.00354358 0.055562 -0.0014603 -0.00374617 0.0119652 0.0457305 -0.0134593 -0.0299966 0.00562362 0.157051 0.447722 0.313318 -0.0267745 0.00616077 -0.015758 -0.0319374 0.00755512 0.318076 0.00134968 0.0316091 0.0739845 -0.00363105 0.210035 -0.0603144 0.0260614 0.00121743 0.00492515 0.00333875 0.0016391 0.00219387 0.0315438 -0.0988475 -0.0496193
internal_weight=7078.88 1964.4 198.393 1766 87.2036 6.98159 111.189 0.755931 0.308612 110.433 1759.02 965.202 5.64764 885.769 774.576 36.4619 15.6619 20.8 73.9715 793.819 2.14925 0.298391 1.33396 79.433 787.737 47.1141 73.3163 740.623 0.197601 5114.48 22.2561 15.2336 4.42299 0.556819 7.02248 2.00783 5092.23 1162.28 1133.48 1069.06 1063.19 64.4221 5.86978 7.3761
internal_count=688412 471656 408613 63043 303470 2787 105143 138 100 105005 60256 10448 2689 9683 8505 18795 16219 2576 86210 49808 1622 1131 98 765 22415 1106 86170 21309 95 216756 2214 1483 793 143 731 169 214542 108393 107219 103188 102946 4031 242 273
is_linear=0
shrinkage=0.08


Tree=139
num_leaves=45
num_cat=0
split_feature=7 8 7 10 7 8 4 2 6 2 3 2 4 11 11 2 2 8 12 7 2 12 7 3 6 3 5 6 10 7 7 3 6 7 7 7 8 5 11 4 8 7 7 11
split_gain=2.74453 28.7366 13.3852 11.0938 9.07391 7.5344 5.8985 5.85785 6.89648 5.02694 6.70756 5.31621 8.69991 7.57566 4.57741 7.58327 7.02221 4.32254 4.08252 3.97491 14.3992 3.89574 3.85684 3.75274 22.2729 6.31754 12.3933 6.56019 5.99789 3.34058 3.04655 3.7655 3.13081 3.03667 2.84875 2.82744 10.1794 12.3153 15.0806 11.7978 8.97215 7.30694 6.71938 6.25685
threshold=0.51628047227859508 0.29283827543258673 0.41799478232860571 0.35000000149011617 0.29249531030654913 0.32947862148284918 0.90873014926910411 0.74646764993667614 0.36285266280174261 0.84660634398460399 0.71010184288024913 0.71209660172462474 0.58571431040763866 0.53067356348037731 0.49327099323272711 0.63211598992347728 0.65142410993576061 0.33267457783222204 1.0000000180025095e-35 0.33260554075241094 0.26272648572921758 1.0000000180025095e-35 0.45341086387634283 0.88493064045906078 0.12060606107115747 0.91734972596168529 1.0000000180025095e-35 0.13840996474027636 0.35000000149011617 0.48022346198558813 0.32361441850662237 0.82287582755088817 0.032795699313282974 0.31045190989971166 0.46190130710601812 0.63343685865402233 0.46920476853847509 1.0000000180025095e-35 0.79175817966461193 0.30384616553783422 0.49085332453250891 0.53368237614631664 0.52843666076660167 0.63716873526573192
decision_type=2 2 2 2 2 2 2 2 2 2 2 2 2 2 2 2 2 2 2 2 2 2 2 2 2 2 2 2 2 2 2 2 2 2 2 2 2 2 2 2 2 2 2 2
left_child=1 4 3 -3 9 34 19 18 17 10 14 13 -13 -12 16 -16 -1 -9 -7 20 -6 -21 -20 24 28 26 -25 -27 -11 -10 -5 -32 -33 -8 -4 36 41 42 39 -39 -40 -2 -38 -41
right_child=35 2 5 30 6 7 33 8 29 23 11 12 -14 -15 15 -17 -18 -19 22 21 -22 -23 -24 25 -26 27 -28 -29 -30 -31 31 32 -34 -35 -36 -37 37 38 40 43 -42 -43 -44 -45
leaf_value=0.010235543209074095 0.10730056231010629 -0.072942180977029758 0.20164023666446804 -0.10970775214383056 1.1409848777103313 -0.055298816595980904 0.3439557504385834 -0.42773638152251708 0.22689483525072868 0.021201189711805141 0.032379740965858314 -0.010445355584036671 0.011558712300831655 0.0046152243402017611 -0.086860890851746003 -0.0049766753546802356 -0.052922775234161536 -0.0027390865654549298 -0.068088821370831762 -0.082396721374536422 -0.06353530140098114 0.13985571651257728 0.0060841920101880921 -0.067272861773553974 -0.07976936614519238 -0.0087232561584588385 0.041542399867360462 0.0067228205617974428 -0.083949234695748012 0.038202287965293395 -0.036868397515330359 -0.015899274132361009 0.071054949562080888 0.10455831188094747 0.044035093227486416 0.0007846030901916104 -0.11662061418984687 -0.049242824374191238 -0.082440859365499705 0.22398502117846206 0.0058025834490344408 0.027486210792814388 -0.016299283541787512 0.063035539627095155
leaf_weight=52.837668878688419 8.9297338141186611 61.877182452961279 1.2884649573807103 1.6550407191971341 0.065404172986745279 29.52459862775504 0.77015704389486905 0.15363463823086831 1.2290355448130861 42.231369544106201 113.74810927326507 192.26970784463811 286.13919444133899 140.68631890607139 12.95221167982527 16.40762922651993 14.320071129512142 49.629536945098153 5.8647988000011564 0.59869704001539537 2.2011915299444809 3.2166485273628496 19.092695406696294 7.8985496183486239 26.269918428421079 547.53830160672078 44.094853350481571 259.32611692509454 3.7827925801102529 1.1741034226724876 8.3895551346104202 4.575065078242913 6.2982585266872775 0.60588795888179448 1.7056436530474455 4826.3526576025615 4.4988163432935826 6.178548216354101 8.0269012141507101 1.6095446962281119 90.679121621302329 41.260527670478041 85.087733750289772 39.038431489112554
leaf_count=22187 2577 295788 372 340 3 85551 50 6 540 387 8269 5945 2740 5854 3684 872 691 16290 978 659 1993 40 1162 94 336 6146 417 2606 28 110 6209 226 907 42 134 185759 2579 3580 191 209 1840 3794 13956 2271
internal_value=0.000266077 -0.00227874 -0.0316351 -0.0559158 0.000916947 -0.0133032 0.0889729 -0.0168164 0.00233894 0.000543918 0.00507352 0.00768446 0.00271541 0.0170277 -0.014751 -0.0411002 -0.00323173 -0.00405066 -0.0351646 0.0551317 -0.028778 0.10498 -0.0113458 -0.00349056 -0.0209969 -0.00201717 0.0250118 -0.00375889 0.0125568 0.134705 -0.00555017 0.00339891 0.034468 0.238546 0.111858 0.00124206 0.00898056 0.00199889 0.016364 0.0537532 -0.00137349 0.0416866 -0.0213372 0.0694087
internal_weight=7072.08 1960.42 192.458 82.7951 1767.96 109.663 7.45799 106.668 52.1863 1760.5 829.361 732.843 478.409 254.434 96.5176 29.3598 67.1577 49.7832 54.4821 6.08194 2.2666 3.81535 24.9575 931.142 72.2841 858.858 51.9934 806.864 46.0142 2.40314 20.9179 19.2629 10.8733 1.37605 2.99411 5111.66 285.309 235.119 145.533 46.8265 98.706 50.1903 89.5866 40.648
internal_count=688412 471656 408613 303470 63043 105143 2787 104637 16946 60256 50242 22808 8685 14123 27434 4556 22878 16296 87691 2695 1996 699 2140 10014 751 9263 511 8752 415 650 7682 7342 1133 92 506 216756 30997 24626 8091 6060 2031 6371 16535 2480
is_linear=0
shrinkage=0.08


Tree=140
num_leaves=45
num_cat=0
split_feature=3 3 4 4 2 0 10 2 10 6 2 4 2 4 0 3 8 6 1 6 3 6 6 0 0 8 6 3 0 5 3 3 3 0 0 3 1 8 6 6 6 8 6 6
split_gain=2.2857 12.3607 23.4217 26.7365 18.1306 15.2023 13.1098 13.0354 12.0735 10.427 10.6076 9.78512 8.13134 11.6003 7.99982 7.8002 7.54137 7.385 7.06191 6.6125 6.62137 6.30886 8.24191 5.98116 4.91925 9.37375 4.86671 4.54604 9.04411 4.42354 4.20186 5.07194 4.6258 3.76388 3.74678 3.72555 3.67041 3.36718 3.07402 3.67834 7.96721 4.8984 3.08412 4.08213
threshold=0.31698563694953924 0.49205549061298376 1.0000000180025095e-35 0.16025641560554507 0.58745098114013683 0.31662489473819738 0.75000000000000011 0.18677325546741488 0.75000000000000011 0.78319624066352855 0.32583418488502508 0.19090909510850909 0.4654348641633988 0.2264957278966904 0.86616915464401256 0.97646731138229381 0.85193490982055675 1.0000000180025095e-35 0.59491634368896495 0.60996279120445263 0.7243877947330476 0.5604878067970277 0.57247900962829601 0.40238095819950109 0.57735043764114391 0.61577314138412487 0.16530054807662967 0.44590643048286444 0.37573529779911047 1.0000000180025095e-35 0.4248871803283692 0.43792808055877691 0.39173060655593878 0.20601238310337069 0.17267081141471866 0.61435899138450634 0.28035087883472448 0.2582839578390122 0.13100686669349673 0.47114317119121557 0.44862772524356848 0.60479471087455761 0.086335405707359328 0.080540537834167494
decision_type=2 2 2 2 2 2 2 2 2 2 2 2 2 2 2 2 2 2 2 2 2 2 2 2 2 2 2 2 2 2 2 2 2 2 2 2 2 2 2 2 2 2 2 2
left_child=8 5 4 -4 7 6 -2 33 -1 10 17 16 13 29 -15 24 21 -8 35 20 -14 -7 -23 26 -6 -26 -18 -13 -29 -5 32 -32 -11 34 -3 -9 -12 -10 42 40 41 -40 43 -39
right_child=1 2 3 12 15 11 9 18 37 30 36 27 19 14 -16 -17 23 -19 -20 -21 -22 22 -24 -25 25 -27 -28 28 -30 -31 31 -33 -34 -35 -36 -37 -38 38 39 -41 -42 -43 -44 -45
leaf_value=0.08578961721074628 0.10512101336966372 -0.075314265829303575 -0.078727736360031761 -0.060592419574813601 0.10019730678796934 -0.061640849426436654 0.10036375732361248 0.0078749841913933541 -0.03380947365431837 -0.055424405702070106 -0.014977423928854622 -0.059724970569932478 -0.0098232435014248519 0.067241547632952578 0.0038949663950028804 -0.56858347947743315 -0.055076868244745579 0.0011960537621945073 0.088659711859951959 -0.035089999564925568 0.00077946967107979804 0.22910753174442552 -0.017179370504639677 -0.070834191080943743 -0.0081025425732787169 0.085840206317499848 -3.5934930972088847e-05 0.94311740592175342 0.075603813023735672 0.026785502066702695 0.039914630329324026 -0.10864080302579369 -0.16291716431465234 0.060880660008262248 -0.22122410483192456 0.033889161332495393 -0.063838354226422714 -0.026865008736248724 -0.050334995187383803 0.0024070764055631739 0.097639408878071696 0.018991469910346039 -0.074511158606261813 0.096113287408056469
leaf_weight=11.270598330374922 7.0421619851476853 6.1663080595317279 27.737830965616013 11.19134250298521 20.351288851663412 70.370179479197759 4.8806111387239062 127.85246130584346 16.035718670813367 6.8105236543342489 18.334512814559275 1.7421830599596422 411.49345846383767 35.3422195287676 19.967338355596439 0.12266174936666985 12.560469906777142 314.66082206573628 8.7535165698463953 34.832928151918168 4491.5648631392487 0.98654537775109741 7.3366760761073238 12.172071607783435 11.247061479458354 17.183652649109717 56.656804454047233 0.077883293455670244 6.1662262465088133 5.545444213315931 4.0484884040779425 2.3102185592870228 4.1074098846293055 1.032697570743039 1.3780558035941792 48.63598903732418 21.236093813138723 10.003443832902123 7.2624566562153623 1108.8477693989116 7.6898049995361353 64.048320390749723 6.3417658857069901 2.0880464459041823
leaf_count=2804 301 210 84595 19520 4711 21656 161 10964 139 87 907 1107 128620 10726 2982 23 181 8917 643 3998 336713 129 501 158 3322 4458 475 65 2116 5703 62 24 61 18 36 6441 1873 348 1006 20906 102 433 192 18
internal_value=0.00023954 -0.000422232 0.000768039 -0.000401479 0.0250411 -0.0118186 -0.0030249 0.0140582 0.00336813 -0.00504829 -0.00212773 -0.0318805 3.21791e-05 0.0267143 0.0443728 0.0685685 -0.036192 0.00271072 0.0185225 -0.000357126 -0.000110372 -0.0538507 0.0120128 -0.0191183 0.0701706 0.0486769 -0.0100239 0.0545424 0.0864244 -0.0316413 -0.0657551 -0.0140579 -0.095864 -0.0823591 -0.101966 0.0150439 -0.0411993 0.00260814 0.00309226 0.00359535 0.0202738 0.0119311 -0.0293267 -0.00562822
internal_weight=7065.49 5831.9 5280.4 5037.68 242.724 551.5 383.431 193.819 1233.59 376.389 359.112 168.069 5009.94 72.0463 55.3096 48.9047 160.083 319.541 185.242 4937.89 4903.06 78.6934 8.32322 81.3893 48.782 28.4307 69.2173 7.98629 6.24411 16.7368 17.2766 6.35871 10.9179 8.57706 7.54436 176.488 39.5706 1222.32 1206.28 1187.85 79.0006 71.3108 18.4333 12.0915
internal_count=688412 662464 623683 592857 30826 38781 12393 18312 25948 12092 11858 26388 508262 38931 13708 12514 23100 9078 18048 469331 465333 22286 630 814 12491 7780 656 3288 2181 25223 234 86 148 264 246 17405 2780 23144 23005 22447 1541 1439 558 366
is_linear=0
shrinkage=0.08


Tree=141
num_leaves=45
num_cat=0
split_feature=12 8 11 4 10 3 1 0 2 0 8 4 1 11 8 8 0 4 1 11 0 1 8 3 0 2 8 5 4 0 1 2 8 11 8 10 2 8 1 1 3 11 8 1
split_gain=4.61651 5.61118 4.75995 8.65328 10.8656 10.7245 9.76294 21.0308 8.09014 16.4236 9.08278 6.23706 9.85742 15.0231 21.5502 6.18108 5.60691 4.91012 7.86657 4.2121 3.8708 3.76405 3.63974 2.96546 16.0857 13.5859 7.37718 8.40753 15.4542 24.1285 9.79006 9.25932 7.01174 5.35385 5.34728 13.6035 5.59126 4.93311 4.73269 9.97561 4.62977 12.9026 4.54204 4.52534
threshold=1.0000000180025095e-35 0.98314553499221813 0.9022241234779359 0.34848485887050634 0.75000000000000011 0.95861870050430309 0.71503761410713207 0.7228132188320161 0.51899951696395885 0.73375529050827037 0.75959178805351268 0.5634920895099641 0.65240275859832775 0.93045547604560863 0.78142958879470836 0.59326088428497326 0.58102023601531994 0.70714285969734203 0.77836257219314586 0.32875823974609381 0.75162336230278026 0.96808147430419933 0.2904126793146134 0.86319074034690868 0.75905716419219982 0.90999102592468273 0.86976018548011791 1.0000000180025095e-35 0.58571431040763866 0.88493064045906078 0.93957647681236278 0.96808147430419933 0.89672946929931652 0.96764585375785839 0.43963837623596197 1.0000000180025095e-35 0.90501254796981823 0.38724207878112799 0.96808147430419933 0.92805382609367382 0.86391696333885204 0.56118422746658336 0.48394460976123815 0.95040982961654674
decision_type=2 2 2 2 2 2 2 2 2 2 2 2 2 2 2 2 2 2 2 2 2 2 2 2 2 2 2 2 2 2 2 2 2 2 2 2 2 2 2 2 2 2 2 2
left_child=23 2 3 4 5 16 7 -6 19 10 -10 -4 13 -13 -15 -11 -2 18 -14 -5 -21 -19 -8 25 40 34 33 28 30 -30 -28 32 -29 -26 35 38 37 -37 39 -1 41 -25 -35 -36
right_child=1 -3 11 8 6 -7 22 -9 9 15 -12 12 17 14 -16 -17 -18 21 -20 20 -22 -23 -24 24 26 -27 27 31 29 -31 -32 -33 -34 42 43 36 -38 -39 -40 -41 -42 -43 -44 -45
leaf_value=-0.075429324403927162 0.06421718683444555 0.030887966290025961 0.031857796543647801 -0.18794338715168585 0.0024971408564801352 -0.094342664058442854 -0.14209112838899537 -0.082484528352759365 -0.029499513445396364 0.0023888291852427641 -0.12990215254396223 0.098446471732085566 -0.0077553756468830368 -0.44847066727935819 -0.071186303263024553 -0.012522385157729641 0.022908389965573629 -0.0020826779358439026 0.030068443966989048 0.082539695367468871 0.011890954637053053 0.045026496384187993 0.05508434483484085 1.5530734891966753 0.0016879025173986012 -0.094166494651343802 0.016899556832005155 -0.02329026006578357 -0.4702939465452749 -0.053763776498765091 -0.17249994533074481 0.08537999880302985 -0.00065964656412219238 -0.14892040877843191 -0.00077717714369896331 -0.0043301322590371533 0.14434457935969433 -0.025281400874387145 -0.20706054160349463 0.20919264035459656 0.053584861655534929 -0.067979728230473505 0.029024401468408647 -0.050347681201923865
leaf_weight=18.001658782608509 26.14276621517638 45.843674003976048 68.243955183032085 0.48892827332020061 470.24305089155678 4.5172460373578351 0.61417795496527361 19.40655021276325 13.383548668964069 368.65000799486006 10.131875405320896 2.2648862618952972 51.248330036003608 1.1899397858942391 5.2169466577470303 343.88039455810213 107.50491485655948 225.06552458446822 112.31771967437817 10.686209228675581 9.2678881052997877 11.404907361262302 24.507929165411042 0.049389183401216452 1745.3871927707723 10.473358689392624 35.042292675701901 109.30729266445269 0.90779871121048827 45.535828208783641 1.8382856870884996 7.3268605562770963 441.67049963602767 0.93280536617385124 2077.6371465002194 413.59816467841301 1.5471273685980111 87.065862379680766 1.5813894014354435 0.82418479525949706 33.627488617939889 0.086389522337412927 57.985512557046604 11.853739169004255
leaf_count=253982 3932 6026 6130 2 11122 257 10 319 484 12673 265 52 2103 41 170 11393 5006 10510 10794 407 450 24580 1807 21 92518 587 1707 2939 24 2437 185 14922 19527 37 91583 56509 29 25497 827 281 7802 52 5711 3116
internal_value=-9.6664e-05 0.00323364 0.00256157 0.000223847 0.00697107 0.0268911 0.00162452 -0.000870984 -0.00559978 -0.00697853 -0.0727591 0.00946971 0.00573146 -0.0786527 -0.141259 -0.0048076 0.0309888 0.00756069 0.0182175 0.0440419 0.0497262 0.000189385 0.0502639 -0.00135784 0.000625597 -0.00323322 -0.000131428 -0.00749902 -0.0312036 -0.0619054 0.00745908 -0.00396123 -0.00514929 0.00248856 -0.00286862 -0.0101061 -0.00750434 -0.00797357 -0.0741346 -0.0629687 0.0554673 0.521675 0.0262071 -0.00105839
internal_weight=7034.5 1932.22 1886.38 1409.43 652.937 138.165 514.772 489.65 756.489 736.046 23.5154 476.952 408.708 8.67177 6.40689 712.53 133.648 400.036 163.566 20.443 19.9541 236.47 25.1221 5102.28 2479.7 2622.58 2445.93 641.629 83.3242 46.4436 36.8806 558.305 550.978 1804.31 2612.11 522.618 502.211 500.664 20.4072 18.8258 33.7633 0.135779 58.9183 2089.49
internal_count=688826 108533 102507 48127 22453 9195 13258 11441 25674 24815 749 54380 48250 263 211 24066 8938 47987 12897 859 857 35090 1817 580293 147882 432411 140007 41741 4353 2461 1892 37388 22466 98266 431824 337125 82035 82006 255090 254263 7875 73 5748 94699
is_linear=0
shrinkage=0.08


Tree=142
num_leaves=45
num_cat=0
split_feature=12 7 7 10 3 3 10 8 7 4 0 3 8 4 3 4 6 3 3 10 1 8 0 3 7 3 4 6 3 6 3 10 7 4 1 0 3 0 0 4 4 7 7 1
split_gain=3.94047 6.30922 4.2422 4.089 6.73356 5.37995 4.53817 3.82813 3.27483 2.67266 11.5081 25.7177 13.4945 11.4502 11.2099 9.49961 8.53906 8.48807 13.3613 7.62043 9.14965 6.69865 6.69806 6.90379 10.6344 10.1605 6.39861 6.36602 5.78947 5.65164 4.58478 4.90507 4.52688 3.42806 4.747 2.59275 2.51997 13.5799 7.66762 13.5567 16.6406 17.7667 16.2807 14.0592
threshold=1.0000000180025095e-35 0.97156333923339855 0.97311750054359447 0.35000000149011617 0.86391696333885204 0.75716626644134533 0.75000000000000011 0.26336190104484564 0.97570812702178966 0.34848485887050634 0.84680575132370006 0.86391696333885204 0.56189060211181652 0.44949495792388922 0.92907443642616283 0.61250001192092907 0.097167581319808974 0.95861870050430309 0.90070420503616344 0.75000000000000011 0.71248623728752147 0.6683848798274995 0.85270008444786083 0.78319624066352855 0.5893288552761079 0.89512962102890026 0.30384616553783422 0.26120401918888098 0.90070420503616344 0.037749288603663451 0.96684980392456066 0.35000000149011617 0.67658114433288585 0.63068181276321422 0.72627374529838573 0.77459675073623668 0.86319074034690868 0.75905716419219982 0.87428161501884472 0.43650794029235845 0.34848485887050634 1.0000000180025095e-35 0.64624765515327465 0.68108487129211437
decision_type=2 2 2 2 2 2 2 2 2 2 2 2 2 2 2 2 2 2 2 2 2 2 2 2 2 2 2 2 2 2 2 2 2 2 2 2 2 2 2 2 2 2 2 2
left_child=36 9 -3 4 5 -4 -5 -8 -6 17 11 13 28 16 -14 -15 -11 18 19 21 -21 -2 33 24 -24 -25 32 29 -13 -20 -28 -32 35 -12 -35 -19 38 -38 39 40 42 -42 -1 -44
right_child=1 2 3 6 8 -7 7 -9 -10 10 22 12 14 15 -16 -17 -18 26 27 20 -22 -23 23 25 -26 -27 30 -29 -30 -31 31 -33 -34 34 -36 -37 37 -39 -40 -41 41 -43 43 -45
leaf_value=-0.026018864092269771 0.0076454953757224354 0.095117107344882615 -0.036308115925294586 0.086088184807677881 -0.083468672594434301 -0.28853006526605268 -0.083927740623027366 0.018851696942185754 0.086504455523998797 -0.093092787242351122 0.07221511341305821 -0.051984236013180841 -0.14148954313834172 0.013182075548763193 0.00332874027953684 -0.094747179440717533 -0.016845973777528001 -0.20908505720854506 0.10527505102969825 -0.0023482900729646953 0.052545210859945825 0.047722933934718999 -0.080721558912918004 0.022280441344125525 -0.0026151262066010177 5.4196425514614898e-05 -0.27631126146235668 0.09993522300960507 0.085651801114352111 -0.008315051495031615 -0.13854842734162212 0.052505816774468146 0.083567429806175111 -0.16905369090766717 0.08966863186390242 -0.020793944207617893 0.05105870121577738 -0.00011513820698077228 -0.01526155586215395 0.012197380427824929 0.021529570974499576 -0.062486461453199124 -0.0018843612820903678 0.032162345222892033
leaf_weight=172.83882571630511 67.920207875518827 4.6571707993425653 1.1047963793971569 6.3711217283271244 1.149707192584174 1.0610607813578097 2.3696224818122564 109.18310746979114 1.9659321933577301 13.420952745829707 12.514390706550328 4.776938815222822 19.114589862525467 109.04026183817768 4.1665180032141498 5.481622780149336 31.379473157168832 0.66561476803326347 3.8867894450377234 436.03500208701007 20.339611865463667 43.970634287252324 15.841815078674697 158.44059086382913 37.718931106559467 777.98979348086141 1.0338983993860891 13.841686487387049 3.3120788877422456 10.056557158197391 3.3518014130822849 1.1568623874045441 2.2704179161810316 0.94904126308392622 0.86988512630341575 1.5767731716332491 33.644408991967794 2446.2212645219006 289.35194437426071 388.0564611277423 22.136274749180302 59.159930058764076 1607.0751547295658 81.562765721493633
leaf_count=342722 6468 757 57 1798 14 30 66 14805 191 345 380 238 246 3501 136 184 808 33 358 8275 1176 1443 628 7668 2012 53979 42 722 144 1254 101 97 451 29 34 63 7875 140007 22306 19474 973 23463 22205 1268
internal_value=-8.38486e-05 0.00299607 0.0201678 0.0173347 -0.0515315 -0.159873 0.020419 0.0166684 0.0237824 0.00177704 -0.00041767 -0.0184343 -0.0846438 -0.00539788 -0.115572 0.00801601 -0.0396874 0.0061042 0.00733384 0.00468532 9.81924e-05 0.023395 0.00300318 0.00221707 -0.0257169 0.0038148 -0.0667849 0.0615019 0.00437136 0.0233489 -0.124369 -0.0895265 0.00393891 0.0572994 -0.0453221 -0.076685 -0.00124876 0.000579139 -0.00297877 -0.00145398 -0.00418075 -0.0396096 -0.00263346 -0.000239874
internal_weight=7029.03 1928.99 127.863 123.205 5.2815 2.16586 117.924 111.553 3.11564 1801.12 1195.02 190.692 31.3701 159.322 23.2811 114.522 44.8004 606.106 596.05 568.265 456.375 111.891 1004.32 989.991 53.5607 936.43 10.0554 27.785 8.08902 13.9433 5.54256 4.50866 4.51281 14.3333 1.81893 2.24239 5100.05 2479.87 2620.18 2330.83 1942.77 81.2962 1861.48 1688.64
internal_count=688826 108533 17718 16961 292 87 16669 14871 205 90815 70332 5602 764 4838 382 3685 1153 20483 19696 17362 9451 7911 64730 64287 2640 61647 787 2334 382 1612 240 198 547 443 63 96 580293 147882 432411 410105 390631 24436 366195 23473
is_linear=0
shrinkage=0.08


Tree=143
num_leaves=45
num_cat=0
split_feature=8 8 5 2 2 6 1 0 7 1 1 6 6 4 8 7 3 1 7 7 0 4 2 5 0 6 3 1 6 6 6 1 2 1 3 0 4 1 1 3 3 0 2 2
split_gain=2.35799 5.22858 6.22425 14.3603 7.72731 6.78344 6.38544 6.11286 5.50531 5.65182 2.95978 2.93842 3.65772 2.68208 6.886 11.0847 30.4377 46.7098 24.7855 4.31316 4.29954 8.45723 8.54474 18.0825 8.3689 6.24172 5.78744 4.82615 3.88513 3.63673 3.52502 5.98294 5.01171 3.69491 3.37269 2.88749 4.81365 2.72263 3.43682 2.54196 9.98385 9.72701 9.12946 7.56184
threshold=0.9656645953655244 0.9631328582763673 1.0000000180025095e-35 0.80735492706298839 0.18677325546741488 0.32466214895248419 0.91704893112182628 0.92031747102737438 0.97156333923339855 0.67028987407684337 0.9495762586593629 0.33045977354049688 0.13397436589002612 0.73030304908752453 0.96788921952247631 0.97570812702178966 0.91734972596168529 0.83796653151512157 0.97735819220542919 0.97448912262916576 0.92031747102737438 0.5634920895099641 0.74646764993667614 1.0000000180025095e-35 0.91024166345596325 0.2336879447102547 0.7243877947330476 0.83424907922744762 0.87138131260871898 0.13100686669349673 0.58876052498817455 0.40936473011970526 0.22401433438062671 0.93582704663276683 0.79469618201255809 0.95040982961654674 0.19090909510850909 0.79784947633743297 0.8216732144355775 0.98571136593818676 0.97332859039306652 0.93127068877220165 0.95040982961654674 0.94185259938240062
decision_type=2 2 2 2 2 2 2 2 2 2 2 2 2 2 2 2 2 2 2 2 2 2 2 2 2 2 2 2 2 2 2 2 2 2 2 2 2 2 2 2 2 2 2 2
left_child=1 39 3 4 -3 6 8 -5 -4 -10 -8 12 -6 19 15 34 -17 -18 -19 28 21 24 26 -24 27 -26 -23 -21 30 -16 31 32 -2 -33 -15 36 -22 -36 -39 40 43 -41 -42 -1
right_child=13 2 5 7 11 -7 10 -9 9 -11 -12 -13 -14 14 29 16 17 18 -20 20 35 22 23 -25 25 -27 -28 -29 -30 -31 -32 33 -34 -35 37 -37 -38 38 -40 41 42 -43 -44 -45
leaf_value=-0.0016273035579887417 0.044051893934208115 0.07117266472177905 0.058234807510412545 -0.43381312789312765 -0.099355395928818147 -0.095275722478578032 -0.14182563974302551 -0.16102850862629989 -0.23260089247361726 0.023210716320924273 0.086212716441681131 -0.10190123299449627 0.067594532041236222 0.17604215246228275 0.06039408917951164 -0.094694238122233834 -3.5630779508500194 -2.5254970696596253 0.080421637436721941 0.00302703585574019 -0.31007625267395711 -0.072658695162603898 -0.37197411264158869 -0.058619064348156322 -0.087833036688770377 -0.49137918692678845 0.090303159762252089 0.074181958281207938 -0.074841105559728116 -0.010199579960485324 0.09419187061888834 0.035895309871538231 -0.078000715774145468 -0.068741894730950451 -0.24890002096464192 0.01922427889564815 0.092451539879596561 0.13620119856593826 -0.072924136257274702 0.052136214329243813 -0.093351300674495555 0.0014587679233185841 0.0085565736561875605 0.01791416054273463
leaf_weight=4360.6432071219042 3.2880552625283581 3.2520302109769537 13.001918851339729 0.77040143625345003 1.5714948329259626 4.1136391648033159 2.0225446234544502 1.6556410356715787 0.89816237078048233 1.4372891515959052 0.44428899880585948 6.5965990525437519 1.8040530287544241 0.38995973170676634 5.5359278403921044 0.55991599372646295 0.04390394315123558 0.030673503875732422 0.097958065685816109 243.82873633070267 0.19609751913231122 2.4621257928665718 1.3812410653335945 8.0333453797793481 0.80537226519663707 0.35273637669160962 3.2172522866167128 6.2571271281631189 2.4445432255160986 29.874475260381587 4.772473025135695 60.580709685222246 6.2380331157473847 2.2396336705714921 0.48278449126519252 21.630469019859447 6.2535327653895365 0.56388188153505314 4.6543223623011727 24.533590940693102 14.299810651064037 2024.6022151171037 9.2754808295067033 130.52754684255706
leaf_count=525988 17 99 277 68 77 106 123 67 19 143 513 76 38 18 7830 25 12 1 143 6319 7 172 64 674 146 12 328 850 58 2497 35 1243 63 185 13 8287 1340 6 444 1810 693 117840 615 9485
internal_value=-7.34193e-05 -0.000441637 -0.0302017 -0.0687373 -0.0359144 -0.00268566 0.0187072 -0.247653 0.0379212 -0.0751687 -0.100755 -0.0708367 -0.0101294 0.00576675 -0.0133433 -0.0869315 -0.38097 -1.31 -0.540986 0.00792485 0.00345866 0.000319589 -0.0578417 -0.104592 0.00381374 -0.210745 0.0196559 0.00480733 0.0244516 0.000836766 0.0275991 0.0232061 -0.0358726 0.0321648 -0.0515727 0.0332326 0.0802129 -0.0671421 -0.0503259 -0.000271307 -0.00133193 0.00206551 -0.0532566 -0.00105937
internal_weight=7017.67 6601.45 37.5681 15.6502 13.2242 21.9178 17.8042 2.42604 15.3374 2.33545 2.46683 9.97215 3.37555 416.215 42.2338 6.8234 0.732452 0.172536 0.128632 373.981 294.418 266.338 15.094 9.41459 251.244 1.15811 5.67938 250.086 79.5634 35.4104 77.1189 72.3464 9.52609 62.8203 6.09095 28.0801 6.44963 5.70099 5.2182 6563.88 4514.75 2049.14 23.5753 4491.17
internal_count=688826 658037 1606 425 290 1181 1075 135 439 162 636 191 115 30789 10989 662 181 156 144 19800 18199 8565 1238 738 7327 158 500 7169 1601 10327 1543 1508 80 1428 481 9634 1347 463 450 656431 536781 119650 1308 535473
is_linear=0
shrinkage=0.08


Tree=144
num_leaves=45
num_cat=0
split_feature=4 11 4 10 3 7 0 3 6 1 4 6 10 7 3 3 6 0 1 11 7 3 0 0 3 0 1 11 8 7 1 11 6 11 7 3 6 3 3 1 6 0 11 1
split_gain=2.6885 28.3239 26.0664 18.3337 21.3118 19.9313 11.8032 14.2199 9.19644 9.08179 20.1009 8.17312 11.5258 28.397 7.89536 9.5708 9.14269 11.1309 7.67403 7.48725 7.28289 6.98998 6.51225 6.46036 27.6594 9.4712 6.45523 13.9201 6.39346 5.90905 5.90616 5.82686 5.76351 5.15815 4.85143 4.61857 4.47489 4.064 4.08343 3.80666 8.03551 4.18752 3.68829 5.57923
threshold=1.0000000180025095e-35 0.70085623860359203 0.16025641560554507 0.75000000000000011 0.68457102775573742 0.60894551873207103 0.30860807001590734 0.56980520486831676 0.36700680851936346 0.45923791825771337 0.2264957278966904 1.0000000180025095e-35 0.35000000149011617 0.72245565056800853 0.55625879764556896 0.79469618201255809 0.13397436589002612 0.78830561041831981 0.27195686101913458 0.6277984380722047 0.72245565056800853 0.76123407483100902 0.54085850715637218 0.80229884386062633 0.91458967328071605 0.81530213356018078 0.44920890033245092 0.28814046084880834 0.94715359807014476 0.39192584156990057 0.34178434312343603 0.34111164510250097 0.40778534114360815 0.53947570919990551 0.94764256477355968 0.908033847808838 0.028991596773266796 0.97894504666328441 0.82426470518112194 0.38327018916606909 0.24780701845884326 0.60120484232902538 0.3880015909671784 0.61620295047760021
decision_type=2 2 2 2 2 2 2 2 2 2 2 2 2 2 2 2 2 2 2 2 2 2 2 2 2 2 2 2 2 2 2 2 2 2 2 2 2 2 2 2 2 2 2 2
left_child=1 3 -2 5 6 18 29 8 -8 10 11 12 13 -4 19 16 31 -18 -1 42 30 -7 -23 24 -17 -25 35 -28 -9 -5 -6 -16 39 -22 -34 -13 -31 38 -20 40 -12 -41 43 -11
right_child=2 -3 9 4 20 21 7 28 -10 14 32 26 -14 -15 15 23 17 -19 37 -21 33 22 -24 25 -26 -27 27 -29 -30 36 -32 -33 34 -35 -36 -37 -38 -39 -40 41 -42 -43 -44 -45
leaf_value=0.11581358263868984 -0.076619988907327546 0.077444161598261174 -0.080136158898015383 0.13950478056786653 0.35258378316147143 0.092110585217321073 -0.04165686839743054 0.047924021410990357 -0.0086133448225293261 -0.0086816913869244092 0.045132607385214067 -0.071918232873410079 0.051658475424824692 1.873925320934404 0.19146477681405991 -0.021591784473298885 -0.0047099612997418636 -0.031880845291222752 -0.055707028483659958 0.064145729562555751 -0.08116772043254937 0.083117160427696984 -0.11617194217331805 0.038773203839114631 0.055041597933819943 0.00030682387531243886 1.3251300244715072 0.05498600506432838 -0.038953756154507975 0.055775081147956644 0.11265390094694298 -0.0020807484643916626 -0.00087118196876875234 0.056767401107113626 0.094411979006419053 0.054300770046339472 0.00045934273790838691 -0.46709631524322426 0.049973950683592748 -0.0032017309085058082 0.15734451191213789 0.062963781254507967 -0.082264223664151703 0.35173311138576702
leaf_weight=2.279746858810543 29.346621361716643 31.366823932883563 0.1140034352010868 1.9674104353762221 0.72594279819168406 33.059367968933657 108.88736094162596 27.031526075850707 106.75279166507244 1.6405507660401806 9.8588336596621975 20.067105244892453 0.81063941100001102 0.081711234524846077 0.99781234562396903 240.26171754201823 189.29834601684342 196.82539918220937 13.323610971043314 20.989002026308299 1.914134554608611 2.0789794285956296 2.1190273211104795 41.418411286140326 34.467228797591815 3749.6640638567787 0.056907114951171844 1.8656947230010699 6.7812298652715972 9.4139035587140807 6.8764382878143806 432.73269678160068 21.770391130143256 18.55073083237221 4.0572937007673309 2.0444277961469188 1627.7938395452002 0.14193716645240684 2.8384872953320146 8.5642368321969133 6.973051520448279 21.464614704622363 3.9533487690350739 0.33021307308808889
leaf_count=29 91482 5728 713 492 14 3414 12923 798 5880 345 1375 24339 51 2 252 36828 93949 21043 15424 861 67 643 191 3513 2754 230788 22 3768 66 315 341 66016 5021 2909 692 325 34252 1 568 3262 1115 3915 12086 11
internal_value=-0.000457699 0.00202093 -0.00144327 0.000821565 -0.000494881 0.0460074 -0.00152325 -0.0177352 -0.0252987 -0.00100294 0.0231454 -0.0386701 0.184688 0.735688 -0.00148334 -0.00172137 -0.00960648 -0.0185602 -0.0216663 0.0417283 0.0687037 0.0797626 -0.017478 -0.000131373 -0.0119774 0.000727078 -0.0480225 0.092581 0.0305005 0.000943914 0.135565 -0.00163549 0.0444402 0.043866 0.0140969 -0.060248 0.000777407 -0.0408897 -0.0371467 0.0611642 0.0916193 0.0440934 -0.0376959 0.0517079
internal_weight=7043.56 2003.9 5039.65 1972.54 1916.7 55.8412 1888.63 249.453 215.64 5010.31 97.7289 25.0405 1.00635 0.195715 4912.58 4885.67 819.854 386.124 18.5838 26.9131 28.0672 37.2574 4.19801 4065.81 274.729 3791.08 24.0341 1.9226 33.8128 1639.18 7.60238 433.731 72.6884 20.4649 25.8277 22.1115 1637.21 16.304 16.1621 46.8607 16.8319 30.0289 5.92411 1.97076
internal_count=688583 84055 604528 78327 58057 20270 54726 19667 18803 513046 44600 29220 766 715 468446 455143 181260 114992 16022 13303 3331 4248 834 273883 39582 234301 28454 3790 864 35059 355 66268 15380 2976 5713 24664 34567 15993 15992 9667 2490 7177 12442 356
is_linear=0
shrinkage=0.08


Tree=145
num_leaves=45
num_cat=0
split_feature=7 7 12 11 7 7 1 10 0 11 3 1 6 3 6 6 1 11 1 0 4 7 7 1 3 6 1 7 6 0 3 6 3 0 4 4 6 3 7 11 3 3 6 6
split_gain=2.36791 23.053 11.0236 10.3172 8.84159 8.74522 11.4916 7.43244 8.71894 24.85 4.10269 6.85109 5.78102 9.99126 6.44679 4.2516 4.07747 3.6171 2.76241 4.33177 3.00266 2.70731 6.67619 5.33 5.14871 10.2792 9.90891 6.22411 9.48386 6.08884 6.69772 5.03736 4.9027 7.12297 4.29367 3.86749 5.38956 4.41302 3.78451 8.32145 4.84793 4.48723 5.38468 6.68351
threshold=0.47769485414028173 0.25078617036342626 1.0000000180025095e-35 0.78351232409477245 0.46683587133884435 0.46437034010887152 0.89377820491790783 0.75000000000000011 0.94804319739341747 0.73311695456504833 0.61938297748565685 0.48313754796981817 0.52679425477981578 0.8263767957687379 0.49603174626827246 0.70087718963623058 0.77003204822540294 0.18387948721647265 0.75716626644134533 0.68801230192184459 0.47727273404598242 0.95672976970672619 0.9832867980003358 0.89769753813743602 0.88047617673873912 0.29198718070983892 0.6926884949207307 0.97311750054359447 0.056349206715822227 0.82807883620262157 0.84273937344551098 0.24780701845884326 0.91331186890602123 0.87585616111755382 0.27922078967094427 0.78888890147209179 0.31643131375312811 0.91945946216583263 0.95531892776489269 0.98100250959396373 0.72850123047828685 0.38529014587402349 0.32037734985351568 0.38742592930793768
decision_type=2 2 2 2 2 2 2 2 2 2 2 2 2 2 2 2 2 2 2 2 2 2 2 2 2 2 2 2 2 2 2 2 2 2 2 2 2 2 2 2 2 2 2 2
left_child=1 10 3 7 5 16 -7 -3 17 -10 18 12 13 14 -12 -14 -5 -9 19 20 -1 38 24 -24 26 32 29 34 -29 30 -23 -31 33 -26 -28 37 -37 -27 39 -2 -41 -40 -43 -44
right_child=21 2 -4 4 -6 6 -8 8 9 -11 11 -13 15 -15 -16 -17 -18 -19 -20 -21 -22 22 23 -25 25 35 27 28 -30 31 -32 -33 -34 -35 -36 36 -38 -39 41 40 -42 42 43 -45
leaf_value=-0.027402596023804886 0.0010720475536968607 -0.076132161178598071 -0.011884766603207766 0.53788769001202308 -0.080517208080065114 -0.08025488487806387 0.86159798513179253 0.0160554846824052 0.89008132712953403 0.039105295363528053 0.050789586491831129 -0.00047481084033834707 -0.053107824062241703 0.42249165669599648 0.32001318375298093 0.041351721068449143 0.062722106353555476 -0.070404106758031174 0.049030876344912107 -0.088419556985713632 0.096924433751497091 -0.0060541952323530362 0.0011428071145767641 0.040059693994517566 -0.016575705201101715 -0.078231979949629452 0.064150434264682449 0.006083775565700179 -0.078873122600252782 0.097162722642145774 -0.12610580593671591 -0.010367587383739298 0.0069175463737994984 0.075820954927489567 -0.023681227447731316 -0.28681748078379754 -0.033896584387442939 -0.012864662000989863 0.062006744385123581 0.3548801441467262 0.054703895477320769 0.03056268158008478 -0.16671546433564796 -0.0027284181522922823
leaf_weight=11.267980513532171 3725.5427226979155 53.092597660379397 74.233596602905891 0.12943826455739271 1.0523720428172962 0.12297657624003466 0.25445324255269952 4.9683445791015393 0.24681998626328949 1.9928939174278637 12.855500174973711 1692.5362269379148 5.3274145909290365 0.51283091306322681 0.59561590637895356 7.132419595904139 1.0795005520485572 8.2210535225094628 2.3213156981873899 8.162731376498412 1.3974229344166804 218.31572541501373 748.54970544957177 23.221972675688448 7.8504495449888081 7.2641552579589179 3.7107079157140097 11.363736159037215 32.347231810446829 6.6572536798194033 3.0152862356335381 4.7974474402144551 115.96758290589059 16.697260263783392 88.945019423314079 0.82966791797662098 1.540264456591103 73.38952402753057 14.288051485549657 0.35301290584902467 14.010397613776149 17.565941283159194 2.2195566728478289 5.6133489639614709
leaf_count=5735 161886 378924 11785 148 679 98 76 2479 34 431 1501 24080 680 30 167 141 370 18179 57 507 11 3530 32138 22414 344 239 85 586 527 110 210 50 11736 1011 2178 29 71 1813 143 22 1966 1203 60 120
internal_value=-0.000424862 -0.00284843 -0.0334521 -0.0559509 0.0992764 0.218549 0.554718 -0.0619287 -0.0130535 0.132884 -0.000294289 0.000156242 0.0405774 0.0759239 0.0627108 0.000963932 0.113597 -0.0378354 -0.0337484 -0.0429742 -0.0136851 0.000464417 -0.00259013 0.00231378 -0.00897576 0.000606127 -0.014778 -0.0319028 -0.0567865 -0.00474631 -0.00768971 0.052127 0.0137927 0.0462722 -0.0201637 -0.0217118 -0.122439 -0.018752 0.00156713 0.00130636 0.0620814 0.0261413 0.00596532 -0.0491963
internal_weight=7031.56 1887.5 145.394 71.1605 2.63874 1.58637 0.37743 68.5217 15.4291 2.23971 1742.11 1718.96 26.4238 13.9639 13.4511 12.4598 1.20894 13.1894 23.1495 20.8281 12.6654 5144.06 1364.46 771.772 592.691 223.539 369.152 136.367 43.711 232.786 221.331 11.4547 140.515 24.5477 92.6557 83.0236 2.36993 80.6537 3779.59 3739.91 14.3634 39.6869 25.3988 7.83291
internal_count=688583 446112 413203 401418 1371 692 174 400047 21123 465 32909 26599 2519 1698 1668 821 518 20658 6310 6253 5746 242471 77071 54552 22519 15243 7276 3376 1113 3900 3740 160 13091 1355 2263 2152 100 2052 165400 163874 1988 1526 1383 180
is_linear=0
shrinkage=0.08


Tree=146
num_leaves=45
num_cat=0
split_feature=2 4 3 5 6 4 6 0 3 3 4 0 2 6 7 4 4 6 0 0 12 0 2 6 2 10 3 11 4 4 11 0 3 3 11 4 2 0 3 0 6 4 0 10
split_gain=2.3994 24.4407 18.0223 15.5431 20.1061 20.8815 9.12784 9.01083 13.4059 8.73874 8.7363 19.7471 23.0801 21.1041 13.6664 11.0539 17.8646 10.2136 9.73228 9.2416 8.94701 8.3745 7.98809 7.79958 6.59897 21.2978 12.0748 11.4701 10.5415 16.4289 10.3031 9.76492 9.10211 8.37861 7.01639 6.72661 6.49186 6.37249 14.0871 7.83769 6.22965 6.13508 5.97058 5.69134
threshold=0.61143791675567638 0.095454547554254546 0.78526219725608837 1.0000000180025095e-35 0.3706690520048142 0.30384616553783422 0.556623935699463 0.81530213356018078 0.70505386590957653 0.81892696022987377 0.34848485887050634 0.75716626644134533 0.7243877947330476 0.21103239059448245 0.88960573077201854 0.30384616553783422 0.26136364042758947 0.048003071919083602 0.86240702867507946 0.69631093740463268 1.0000000180025095e-35 0.91715687513351452 0.61311829090118419 0.33045977354049688 0.33508773148059851 0.75000000000000011 0.49205549061298376 0.69750499725341808 1.0000000180025095e-35 0.36931818723678594 0.34111164510250097 0.91945946216583263 0.56980520486831676 0.50287356972694408 0.51528412103652965 0.064583335071802153 0.77003204822540294 0.78629976511001598 0.91458967328071605 0.78830561041831981 0.038838613778352744 0.19090909510850909 0.908033847808838 0.75000000000000011
decision_type=2 2 2 2 2 2 2 2 2 2 2 2 2 2 2 2 2 2 2 2 2 2 2 2 2 2 2 2 2 2 2 2 2 2 2 2 2 2 2 2 2 2 2 2
left_child=3 43 10 24 5 -5 22 9 21 -7 15 14 13 -13 -12 16 36 40 -14 -19 -16 -9 42 -10 25 35 34 -27 32 30 -30 -31 33 -28 -26 -1 -3 38 -24 -39 -17 -36 -4 -2
right_child=1 2 6 4 -6 7 -8 8 23 -11 11 12 18 -15 20 17 -18 19 -20 -21 -22 -23 37 -25 26 27 28 -29 29 31 -32 -33 -34 -35 41 -37 -38 39 -40 -41 -42 -43 -44 -45
leaf_value=0.094082282158666944 0.024928454625768006 -0.0081277028424887425 0.10702400995367717 -0.028273215394844946 -0.003859450677850226 0.062695737358206549 -0.25871178504711811 -0.15753563815716184 0.031847714431532351 -0.10367574043915852 -0.040923643934431153 0.017590281367341851 -0.059028958493193298 -0.05709359289108213 -0.096228378764312658 -0.019074000036008881 -0.1079691253964756 0.060169694072427095 -0.0192525183474151 0.0047705036765343855 -0.23318019456275735 0.0021918259508554396 -0.021864343025763702 0.22714239034482789 -0.082384601112073783 0.00028038588144185312 0.028191280882718456 0.18493827137151531 0.21022700253554458 0.027849373037146269 -0.036066828355429514 -0.032079278663803133 0.033741840309450995 -0.034188719115154517 -0.029729501434850116 -0.086079337795445937 0.1452109327649139 0.072109163343874169 0.046590047759575731 0.00031445895437003519 -0.16629881066665539 0.073124214538856397 0.54399590232007289 0.087363954054024792
leaf_weight=19.454938547904025 15.800922422507936 28.625687905490853 0.75434552362093998 25.323562416375353 133.80693183044968 111.01078842262723 0.87412257268078875 4.0846286258783966 9.5616131027672946 2.0580157745062015 25.079284416959126 137.26273883462454 75.456694164849978 29.402588823761107 9.7336339834146184 21.03437422860225 13.942314434008948 33.829473674370092 82.313095242336203 44.783772305176171 4.4481284953653804 4.3253621823823778 174.14002464788064 1.5163480329501897 16.244829719842528 1719.3773041759196 23.280172733899235 2.155534955469192 1.0974933777342801 65.761516582426339 113.99248342146802 23.662585753434541 74.389960215345127 33.770171594813291 76.863949947969559 1.423367080025854 1.8832927529801953 9.7565374735586357 21.629431714825841 3803.8883830502982 2.015692742974351 3.8999121927026854 0.27237847055585007 22.865798708080547
leaf_count=3207 4533 35056 189 47205 34950 7953 77 194 533 209 5041 7965 4499 4102 105 3017 5698 4096 4483 6584 65 238 27646 51 17535 40212 1572 66 1583 10933 137164 3394 11296 5300 2009 3834 578 888 1662 235301 386 582 20 6572
internal_value=-0.000395329 -0.0014827 -0.00202435 0.00161443 0.0189555 0.0382917 -0.000223687 0.0510082 0.000767054 0.0596675 -0.0161924 -0.0228303 -0.0163456 0.00441478 -0.0764168 0.000329929 -0.0329468 0.0148798 -0.0382764 0.0286103 -0.139183 -0.0753858 -0.000167346 0.0585796 -0.000710771 0.00148563 -0.00954993 0.000511596 -0.00237084 -0.0137315 -0.0337182 0.0119916 0.0153058 -0.00873371 -0.0344121 0.0817999 0.00133776 -0.000224481 -0.0143012 0.000498133 -0.0319486 -0.0247629 0.222948 0.0618501
internal_weight=7026.85 4559.79 4521.13 2467.06 291.687 157.88 4011.32 132.557 19.488 113.069 509.811 363.696 324.435 166.665 39.261 146.115 44.4513 101.663 157.77 78.6132 14.1818 8.40999 4010.44 11.078 2175.37 1742.41 432.963 1721.53 335.954 204.514 115.09 89.4241 131.44 57.0503 97.0087 20.8783 30.509 4009.41 195.769 3813.64 23.0501 80.7639 1.02672 38.6667
internal_count=688583 358563 347458 330020 91333 56383 265783 9178 1016 8162 81675 26260 21049 12067 5211 55415 41332 14083 8982 10680 170 432 265706 584 238687 47319 191368 40278 171242 153074 138747 14327 18168 6872 20126 7041 35634 265497 29308 236189 3403 2591 209 11105
is_linear=0
shrinkage=0.08


Tree=147
num_leaves=45
num_cat=0
split_feature=2 0 1 11 1 11 1 2 8 8 2 3 3 4 0 2 0 3 2 5 2 4 0 3 1 1 0 1 1 2 0 1 0 1 4 4 10 2 3 5 2 1 10 1
split_gain=2.6368 12.6768 7.0868 4.23367 3.66547 6.13088 5.2731 4.48603 3.70548 5.67434 4.57244 2.95048 13.9031 22.1165 9.88791 9.63431 32.7577 15.5794 30.0578 14.0152 12.4738 16.229 19.9025 13.8718 13.272 15.009 9.41615 8.96456 8.09172 11.3722 12.915 10.202 9.79202 12.349 7.19756 6.25761 5.60919 5.52804 6.20852 4.22615 4.16191 4.15537 5.17952 8.0085
threshold=0.94185259938240062 0.94360822439193737 0.87206766009330761 0.54234746098518383 0.91545844078063976 0.95295411348342907 0.92805382609367382 0.94791102409362804 0.83177077770233165 0.82385262846946727 0.98147514462471019 0.98571136593818676 0.93788579106330883 0.44949495792388922 0.93957647681236278 0.88774341344833385 0.94185259938240062 0.91734972596168529 0.92031747102737438 1.0000000180025095e-35 0.8216732144355775 0.58571431040763866 0.92637759447097789 0.78830561041831981 0.8216732144355775 0.71010184288024913 0.94804319739341747 0.90054944157600414 0.89769753813743602 0.83424907922744762 0.93582704663276683 0.75513628125190746 0.92637759447097789 0.92805382609367382 0.83974358439445507 0.38750000298023229 1.0000000180025095e-35 0.6926884949207307 0.97100839018821727 1.0000000180025095e-35 0.90054944157600414 0.64326766133308422 0.75000000000000011 0.64549729228019725
decision_type=2 2 2 2 2 2 2 2 2 2 2 2 2 2 2 2 2 2 2 2 2 2 2 2 2 2 2 2 2 2 2 2 2 2 2 2 2 2 2 2 2 2 2 2
left_child=11 3 -3 -2 5 -4 -6 -7 9 -8 -10 12 15 27 35 20 17 19 -19 -17 21 22 -1 -23 25 -22 -18 37 29 30 -15 -31 39 -34 -26 -13 -28 -14 -39 -30 -37 -16 -43 -44
right_child=1 2 4 -5 6 7 8 -9 10 -11 -12 14 13 28 41 16 26 18 -20 -21 24 23 -24 -25 34 -27 36 -29 32 31 -32 -33 33 -35 -36 40 -38 38 -40 -41 -42 42 43 -45
leaf_value=-0.0025118641274729575 -0.069036917582395746 0.075459123836155967 -0.067085688804839894 0.071923261946904224 0.36944154465737322 0.23171936417903094 0.0011049518137883447 -0.026451387575757934 0.01141047555146267 -0.11500828220647209 0.072059329254070978 -0.017174799601092278 -0.038499861010153118 -0.044841153185736435 -0.01170184759113729 -0.031863489472238056 -0.30960654826371559 -0.052912677513951838 0.048301881882171153 0.05283477082867722 0.012072642565322571 -0.0021056402160909726 0.063223943377118938 0.022772825366575083 -0.010143530758732491 -0.068918655461106343 -0.0019251410977123532 -0.068965785365477719 0.093832490538624039 0.082496888065168542 0.042180415780323229 -0.058127486628706218 -0.092536131625823137 -0.013691232164669829 0.048821284129894157 0.080493793596739471 -0.076909580006708486 0.047236163637144578 -0.062616340576170257 0.007068271754719857 -0.10526582679135638 0.0011228073241954279 -0.36225919617751584 0.015604610361822356
leaf_weight=3113.3866075200904 1.4546805888239784 8.4810162241592462 9.8638712318479502 21.792500120551267 0.25081410329948894 0.82122811366571002 509.62764033744497 0.90593863467802294 41.532346650790714 2.7079043262492624 9.8408497832351696 6.5153125999622743 6.3004225593986112 23.981835954076814 134.36962258163476 14.004302014902349 0.94859033501416234 37.304257558529571 37.811403920795783 116.6674201082642 20.536754211217158 243.57573569933447 29.758828881705995 348.90052827689397 314.89849783865793 51.0333817838291 9.2693325107939035 6.0967793698218875 3.8584186665320876 3.4114512722808277 20.032391791115515 102.66991771618632 16.402909747466765 56.523549150651888 13.830794797897395 19.275349748459124 20.515918745033559 53.465352778432134 3.5087568107228426 52.208509167609009 0.80411879455641511 1287.4303305476278 0.35961495060473581 200.71618845808553
leaf_count=450294 19 687 259 1998 30 12 31395 52 5378 1099 28754 821 1107 1241 9823 1287 13 1563 1958 6669 2143 13520 2727 17165 16128 2935 562 335 186 167 520 4207 616 3570 2369 1253 582 4354 403 2776 44 35600 34 31767
internal_value=0.000131922 0.00516881 0.00286277 0.0631027 0.00179303 -0.0427394 0.0027083 0.0963029 0.00254513 0.000491246 0.0230281 -0.000348238 -0.00136592 -0.0167446 0.00256445 -0.000140327 0.0155629 0.0270685 -0.00196372 0.0437575 -0.00103835 0.000399836 -0.00188949 0.0125449 -0.0144596 -0.0456785 -0.0614764 0.0236807 -0.0267928 -0.0394209 -0.00523464 -0.0536052 -0.0120988 -0.0314253 -0.00766267 0.0509499 -0.053574 0.0326075 0.0404709 0.0130392 0.0730547 0.00177154 0.0029878 0.0149288
internal_weight=6977.65 607.279 584.032 23.2472 575.551 11.591 563.96 1.72717 563.709 512.336 51.3732 6370.37 4720.9 348.46 1649.47 4372.44 236.521 205.787 75.1157 130.672 4135.92 3735.62 3143.15 592.476 400.299 71.5701 30.7338 69.3713 279.089 150.096 44.0142 106.081 128.993 72.9265 328.729 26.5948 29.7853 63.2745 56.9741 56.0669 20.0795 1622.88 1488.51 201.076
internal_count=688422 69683 67666 2017 66979 323 66656 64 66626 32494 34132 618739 539397 19482 79342 519915 12634 11477 3521 7956 507281 483706 453021 30685 23575 5078 1157 6199 13283 6135 1761 4374 7148 4186 18497 2118 1144 5864 4757 2962 1297 77224 67401 31801
is_linear=0
shrinkage=0.08


Tree=148
num_leaves=45
num_cat=0
split_feature=11 8 7 7 7 8 7 2 1 3 5 7 11 1 11 11 6 8 10 1 11 4 10 1 5 4 4 3 2 1 4 3 1 8 7 7 2 3 2 6 7 10 7 7
split_gain=2.58459 7.86656 4.19069 4.93899 4.64699 14.1896 2.48853 2.31552 9.64625 4.57082 27.0914 5.95315 4.92709 4.73509 5.46937 5.68493 4.54809 5.29057 4.10455 3.82381 3.54693 3.0227 2.83263 22.7443 9.24963 23.1155 18.4783 13.0841 11.2147 10.0748 11.4375 29.5145 27.6124 10.2177 9.2542 6.6884 5.52377 4.70801 11.4176 13.7354 8.3646 8.06625 15.1444 9.86854
threshold=0.18387948721647265 0.39258070290088659 0.41943350434303289 0.39192584156990057 0.38119783997535711 0.36930006742477423 0.36151385307312017 0.93957647681236278 0.86240702867507946 0.95488464832305919 1.0000000180025095e-35 0.59940120577812206 0.80284366011619579 0.91331186890602123 0.95295411348342907 0.94286683201789867 0.043961353600025184 0.91683137416839611 1.0000000180025095e-35 0.93127068877220165 0.98795136809349071 0.47727273404598242 0.75000000000000011 0.34178434312343603 1.0000000180025095e-35 0.38750000298023229 0.43650794029235845 0.92718276381492626 0.60640108585357677 0.90815371274948131 0.064583335071802153 0.60495716333389293 0.66323024034500133 0.49894514679908758 0.95842933654785167 0.98974332213401806 0.52565789222717296 0.74322345852851879 0.57321429252624523 0.13397436589002612 0.65999397635459911 0.35000000149011617 0.98192706704139721 0.99814125895500194
decision_type=2 2 2 2 2 2 2 2 2 2 2 2 2 2 2 2 2 2 2 2 2 2 2 2 2 2 2 2 2 2 2 2 2 2 2 2 2 2 2 2 2 2 2 2
left_child=1 2 3 4 6 -6 -1 22 -9 10 16 12 -12 14 15 -11 18 -18 -10 21 -21 -15 23 -2 29 34 27 -27 -28 30 31 -24 -32 -31 -26 -36 -35 38 40 -40 -25 43 -43 -39
right_child=7 -3 -4 -5 5 -7 -8 8 9 13 11 -13 -14 19 -16 -17 17 -19 -20 20 -22 -23 24 37 25 26 28 -29 -30 33 32 -33 -34 36 35 -37 -38 41 39 -41 -42 42 -44 -45
leaf_value=0.13838047311320414 0.073282736185846839 -0.057580854468815626 0.18628837213277763 -0.050461554201919945 -0.080274220867830995 0.97592894989064816 -0.080416637493600562 0.075436006452592214 0.08637456544029852 -0.044915789109065275 0.031066821021770583 0.07822749412284305 -0.13087797472499857 -0.13018013002908771 0.086774609878076794 -0.22030624165086576 -0.10026374526605278 -0.32239410588038458 -0.07630063634853225 0.00090816262055280913 0.069648654134641289 0.10179108803850329 -0.0011454008035359155 -0.011433890646794854 0.05553543015929048 -0.073251618530448773 0.051584494110112684 0.030992849134960219 0.0040171509481023429 0.1674809037099558 -0.04169535537634407 0.053443754839840853 0.0055351685305549741 -0.23352880282535374 -0.020095760737010995 0.065217784636595527 0.034725547180920864 -0.00022425439702417117 -0.0058546560863080204 -0.046780176192148477 0.029142716495472312 -0.030300548708383022 0.083389179225341906 -0.047042133052245375
leaf_weight=1.2226359316846345 25.494168805967092 3.2485445931088179 2.1555443870602176 1.7798653168138114 0.17598972632549692 0.1514684974681586 0.45705936197191466 12.095695707164849 1.5148776456226167 10.958905575180323 30.508693668562049 22.852240629363223 1.2516951849684108 0.39831240163766679 1.7645892527943932 1.3258446569088835 6.9515283653236111 0.76138505552080449 2.8796044893097132 532.19382965057775 4.8478087549810871 3.690041049332649 1857.0073107608259 70.459747396918829 85.454187779658241 31.916018775926204 33.765579761828121 10.158449531358199 523.89056940844603 4.1103207630949354 143.42787672132181 65.627456294358126 176.9656127978451 0.50691445067059504 21.266166600689761 8.1294103851105302 15.92027981639694 2825.7521264327142 128.03709091300061 88.944518845320999 60.374578187402221 106.83465476337733 8.0648407163898792 29.111251194248325
leaf_count=68 11082 1468 458 381 52 32 111 919 95 327 764 4068 12 79 53 21 397 52 278 50238 13428 423 51777 177619 3386 675 2349 561 48043 380 15224 8271 10298 180 425 1518 6364 186899 34178 46829 1465 3748 2171 1256
internal_value=0.000125688 0.0425208 0.097242 0.0465575 0.13259 0.408281 0.0788439 6.96642e-05 0.00467877 0.00330257 0.0230866 0.0470892 0.0246845 0.000924971 -0.0449273 -0.063845 -0.0851811 -0.122191 -0.0202228 0.00211543 0.00152867 0.079191 -0.000392612 -0.00199101 0.00140165 0.0093367 0.00304014 -0.0480829 0.00689731 -0.00110336 -0.00161406 0.000717952 -0.0156081 0.0546737 0.0422165 0.00349788 0.0264477 -0.00256946 -0.0113756 -0.0226307 0.00729052 -0.00153809 -0.0223206 -0.00070166
internal_weight=6964.41 9.19111 5.94256 3.78702 2.00715 0.327458 1.6797 6955.21 633.995 621.899 66.72 54.6126 31.7604 555.179 14.0493 12.2848 12.1074 7.71291 4.39448 541.13 537.042 4.08835 6321.22 3343.07 2978.15 714.58 599.731 42.0745 557.656 2263.57 2243.03 1922.63 320.393 20.5375 114.85 29.3956 16.4272 3317.58 347.816 216.982 130.834 2969.76 114.899 2854.86
internal_count=688422 2570 1102 644 263 84 179 685852 71154 70235 5666 4844 776 64569 401 348 822 449 373 64168 63666 502 614698 465247 149451 56957 51628 1236 50392 92494 85570 60048 25522 6924 5329 1943 6544 454165 260091 81007 179084 194074 5919 188155
is_linear=0
shrinkage=0.08


Tree=149
num_leaves=45
num_cat=0
split_feature=12 11 4 1 4 11 11 2 7 8 1 11 7 4 1 1 3 1 2 11 3 4 8 3 2 2 3 8 7 10 11 8 1 3 2 3 8 2 11 11 2 4 2 2
split_gain=2.38004 3.90717 7.80855 9.42996 7.69133 6.19881 5.66878 7.79576 6.21211 5.20789 5.68744 5.12559 7.37756 18.4017 6.8841 8.06856 5.97142 5.41585 5.11093 4.2839 4.12922 3.95174 10.1541 18.0832 12.8289 10.9942 7.78335 7.11627 13.2535 6.91468 8.5023 6.87032 6.74911 6.6932 7.16135 6.40602 6.18887 6.11287 5.66862 6.83018 4.38474 3.78648 3.7229 13.3153
threshold=1.0000000180025095e-35 0.9022241234779359 0.70714285969734203 0.77459675073623668 0.58571431040763866 0.94286683201789867 0.96058869361877453 0.50878274440765392 0.93629321455955516 0.84016805887222301 0.77836257219314586 0.94286683201789867 0.88473191857337963 0.73030304908752453 0.77836257219314586 0.78319624066352855 0.67068272829055797 0.94791102409362804 0.92907443642616283 0.92431300878524791 0.89927536249160778 0.38750000298023229 0.78142958879470836 0.908033847808838 0.87585616111755382 0.59675306081771862 0.96051946282386791 0.69710868597030651 0.79262280464172374 0.75000000000000011 0.81622841954231273 0.86217218637466442 0.89769753813743602 0.72850123047828685 0.59675306081771862 0.91010102629661571 0.53365698456764232 0.82413583993911754 0.28814046084880834 0.68400311470031749 0.94312667846679699 0.5634920895099641 0.80735492706298839 0.87841832637786876
decision_type=2 2 2 2 2 2 2 2 2 2 2 2 2 2 2 2 2 2 2 2 2 2 2 2 2 2 2 2 2 2 2 2 2 2 2 2 2 2 2 2 2 2 2 2
left_child=-1 21 3 4 42 9 8 -8 -6 -5 -11 14 13 -13 20 -16 -14 -18 -15 -17 -4 27 29 24 25 -24 31 36 -29 32 40 -25 37 34 -30 -34 -2 -23 -38 -40 -31 -28 -3 -44
right_child=1 2 11 5 6 -7 7 -9 -10 10 -12 12 16 18 15 19 17 -19 -20 -21 -22 22 23 26 -26 -27 41 28 33 30 -32 -33 35 -35 -36 -37 38 -39 39 -41 -42 -43 43 -45
leaf_value=-0.00078680473792623444 0.0048419202922687869 0.028990837515544921 -0.028802990422124614 0.041432717458239718 -0.014976015716726876 0.057551798133892752 -0.4896290381983735 -0.053347744390627144 0.083414749121197937 -0.17271523688091775 0.0068829117252204135 -0.51250348561380821 -0.18729444736782633 -0.019531159028700677 -0.16735572589063993 -0.012636069286834807 -0.002016330037099064 0.08318502856800461 -0.09016643974297589 0.02178529125018721 0.097282347736716721 -0.00076969032912953001 0.050758626914560318 -0.051222465858442978 0.089075896093708459 -0.019064386178669988 0.099515224909037928 0.059032682567056245 0.004505677143044862 0.0095123801975138256 0.047222402831129121 -0.11956945147757725 0.055994216068849995 0.029533682100521794 -0.058799878163193757 0.0057536613136495727 -0.078364316195767558 -0.02474864057500099 -0.0025822393029328069 -0.051404524390079205 -0.055884936991273559 -0.025364150497441083 -0.35736385924057706 0.086481379097818389
leaf_weight=5055.9667649603707 159.34386971633648 45.868054700695211 2.064513352001085 41.60446949742618 35.404382442706265 44.693408568506129 0.26682908018119533 14.86234207486268 4.6457722834311417 1.1576701721642155 44.751255038951058 0.52233353396877547 1.0700919018199773 30.904282164367032 1.7110363724641491 38.773725381470285 84.182286187933641 5.0618888251847229 8.3211956004961376 57.390103262136108 8.5333866332657617 204.52344741753768 16.480912707746029 34.944426257163286 8.853616410167886 116.12620426260401 2.5536287415307006 34.340451062351349 296.16343907715054 35.974397880025208 44.339278781437315 12.883015543222426 18.554119642270962 69.574830748184468 11.895808653323909 130.3848799248226 9.6480311172490456 101.95952159121953 77.153542173968162 24.05731411484885 8.0252829019445908 3.9694313687505201 0.7124472560826679 1.1012116057390811
leaf_count=579728 9412 5250 28 3378 858 8168 5 1650 395 37 4098 13 139 1340 20 3564 6504 15491 2611 5756 131 5382 826 685 580 3063 191 707 5798 967 5111 280 783 4983 339 4929 71 2507 1705 521 130 150 22 116
internal_value=0.000119535 0.00253725 0.00883058 0.0191784 0.00101277 0.0333118 -0.0193226 -0.0610423 -0.0035628 0.0209323 0.00235404 -0.0013668 -0.0120763 -0.0407969 0.0114743 0.00484252 0.000563718 0.00281625 -0.0345156 0.00790643 0.0727204 0.000440864 -0.00360985 -0.0192307 -0.00416146 -0.0103865 -0.0584523 0.00483238 0.0114496 0.00201532 0.0224988 -0.0696327 -0.00195789 0.00712262 0.00206111 0.0120124 -0.00525685 -0.00874691 -0.0197724 -0.0141871 -0.00241571 0.0235233 0.0245458 -0.0878713
internal_weight=6951.32 1895.35 473.603 235.068 102.861 132.207 55.1793 15.1292 40.0502 87.5134 45.9089 238.535 130.062 39.7478 108.473 97.8749 90.3143 89.2442 39.2255 96.1638 10.5979 1421.75 739.572 195.811 141.461 132.607 54.3505 682.177 411.975 543.761 88.339 47.8274 455.422 377.634 308.059 148.939 270.203 306.483 110.859 101.211 43.9997 6.52306 47.6817 1.81366
internal_count=688422 108694 59574 23977 8296 15681 2908 1655 1253 7513 4135 35597 26098 3964 9499 9340 22134 21995 3951 9320 159 49120 25584 5775 4469 3889 1306 23536 11827 19809 6208 965 13601 11120 6137 5712 11709 7889 2297 2226 1097 341 5388 138
is_linear=0
shrinkage=0.08


Tree=150
num_leaves=45
num_cat=0
split_feature=8 11 7 11 6 3 11 4 6 11 6 1 8 7 3 3 8 7 1 11 2 11 4 2 4 8 8 8 7 6 12 3 2 3 7 11 6 3 6 4 12 6 3 4
split_gain=3.86576 8.06679 11.607 11.1569 6.40445 6.80932 6.2433 9.97859 7.79466 7.63539 8.53759 5.97081 5.8988 8.75506 5.8198 17.5445 9.78495 9.01009 7.69808 10.5761 8.20739 6.34902 5.9898 8.66321 5.81898 9.83853 5.72428 5.71144 5.61523 5.37262 5.35616 4.77567 4.62857 5.07164 4.60509 8.90563 4.4557 6.89074 5.74438 4.3381 4.2843 4.64392 4.33728 4.21524
threshold=0.62880185246467601 0.3507265597581864 0.78389188647270214 0.4676524698734284 0.76568627357482921 0.4248871803283692 0.87885946035385143 0.80909091234207164 0.51538825035095226 0.84212991595268261 0.32466214895248419 0.59491634368896495 0.9656645953655244 0.98974332213401806 0.83910790085792553 0.94791102409362804 0.65586885809898388 0.77345910668373119 0.66323024034500133 0.70445138216018688 0.58380147814750682 0.80284366011619579 0.55050507187843334 0.64326766133308422 0.90873014926910411 0.64226880669593822 0.89672946929931652 0.75959178805351268 0.73721536993980419 0.78319624066352855 1.0000000180025095e-35 0.97700846195220958 0.88998898863792431 0.91945946216583263 0.70638945698738109 0.88540819287300121 0.74322345852851879 0.31698563694953924 0.69467982649803173 0.5634920895099641 1.0000000180025095e-35 0.18834459781646731 0.88047617673873912 0.61250001192092907
decision_type=2 2 2 2 2 2 2 2 2 2 2 2 2 2 2 2 2 2 2 2 2 2 2 2 2 2 2 2 2 2 2 2 2 2 2 2 2 2 2 2 2 2 2 2
left_child=6 27 14 12 24 -6 9 8 -8 -1 40 -10 36 -14 16 32 17 21 20 -20 -18 -3 23 -17 26 -26 -5 28 -2 -15 -29 -24 39 -34 -9 -36 38 -38 -4 -16 43 -42 -43 -11
right_child=1 2 3 4 5 -7 7 34 11 10 -12 -13 13 29 15 22 18 -19 19 -21 -22 -23 31 -25 25 -27 -28 30 -30 -31 -32 -33 33 -35 35 -37 37 -39 -40 -41 41 42 -44 -45
leaf_value=-0.0014970413464917313 -0.050553024399727767 -0.0063187242044680375 0.028255653429470198 -0.0034458771997711649 -0.1036267864728172 -0.015765280729942658 0.039100817186337872 0.082187492411417346 0.019592601102064386 -0.068132115980720651 -0.074786232782956888 -0.12187575407534425 -0.070763651919692472 -0.12957595901225064 -0.05045035637212817 -0.023546875975912384 0.03966134010246563 0.14648462022558958 0.22661872699330485 0.057851087033456691 -0.024638552673132082 -0.11017221282771768 -0.028813810914151666 0.090293502916746926 -0.78499508142058438 0.041893493838983935 0.0037297674729876683 -0.073240019036104817 0.00088088153138101452 0.010934227764971431 0.02044747108094291 0.023466882367152254 0.06790101595090646 -0.022313503291112504 -0.54726655517662959 -0.068830894800649814 0.016161594887807756 -0.050301716246146183 0.10507357339584152 -0.0067986816061901944 0.043631315128002807 -0.090193492980048029 0.012534223508182408 -0.012556647125600548
leaf_weight=2951.1719538951911 17.047201876877807 24.384197863706511 38.902795913047157 1632.2843576906162 7.3512391964904991 24.326611673168372 64.453841948139598 1.2191998040070737 4.1065868724253951 12.125423618126659 17.903858526027761 3.5686721799429506 12.019414242473429 1.8101353768724937 35.766033421794418 5.6667426167987314 54.278814545454225 2.1751575052039689 2.5410735844634464 36.681960911257192 16.587166035315022 4.4558646267396389 12.539791889139449 17.460502572343103 0.092438584266349433 24.473990932630841 1261.3031844142097 18.940767872147266 66.881294872611761 46.004780589661095 4.9198851771070613 103.29670487903059 6.8331191504985354 9.5790424822334881 0.25817169982474286 7.0080978760233847 304.8878963420284 10.321446674875913 7.4181266498635514 24.587036921642721 14.227425990335179 4.1440680560190213 7.2014538792427629 31.232580154202878
leaf_count=513399 217 1069 288 45362 87 915 3507 88 118 135 226 75 308 36 701 86 1234 40 35 724 335 76 289 553 105 46516 50799 98 463 2211 125 4867 343 325 36 2473 6813 97 75 639 1096 47 194 422
internal_value=0.000489901 0.0021906 0.00281442 0.00136214 -0.000377258 -0.0361546 -0.00160192 0.0203718 0.0300256 -0.002185 -0.0255659 -0.0461842 0.0135391 -0.00972788 0.0165349 0.00827211 0.0291676 -0.0105227 0.0403495 0.0687847 0.0246111 -0.0223644 0.0252287 0.0623998 1.11212e-05 0.0387821 -0.000318043 -0.019385 -0.00956616 0.00561492 -0.0539224 0.0178073 -0.0224234 0.0152468 -0.0616889 -0.0858298 0.0173899 0.0139853 0.0405578 -0.0326672 -0.0127816 0.0131881 -0.0249881 -0.0280988
internal_weight=6954.44 3835.82 3728.03 3371.2 2949.83 31.6779 3118.62 80.6146 72.1291 3038.01 86.8348 7.67526 421.365 59.8343 356.833 215.729 141.104 31.0152 110.089 39.223 70.866 28.8401 138.964 23.1272 2918.15 24.5664 2893.59 107.789 83.9285 47.8149 23.8607 115.836 76.7652 16.4122 8.48547 7.26627 361.53 315.209 46.3209 60.3531 68.931 25.5729 11.3455 43.358
internal_count=687647 165831 164928 153612 143784 1002 521816 6297 3700 515519 2120 193 9828 2555 11316 7803 3513 1185 2328 759 1569 1145 5795 639 142782 46621 96161 903 680 2247 223 5156 2008 668 2597 2509 7273 6910 363 1340 1894 1337 241 557
is_linear=0
shrinkage=0.08


Tree=151
num_leaves=45
num_cat=0
split_feature=8 11 7 11 0 3 8 7 5 8 3 3 1 11 4 11 10 7 10 2 2 10 7 3 2 8 1 2 12 4 8 7 8 3 8 7 7 8 11 7 4 2 8 2
split_gain=3.27935 6.84456 9.89438 9.54419 5.66488 14.8007 6.31704 7.11189 5.95527 7.70718 7.51181 7.91048 5.78921 5.37615 8.26911 6.45341 7.38473 10.91 9.56745 8.38535 7.09294 6.52158 14.3875 9.68454 7.1767 6.06967 5.68212 5.66643 5.52013 5.25748 5.03988 6.95048 4.88803 4.87911 4.75442 5.11859 4.89754 4.61395 8.89299 6.48904 4.12517 4.02005 3.9972 11.3727
threshold=0.62880185246467601 0.3507265597581864 0.78389188647270214 0.4676524698734284 0.95180022716522228 0.83752354979515087 0.65586885809898388 0.77345910668373119 1.0000000180025095e-35 0.76728257536888134 0.84028983116149913 0.87026646733284008 0.83424907922744762 0.87885946035385143 0.80909091234207164 0.84212991595268261 1.0000000180025095e-35 0.62090381979942333 0.75000000000000011 0.91922956705093395 0.74464204907417308 1.0000000180025095e-35 0.427709311246872 0.83910790085792553 0.70051544904708873 0.3869446069002152 0.65419578552246105 0.84660634398460399 1.0000000180025095e-35 0.90873014926910411 0.9656645953655244 0.98974332213401806 0.28496241569519049 0.97700846195220958 0.75959178805351268 0.83096903562545787 0.73721536993980419 0.89672946929931652 0.92431300878524791 0.95672976970672619 0.41428571939468389 0.48808848857879644 0.64226880669593822 0.74646764993667614
decision_type=2 2 2 2 2 2 2 2 2 2 2 2 2 2 2 2 2 2 2 2 2 2 2 2 2 2 2 2 2 2 2 2 2 2 2 2 2 2 2 2 2 2 2 2
left_child=13 34 4 30 5 6 7 -3 9 41 -10 -12 -8 15 26 21 17 19 27 -17 -19 22 32 24 -24 -25 -15 -18 -20 37 -4 -32 -1 40 36 -36 -2 38 -5 -39 -7 -6 43 -31
right_child=1 2 3 29 8 33 12 -9 10 -11 11 -13 -14 14 -16 16 18 20 28 -21 -22 -23 23 25 -26 -27 -28 -29 -30 42 31 -33 -34 -35 35 -37 -38 39 -40 -41 -42 -43 -44 -45
leaf_value=-0.00055402554254902435 -0.047685238352429736 -0.019389818242469797 0.016173778784803691 -0.0076983500889880674 -0.20792714759164743 0.0065214123412587338 0.028671920625579585 0.13077333127246749 0.11861357753767392 -0.20894379206365873 -0.14912507471345099 0.030987511833827433 0.10882919637087815 -0.030889110517480112 -0.053715718817641679 0.1345445298112318 -0.056032186466511535 -0.081488648354845081 -0.04928809901237341 -0.0094296894462747617 -0.0024177055424112544 -0.00035417316983526136 -0.012378726477176225 0.092628858717430373 -0.069748786104926241 0.0047776126184179831 0.036825049484918354 -0.14863516707813415 0.034207705036333719 -1.2302967509667277 -0.061358281112974131 0.0052214031730408198 -0.078788162638312592 0.093473581977706832 -0.1060122742001168 -0.02521937737996113 0.00081027916154596444 0.009359074896083815 0.0046856148253932427 -0.0021133496677569232 -0.033034166717487323 0.0089458478765659152 0.040220349405222296 0.080236967400519291
leaf_weight=6.3327075818078802 16.643841228156816 27.581883554463278 357.88437087627244 1081.5561645281705 0.58028971496969362 23.510914785059867 96.530293073883513 2.1779333306476465 6.2439919141179407 1.3210861596744496 1.5815635280450795 117.79552082670853 6.1328776815207666 9.098092627245931 8.8883965714630886 5.7377462647855264 10.563100248575212 9.7610135744325799 11.596891421126202 4.7177512664347887 28.343557476066053 2747.5212568115821 45.537198638001428 5.3011677434515141 20.121467526567358 99.592724294441723 61.829884719743859 7.0525582911213851 9.0006377365789376 0.060934997862207463 12.720754317415411 47.526466265844647 26.497764713604738 2.4152990195434532 7.1414031462045413 16.883458655327559 66.891800652258098 565.27171488667955 564.97516751375224 714.2122746774694 59.769796125416178 9.539938048750626 23.493837933081522 0.13916030607651919
leaf_count=20792 217 1104 7273 23095 8 788 1918 37 196 74 64 5423 132 236 2597 51 132 70 318 33 271 148933 46344 809 7252 14012 3464 212 1033 13 308 2247 275257 108 61 162 463 14227 22436 37405 1016 448 46516 92
internal_value=0.000455352 0.00202326 0.00259805 0.00125873 0.0152976 0.00728868 0.0240529 -0.00840032 0.0280428 -0.0272126 0.0330754 0.0286013 0.0334603 -0.0014712 0.0190238 -0.00200972 -0.0235127 -0.00280977 -0.0498213 0.0695802 -0.0226728 -0.00137741 -0.0152004 -0.00586496 -0.0299601 0.00921747 0.0281392 -0.0931065 -0.0128024 -0.000344703 0.0125701 -0.0088364 -0.0636975 -0.0186164 -0.0178721 -0.0492351 -0.00885208 -0.00064863 -0.00344903 0.00295513 -0.0218673 -0.00348956 0.0371879 -0.31886
internal_weight=6948.08 3830.58 3723.02 3367.84 355.181 218.119 132.423 29.7598 137.062 11.4413 125.621 119.377 102.663 3117.49 79.8164 3037.68 86.7733 48.5601 38.2132 10.4555 38.1046 2950.9 203.383 170.553 65.6587 104.894 70.928 17.6157 20.5975 2949.71 418.132 60.2472 32.8305 85.696 107.561 24.0249 83.5356 2926.02 1646.53 1279.48 83.2807 10.1202 23.6939 0.200095
internal_count=687647 165831 164928 153612 11316 5103 3191 1141 6213 530 5683 5487 2050 521816 6297 515519 2120 425 1695 84 341 513399 364466 68417 53596 14821 3700 344 1351 143784 9828 2555 296049 1912 903 223 680 97163 45531 51632 1804 456 46621 105
is_linear=0
shrinkage=0.08


Tree=152
num_leaves=45
num_cat=0
split_feature=8 11 11 7 10 0 8 11 0 3 8 8 6 3 8 7 2 4 11 4 6 11 6 10 7 3 0 2 8 1 10 7 8 7 12 8 8 8 3 11 6 6 10 7
split_gain=2.7887 5.97689 8.96909 9.22984 5.86496 7.69912 5.79323 8.45843 5.41826 12.4882 6.05201 5.24265 5.22048 5.22693 5.16313 5.26842 4.72653 6.79005 4.60729 6.96341 5.87308 5.35023 6.90233 5.63276 13.1796 8.33607 6.87376 5.71649 4.71412 4.57029 4.79882 4.41753 4.40523 5.24188 6.41751 7.64277 5.27514 4.61345 4.29208 4.19173 4.16432 4.96918 3.88102 3.58808
threshold=0.62880185246467601 0.35913865268230444 0.4676524698734284 0.78389188647270214 0.75000000000000011 0.29818989336490637 0.91683137416839611 0.38431020081043249 0.95180022716522228 0.83752354979515087 0.65586885809898388 0.94715359807014476 0.76568627357482921 0.4248871803283692 0.97881317138671886 0.95672976970672619 0.51316702365875255 0.58571431040763866 0.87885946035385143 0.80909091234207164 0.51538825035095226 0.84212991595268261 0.31643131375312811 1.0000000180025095e-35 0.427709311246872 0.83910790085792553 0.45035210251808172 0.5604878067970277 0.28496241569519049 0.59491634368896495 1.0000000180025095e-35 0.63343685865402233 0.84384033083915722 0.83680707216262828 1.0000000180025095e-35 0.6683848798274995 0.75959178805351268 0.87282773852348339 0.97700846195220958 0.34111164510250097 0.29478609561920172 0.27346041798591619 1.0000000180025095e-35 0.70638945698738109
decision_type=2 2 2 2 2 2 2 2 2 2 2 2 2 2 2 2 2 2 2 2 2 2 2 2 2 2 2 2 2 2 2 2 2 2 2 2 2 2 2 2 2 2 2 2
left_child=18 32 4 8 5 -3 -6 11 9 10 -4 -8 14 -14 15 -5 -10 -18 21 20 -20 23 40 24 28 26 -26 -27 -1 -22 -31 -24 33 36 35 -35 -2 -34 -11 -37 41 42 -23 -21
right_child=1 2 3 12 6 -7 7 -9 16 38 -12 -13 13 -15 -16 -17 17 -19 19 43 29 22 31 -25 25 27 -28 -29 -30 30 -32 -33 37 34 -36 39 -38 -39 -40 -41 -42 -43 -44 -45
leaf_value=-0.00050994546871044831 -0.019415772992647178 0.086754962161421895 -0.013783948418023698 0.0012155600037308868 0.018519316541890901 0.85591863017506531 -0.044037016681592864 0.0038000088731402898 -0.097086557429649986 -0.020034536363568344 0.035610782763618058 -0.18981997853440033 -0.089325184794527265 -0.01415035922979377 0.012153607096293461 -0.0067964430943644114 0.077361125556212926 0.021393395696888032 0.03468210728814846 0.081071846175065174 0.020392090294220781 0.0084414510574862787 -0.0077092545465419597 -0.00032584274919150507 0.054923469801574705 -0.1328841558470728 -0.036269650651581296 0.010918947576303066 -0.077880299572507361 -0.0080278596267032327 -0.18629811644282288 -0.089756437789173346 -0.027378654246822971 0.046999150027702039 0.073701766428253254 0.033642527938290832 -0.09291801885837557 -0.16628443058712786 0.091072378988636515 -0.030478795860256713 0.097678413945135989 -0.12012852515780355 -0.031476507547887618 -0.067196915208610333
leaf_weight=6.3298103714823837 59.673061729874462 4.8919814742403096 20.184652071926394 1993.5087520852467 293.82575211534277 0.084730781614780315 7.2561084264889342 110.04401987511665 1.9618235981906753 83.602765466610435 74.355474415002391 2.0177875179797411 7.7996958108851677 24.555377074502758 209.0453201495875 713.17836608536163 15.729438287497031 117.56187152984785 61.805650222697295 1.201966580003498 4.1280525593028861 36.598861828446388 6.1719938744790879 2747.4947499246955 5.8132342675635291 1.7999994249130384 58.764933803449821 103.34518143992682 24.734282540454842 1.8608793765306475 2.0105049167759717 13.143645150936207 4.1973671969026318 14.289086987497283 7.5985599836567408 7.8274913069326422 6.9799864906817666 2.4082523253164254 2.2860254257684565 39.206111900275573 2.2480670170625663 2.6616189710330209 27.152579986897763 7.9776742452959297
leaf_count=20792 513 1912 878 76770 4210 1 145 3847 34 1804 1696 35 87 915 22121 43891 394 5785 3507 88 118 331 74 148933 2234 915 51362 13906 275257 12 63 165 54 67 216 39 62 29 108 218 33 48 1469 2509
internal_value=0.000421821 0.00186931 0.00249082 0.00107757 0.0135224 0.0998503 0.0124825 -0.00238343 0.0140784 0.0050041 0.0250648 -0.0757561 -0.000314566 -0.0322724 4.00613e-05 -0.000895503 0.0261837 0.027998 -0.00135503 0.01772 0.0263339 -0.00185124 -0.0212917 -0.00127113 -0.0142061 -0.0054375 -0.0280606 0.00845716 -0.0621148 -0.0381668 -0.100608 -0.0635396 -0.0142253 -0.011117 0.00435256 -0.00424058 -0.027113 -0.0780204 -0.0170773 -0.0198075 -0.00940663 -0.0130314 -0.00856013 -0.0477829
internal_weight=6939.31 3824.07 3681.89 3263.77 418.12 4.97671 413.144 119.318 315.682 180.429 94.5401 9.2739 2948.09 32.3551 2915.73 2706.69 135.253 133.291 3115.24 78.9847 69.8051 3036.26 87.9768 2948.28 200.787 169.723 64.5782 105.145 31.0641 7.99944 3.87138 19.3156 142.18 135.574 68.9213 61.3227 66.653 6.60562 85.8888 47.0336 68.6611 66.4131 63.7514 9.17964
internal_count=687647 165831 164633 154483 10150 1913 8237 4027 10699 4486 2574 180 143784 1002 142782 120661 6213 6179 521816 6297 3700 515519 2120 513399 364466 68417 53596 14821 296049 193 75 239 1198 1115 540 324 575 83 1912 257 1881 1848 1800 2597
is_linear=0
shrinkage=0.08


Tree=153
num_leaves=45
num_cat=0
split_feature=2 4 4 6 5 3 7 4 7 8 7 8 10 4 12 2 3 6 4 10 3 6 4 3 3 2 2 4 2 8 2 3 3 6 3 4 4 2 7 6 7 11 11 2
split_gain=2.42259 18.2213 15.9912 19.3558 16.646 10.7731 8.00443 7.96229 9.35203 7.88691 7.87899 16.1223 13.9584 14.1276 12.4501 12.1889 10.6352 7.90091 9.67642 7.59458 8.52129 7.49945 12.97 10.4889 9.77308 9.24499 8.0217 7.37361 7.18955 7.12766 6.61818 8.10921 12.8241 8.23586 7.70877 13.241 10.0751 6.0087 5.98678 5.80157 5.74542 7.7047 5.63374 5.50985
threshold=0.61143791675567638 0.095454547554254546 0.30384616553783422 0.3706690520048142 1.0000000180025095e-35 0.78086888790130626 0.53368237614631664 0.38750000298023229 0.45536506175994879 0.5219806730747224 0.64624765515327465 0.32525222003459936 0.75000000000000011 0.080128207802772536 1.0000000180025095e-35 0.22401433438062671 0.8521554470062257 0.73431372642517101 0.27922078967094427 0.35000000149011617 0.65648320317268383 0.16064515709877017 0.34848485887050634 0.77849927544593822 0.70505386590957653 0.63100686669349682 0.63211598992347728 0.43650794029235845 0.55217784643173229 0.51132091879844677 0.33508773148059851 0.4248871803283692 0.42947559058666235 0.19803921878337863 0.55470088124275219 0.095454547554254546 0.19090909510850909 0.56562754511833202 0.55585265159606945 0.556623935699463 0.78389188647270214 0.81622841954231273 0.74035674333572399 0.53410854935646068
decision_type=2 2 2 2 2 2 2 2 2 2 2 2 2 2 2 2 2 2 2 2 2 2 2 2 2 2 2 2 2 2 2 2 2 2 2 2 2 2 2 2 2 2 2 2
left_child=2 6 10 4 7 21 9 40 27 -2 11 14 13 -12 17 29 43 18 -1 20 37 -3 23 25 -24 -23 -26 -9 -22 38 31 33 -33 -14 36 -36 -32 -6 -13 -7 -4 -42 -10 -15
right_child=1 5 3 -5 19 39 -8 8 42 -11 12 15 30 16 -16 -17 -18 -19 -20 -21 28 22 24 -25 26 -27 -28 -29 -30 -31 34 32 -34 -35 35 -37 -38 -39 -40 -41 41 -43 -44 -45
leaf_value=-0.051441224536102101 -0.013922002857233289 -0.0062481720850688528 0.026856701879648188 -0.0083626423839436598 0.025533784461667521 -0.00057349057923841002 0.070555082071626252 0.048581818692495705 0.11585477805614783 -0.43098965167233494 0.084274259497137863 -0.013467337065650715 -0.029142883216105347 0.011366297932118059 0.086921056646377379 -0.057655869347645286 0.096868605284845449 0.081835000655046952 0.14578748387046858 0.07513595478475614 0.10125668070748318 -0.057554884117734267 -0.08877624656711755 -0.24784977270253364 0.040585917925920513 0.031353621203816052 -0.038474302676107144 -0.074702690800914642 0.035853543718122056 -0.043229349241348664 -0.030382192934895486 0.063429462210673387 0.0067646987333048339 0.00056650877460975141 0.02952508262520151 -0.023824784419523033 0.077122669058903623 -0.055489618155252059 0.047319749220136223 -0.2270773966867026 -0.095965732056012054 0.015560794866642412 0.02629707072116045 -0.072045780896532602
leaf_weight=16.447713802079313 4.4045412002005824 318.25962500713376 7.2857628467463682 121.76186789837993 16.492169254564946 3981.2779764906227 30.688091445474129 4.446521407677209 4.9039716086845138 0.31065078347455699 25.207283010153333 25.212438947832197 62.359356000029948 11.125498187728232 14.298955163314529 60.038531496196811 5.7093367420893619 4.9276725733579942 1.7626561977413064 48.000785180280218 14.37578408883928 9.4006847014679789 23.054521339583516 1.0062595254803444 9.1591540441131638 36.733827907058185 79.555699293923681 10.290198123302615 42.730046061895337 23.589996338880155 129.83565904886927 32.251138671766967 123.22550747390778 1409.570696919749 57.967493778269272 61.215803015977144 5.8297118151094756 9.084652622086649 17.613287103478797 0.72385723585011774 11.535196108277889 6.0403692955151191 53.96068502120761 9.3091402927238942
leaf_count=53217 2762 43541 8904 14643 1611 267593 8324 4655 757 8 3557 7546 960 592 1117 189724 148 490 2328 2281 984 6793 3917 269 694 17353 6637 3876 3197 1617 3112 284 1584 15666 1612 1472 77 1099 752 77 92 58 1946 475
internal_value=-0.000419038 -0.00152198 0.00160566 0.0174124 0.0311086 -0.00197585 0.0556444 0.00626788 0.0194897 -0.0413997 -0.00103879 -0.0178803 0.000388685 0.0415404 0.0282346 -0.0315327 0.000337628 -0.00803271 -0.0323507 0.0498246 0.0351304 -0.013335 -0.0275283 0.0076639 -0.0423713 0.013237 -0.0303119 -0.037504 0.0523181 -0.00791783 -0.000734007 0.0011432 0.0185189 -0.000692151 -0.0127215 0.00212313 -0.0257626 -0.00324499 0.0115331 -0.000614665 -0.0328751 -0.0576363 0.0337581 -0.0266326
internal_weight=6942.98 4494.57 2448.41 350.908 229.146 4459.17 35.4033 98.4627 73.6014 4.71519 2097.5 163.891 1933.61 51.3513 37.437 126.454 26.144 23.138 18.2104 130.683 82.6827 477.17 158.91 47.1408 111.769 46.1345 88.7149 14.7367 57.1058 66.4157 1882.26 1627.41 155.477 1471.93 254.849 119.183 135.665 25.5768 42.8257 3982 24.8613 17.5756 58.8647 20.4346
internal_count=688401 357968 330433 44103 29460 346874 11094 20288 11234 2770 286330 256791 29539 4772 57152 199639 1215 56035 55545 9172 6891 79204 35663 24415 11248 24146 7331 8531 4181 9915 24767 18494 1868 16626 6273 3084 3189 2710 8298 267670 9054 150 2703 1067
is_linear=0
shrinkage=0.08


Tree=154
num_leaves=45
num_cat=0
split_feature=7 3 3 6 8 2 2 6 1 1 5 8 4 8 8 6 2 7 2 6 7 4 10 7 6 6 10 8 8 3 8 1 4 3 4 2 10 8 1 5 2 10 8 7
split_gain=2.07371 3.03587 6.77843 12.329 30.6549 7.69444 4.17675 12.0553 3.38585 5.38342 3.12953 2.92136 2.88903 3.03725 2.88079 4.78812 13.7874 4.66143 4.73729 2.90846 2.83227 3.63099 3.36077 2.41401 7.82105 7.58583 9.2979 9.08584 10.1007 5.99336 4.7579 4.50678 4.48022 8.82508 3.66175 3.87666 7.82664 3.59838 2.98792 2.66139 14.6971 13.735 8.07286 11.4929
threshold=0.9832867980003358 0.94494947791099559 0.94185259938240062 1.0000000180025095e-35 0.92601713538169872 0.81530213356018078 0.61620295047760021 0.5604878067970277 0.91922956705093395 0.90999102592468273 1.0000000180025095e-35 0.98639392852783214 0.78888890147209179 0.98314553499221813 0.94453489780426036 0.042109929025173194 0.93788579106330883 0.99814125895500194 0.68020617961883556 0.38742592930793768 0.98469346761703502 0.63068181276321422 0.75000000000000011 0.97311750054359447 1.0000000180025095e-35 0.57247900962829601 1.0000000180025095e-35 0.82774659991264354 0.9739694893360139 0.52704679965972911 0.95090001821517955 1.0000000180025095e-35 0.38750000298023229 0.78086888790130626 0.30384616553783422 0.99504950642585765 1.0000000180025095e-35 0.9631328582763673 0.79095324873924266 1.0000000180025095e-35 0.63453349471092235 0.75000000000000011 0.91683137416839611 0.96476501226425182
decision_type=2 2 2 2 2 2 2 2 2 2 2 2 2 2 2 2 2 2 2 2 2 2 2 2 2 2 2 2 2 2 2 2 2 2 2 2 2 2 2 2 2 2 2 2
left_child=23 2 8 4 -4 -5 7 10 9 20 -3 14 13 -11 15 16 -8 -16 -19 -17 22 -22 -2 39 29 26 32 -28 -29 -25 -27 37 38 -34 -31 -36 -37 -32 -26 42 41 -41 43 -1
right_child=1 6 3 5 -6 -7 11 -9 -10 12 -12 -13 -14 -15 17 19 -18 18 -20 -21 21 -23 -24 24 25 30 27 28 -30 34 31 -33 33 -35 35 36 -38 -39 -40 40 -42 -43 -44 -45
leaf_value=-0.0022664646105156482 0.089805604006015366 -0.66310149778486449 -2.0196701585311265 -0.39136973844267126 0.080941977233336432 0.082219487776255082 -0.69663759905857248 -0.0086724408744424976 0.063234355649870316 0.080620727792520025 -0.24101498195019713 0.072804654297447702 -0.21672649753642115 -0.26096420130005699 0.027409875519787383 0.071038991696969145 -0.0060303092697433095 -0.53376563021859824 -0.046598447456053751 -0.0020613821981598653 0.0026347270239748433 -0.02980997121275104 0.011604835847011791 0.66714841093413213 0.12580093480901369 0.041634695344359492 0.073672122124459158 -0.059816026393203166 0.010185706150512145 -0.11826483400667549 -0.16384313600353548 0.082534556766921799 -0.089376555863712001 0.010408796908832127 0.092800963481703233 -0.84344188092423422 0.080013820854501996 -0.026161159099879896 0.0027020522797864916 0.0074698363388810999 -0.00091467789250956172 0.044751090948598138 -0.018237300040182418 0.038857379108619895
leaf_weight=1839.873867072065 4.9909539320506164 0.21301559428684314 0.076178518735104062 0.33209446864202619 0.10679069614707259 0.64793295410345308 0.20571102116082629 5.0450052484084154 5.8235177258065951 0.57850474063889024 0.23806824602070265 8.2623845301022794 1.0982709735835667 0.23397456691600382 11.972846618336918 14.383196581635277 1.8386613644324823 0.13030416602850792 6.511939214913582 4.5966504177486049 656.13210014303331 22.844472845885321 11.911210567923263 0.10629425570368667 3.0486420752713448 22.20741592018749 4.3712500156252636 61.645500393817201 16.78381891202298 0.6554570689331739 1.6142041114508154 1.807357939193025 6.5785794528201214 41.178458633832633 6.2796089511175524 0.086628696852130704 0.18244606561347609 4.9109559098142199 2.1532607314875349 269.59074981010053 3562.0806525391499 82.630336240035831 198.98683607849671 44.546297990491439
leaf_count=316362 81 50 22 23 53 182 42 1737 4708 210 27 12588 29 121 898 5782 5462 77 3056 749 17409 1059 253 2 58 613 133 2568 628 13 83 42 50 401 765 204 1250 149 25 96838 203740 3752 5138 969
internal_value=-0.000386782 0.00356159 0.00216817 -0.190809 -0.79364 -0.0782621 0.0219528 -0.0441007 0.00248714 0.00198016 -0.440337 0.0295316 -0.132118 -0.0177475 0.0205118 0.0408053 -0.0755213 -0.00240793 -0.0561554 0.0533351 0.00234837 0.00154311 0.0346963 -0.000871857 -0.0101717 -0.0137318 -0.0218357 -0.0385794 -0.0448357 0.0708141 0.0222926 -0.0292568 0.00434275 -0.00333673 0.0620155 0.0800597 -0.217293 -0.0602211 0.0748457 -0.000602663 0.000626789 0.0162159 -0.00291256 -0.00129433
internal_weight=6929.49 758.174 704.776 1.163 0.182969 0.980027 53.3978 5.49609 703.613 697.789 0.451084 47.9017 1.91075 0.812479 39.6393 21.0242 2.04437 18.6151 6.64224 18.9798 695.879 678.977 16.9022 6171.32 173.61 166.299 135.76 82.8006 78.4293 7.31044 30.5399 8.33252 52.9589 47.757 7.20414 6.54868 0.269075 6.52516 5.2019 5997.71 3914.3 352.221 2083.41 1884.42
internal_count=688401 54618 24150 280 75 205 30468 1814 23870 19162 77 28654 360 331 16066 12035 5504 4031 3133 6531 18802 18468 334 633783 6984 4750 3863 3329 3196 2234 887 274 534 451 2232 2219 1454 232 83 626799 304330 100590 322469 317331
is_linear=0
shrinkage=0.08


Tree=155
num_leaves=45
num_cat=0
split_feature=12 1 4 6 3 8 5 9 3 2 1 3 3 7 2 1 7 1 6 4 1 2 1 1 2 2 7 7 3 10 1 8 3 3 2 1 3 2 7 4 1 7 2 1
split_gain=1.90089 3.93113 11.7728 6.78236 9.11115 10.485 9.6571 14.3154 9.59875 5.46624 11.7917 10.2813 9.39292 5.05351 4.84954 7.25424 6.46756 6.91606 6.62922 6.41541 14.5969 12.5438 7.7528 6.25567 5.18593 5.02225 8.33255 6.41972 4.93272 4.43407 4.85518 4.35959 4.30505 4.18854 10.2305 4.139 3.93031 3.67969 5.7049 3.72032 3.24744 3.20188 3.11772 3.04845
threshold=1.0000000180025095e-35 0.86240702867507946 0.61250001192092907 0.10102041065692903 0.89512962102890026 0.56189060211181652 1.0000000180025095e-35 1.0000000180025095e-35 0.99397590756416332 0.86706829071044933 0.87206766009330761 0.96922349929809581 0.95040982961654674 0.93369963765144359 0.60640108585357677 0.51316702365875255 0.45536506175994879 0.84889996051788341 0.41742423176765447 0.27922078967094427 0.61620295047760021 0.70299971103668224 0.51899951696395885 0.48050633072853094 0.58380147814750682 0.63211598992347728 0.95393458008766185 0.96476501226425182 0.63453349471092235 0.75000000000000011 0.32305502891540533 0.48110784590244299 0.82287582755088817 0.87026646733284008 0.86526826024055492 0.49332858622074133 0.75716626644134533 0.6926884949207307 0.97881317138671886 0.21111111342906955 0.93127068877220165 0.26269999146461492 0.34330357611179357 0.94185259938240062
decision_type=2 2 2 2 2 2 2 2 2 2 2 2 2 2 2 2 2 2 2 2 2 2 2 2 2 2 2 2 2 2 2 2 2 2 2 2 2 2 2 2 2 2 2 2
left_child=-1 14 3 4 6 -6 7 -3 -7 33 -11 12 -12 -13 15 23 17 28 31 35 21 22 -21 29 -20 26 -22 -27 -17 32 -31 -18 -2 34 40 41 -23 39 -39 -37 -4 -16 -25 -5
right_child=1 2 9 43 5 8 -8 -9 -10 10 11 13 -14 -15 19 16 18 -19 24 20 25 36 -24 42 -26 27 -28 -29 -30 30 -32 -33 -34 -35 -36 37 -38 38 -40 -41 -42 -43 -44 -45
leaf_value=-0.001157595596276704 0.05150711705908452 -6.488667989150031e-07 -0.017151213052016962 0.054541413711007715 0.052601334912436307 -0.021667200036013679 0.080700295311683684 -0.48831074910530342 -0.49427197397746375 -0.086898052625081448 -0.010216707489150991 0.0040713029965621754 -0.089031001364384632 0.064804473043231808 0.47314302889031967 -0.068823273493778855 0.10747071687182967 -0.29085827419695143 -0.020497070265330604 -0.008241466055422501 0.050057279831135899 -0.075048065543408815 -0.095964155632832795 0.11626433615789758 0.065452117353532555 -0.006113934805017247 -0.074169890618020332 0.030403809023618503 0.01494227175923607 0.0052638694426608255 -0.015054204174315316 0.040853975804781763 -0.028221454473975911 0.053589309113249571 -0.23599575172178011 0.021195987134621033 0.033592704332827655 0.043215409366722128 -0.16148332053972997 -0.05467879981165074 0.050632051092158105 0.087238010624744761 -0.051440935547086418 0.28846874157929187
leaf_weight=5040.292541069236 20.719394454856232 6.2161750327795771 9.2626770506758529 39.525187889987137 15.642098439886466 38.23518197350495 20.829729509263416 0.40954507701098908 0.27703437552554433 10.383549862832295 30.145920266069879 233.9011863548003 14.253403195238205 9.1099363726680149 0.14243848994374175 5.9723328271575218 7.1417920723615671 0.55693130372674104 19.090227742330175 8.5618734443705744 22.51430974940013 2.5938370529474915 26.114018565640436 0.73914625570614845 5.8756962634797665 667.37855594414577 4.0821615598979397 32.300947360039572 18.240528080234071 356.7897058808594 95.394579657309805 52.543574486626312 5.4810256097553056 20.511862415016367 1.0937937202688761 9.4299439361457207 11.94837689923588 24.866187263512987 0.90300235111499105 7.3668794510595026 8.8412242173835676 4.0524087488447549 17.660551963024773 0.35977589184767467
leaf_count=579896 2810 903 335 3303 948 4555 1943 4 17 425 1583 23392 655 11847 2 1204 220 5 864 199 640 64 803 13 379 18530 334 6433 1421 6684 2486 1649 361 2619 20 1166 346 3121 212 319 3415 1005 1194 77
internal_value=-0.000346667 0.00181885 0.00825963 0.0296139 0.0163999 -0.00263293 0.0539411 -0.0301838 -0.0250668 0.000572495 -0.00314529 -0.000119479 -0.0355183 0.00634805 -0.000250728 0.00517802 0.023825 -0.0121304 0.034346 -0.00425306 -0.00598826 -0.0481501 -0.0743044 0.00107085 -0.000269046 -0.00313105 0.0309903 -0.00442808 -0.0057193 0.00283144 0.000977489 0.0488252 0.0348282 0.0284533 0.00159668 0.024524 0.0142149 0.0170523 0.0360424 -0.0120818 0.0159514 0.100342 -0.0447039 0.0566515
internal_weight=6927.75 1887.46 458.998 121.495 81.6098 54.1543 27.4554 6.62572 38.5122 337.504 297.794 287.41 44.3993 243.011 1428.46 606.205 109.421 24.7698 84.6513 822.255 775.494 49.2181 34.6759 496.784 24.9659 726.276 26.5965 699.68 24.2129 478.385 452.184 59.6854 26.2004 39.7096 19.1977 46.7609 14.5422 42.566 25.7692 16.7968 18.1039 4.19485 18.3997 39.885
internal_count=688401 108505 56041 11750 8370 5520 2850 907 4572 44291 37902 37477 2238 35239 52464 19290 5742 2630 3112 33174 27349 1412 1002 13548 1243 25937 974 24963 2625 12341 9170 1869 3171 6389 3770 5825 410 4818 3333 1485 3750 1007 1207 3380
is_linear=0
shrinkage=0.08


Tree=156
num_leaves=45
num_cat=0
split_feature=7 7 12 6 2 3 11 1 2 4 2 11 2 1 11 3 0 0 3 3 6 1 1 11 0 3 4 2 1 1 1 4 6 1 3 3 6 0 5 3 0 6 6 2
split_gain=1.65436 22.7643 13.6402 6.39352 5.27146 12.3533 8.81281 8.655 12.2058 8.33956 7.35282 7.90765 6.57402 9.93776 9.64402 6.17181 6.11018 7.55667 8.28753 6.1481 6.02595 5.89075 5.69735 5.44785 5.42493 8.93097 4.7874 4.62183 4.13689 5.1399 3.9443 3.53436 8.56731 19.3847 9.30681 9.46994 7.14348 6.91136 21.8873 17.1677 13.9325 9.23227 8.59526 10.8126
threshold=1.0000000180025095e-35 0.45341086387634283 1.0000000180025095e-35 0.97619047760963451 0.71209660172462474 0.71010184288024913 0.49049477279186254 0.72821971774101268 0.84028983116149913 0.73030304908752453 0.67006802558898937 0.41083151102066046 0.79277813434600841 0.79784947633743297 0.49049477279186254 0.61938297748565685 0.88730159401893627 0.83752354979515087 0.76253134012222301 0.73606809973716747 0.14854215830564502 0.82952776551246654 0.80982521176338207 0.4584366530179978 0.77459675073623668 0.83752354979515087 0.58571431040763866 0.70438539981842052 0.70647653937339794 0.74210175871849071 0.60922586917877208 0.72077924013137828 0.18274582922458651 0.90054944157600414 0.88047617673873912 0.84889996051788341 0.17902930825948718 0.9569842815399171 1.0000000180025095e-35 0.97100839018821727 0.96808147430419933 0.40175439417362219 1.0000000180025095e-35 0.52027395367622387
decision_type=2 2 2 2 2 2 2 2 2 2 2 2 2 2 2 2 2 2 2 2 2 2 2 2 2 2 2 2 2 2 2 2 2 2 2 2 2 2 2 2 2 2 2 2
left_child=4 2 3 -2 5 6 10 8 9 20 11 -1 23 -14 22 -13 17 18 19 -7 -6 -20 -15 -9 25 -25 -26 -18 30 -30 -19 37 33 -33 35 -35 -36 -3 42 41 -41 -40 -39 -44
right_child=1 31 -4 -5 7 16 -8 12 -10 -11 -12 15 13 14 -16 -17 27 28 21 -21 -22 -23 -24 24 26 -27 -28 -29 29 -31 -32 32 -34 34 36 -37 -38 38 39 40 -42 -43 43 -45
leaf_value=-0.019487810658833801 -0.072367677210869494 -0.00047024628313576907 -0.0099820499241716903 0.021649394616485945 -0.011995743647375783 0.020073563227136354 -0.059803509892325635 -0.046793240327681604 0.076098403957553032 0.1094886363038871 -0.092389214706208783 -0.016080372086091033 -0.05102303637328446 0.035817575704309039 -0.00054588093014527146 0.07053180058465025 0.005016106803371472 0.021753635347792101 0.010125478900974889 0.092912381518510556 -0.056146558060676616 -0.15250866941296065 0.15357621679474362 0.021477945786585011 -0.0018091668039748625 0.23658350303014417 0.026056996452038472 0.07212202187377191 -0.040249393178583802 0.080136447838277919 0.12502214288438349 0.059175478685071087 -0.012983116661487906 -0.017309386734970702 0.0025928925442982669 -0.11405811294233714 -0.34546924150744829 0.051135364992123379 0.071324504633311553 -0.14931742608026718 0.010448154357041299 -0.014591270240672763 0.03886184344789255 -0.058087563660881678
leaf_weight=29.078342181674088 51.414799258967832 3688.3932326520571 64.075613741966663 5.087242017267271 34.607841882578214 14.364555999083679 21.81944056059001 8.5855238111980707 7.1618841555900863 2.5577145740389815 5.0545778895175308 7.7834907516662524 24.708405494573526 9.4954557385062781 1080.1717568434542 16.27585485909367 132.69534084224142 3.0418938176007968 60.706108164755278 15.332746686646713 46.191388099483447 1.459639748558401 3.6364672944182521 3.503285430953837 61.84706680016825 1.9081494116690008 108.99133962020278 6.9106758804991832 3.7013192730955762 5.8686351971700788 10.670315513620151 36.410212624963606 411.89860008509277 25.628534592491633 309.6202900074386 8.6638393042121589 0.37783820417825964 6.741438950673909 45.744656014736393 3.5191189908364313 477.29749812174123 9.7024423977927636 8.5983944968320412 51.218017384235281
leaf_count=7064 382219 155527 11668 2186 582 948 334 267 64 12 210 310 246 116 8079 676 1027 85 2221 926 632 10 39 76 675 24 715 46 41 50 142 1145 12153 5412 57908 1926 13 813 3944 63 21748 215 498 5681
internal_value=-0.000181541 -0.000893676 -0.035249 -0.0639027 0.00196311 0.0109774 -0.0164443 -0.000202616 -0.024123 -0.0327338 -0.000186585 0.00858394 0.00145932 -0.0008513 0.000282569 0.0425117 0.0195899 0.0332322 0.0229148 0.0576803 -0.0372359 0.00630686 0.0684271 0.0154355 0.0184668 0.0973272 0.0159689 0.00833794 0.0739413 0.0335755 0.102113 -7.88389e-05 -0.00498695 0.0036645 -0.00220603 -0.0417526 0.00216866 0.000827702 0.00876926 0.0141396 0.00927882 0.0562905 -0.0345001 -0.0441514
internal_weight=6932.52 5204.39 120.578 56.502 1728.13 334.763 80.0117 1393.37 90.5188 83.3569 58.1923 53.1377 1302.85 1118.01 1093.3 24.0593 254.751 115.145 91.8631 29.6973 80.7992 62.1657 13.1319 184.835 176.25 5.41143 170.838 139.606 23.2822 9.56995 13.7122 5083.81 792.599 380.701 344.291 34.2924 309.998 4291.21 602.822 536.264 480.817 55.4471 66.5579 59.8164
internal_count=688736 663119 396073 384405 25617 14090 8594 11527 1290 1226 8260 8050 10237 8480 8234 986 5496 4423 4105 1874 1214 2231 155 1757 1490 100 1390 1073 318 91 227 267046 78557 66404 65259 7338 57921 188489 32962 25970 21811 4159 6992 6179
is_linear=0
shrinkage=0.08


Tree=157
num_leaves=45
num_cat=0
split_feature=3 3 11 2 0 0 2 3 6 11 1 1 6 5 6 0 3 2 11 2 11 11 8 10 6 8 12 3 0 11 2 3 2 11 11 8 8 11 1 11 11 11 1 1
split_gain=1.59106 9.41276 6.56897 6.83506 6.20241 6.90522 4.92565 10.6597 47.9675 9.91478 8.98918 8.84503 8.16821 12.2628 7.96216 12.7325 16.8595 12.3973 7.7728 8.4177 7.18829 6.6246 10.1664 12.3023 6.09994 4.74036 4.65753 5.98723 4.39779 4.26714 4.06986 3.75851 3.44162 3.41259 6.8501 3.18656 5.20727 4.9742 4.95942 3.87208 3.63496 3.26256 3.17069 3.16016
threshold=0.982753485441208 0.97332859039306652 0.58114847540855419 0.96214476227760326 0.908033847808838 0.78629976511001598 0.95488464832305919 0.95040982961654674 0.056349206715822227 0.97654697299003612 0.87841832637786876 0.79784947633743297 0.027402402833104137 1.0000000180025095e-35 0.13397436589002612 0.71330726146698009 0.86729559302330028 0.63211598992347728 0.95556902885437023 0.90501254796981823 0.96764585375785839 0.97819212079048168 0.84787616133689891 0.35000000149011617 0.030776515603065494 0.98639392852783214 1.0000000180025095e-35 0.9740215837955476 0.96178188920021068 0.75074693560600292 0.87841832637786876 0.96922349929809581 0.96999701857566845 0.97819212079048168 0.96058869361877453 0.95531892776489269 0.95353743433952343 0.99347805976867687 0.81302964687347423 0.98212760686874401 0.99347805976867687 0.97654697299003612 0.72627374529838573 0.62316370010375988
decision_type=2 2 2 2 2 2 2 2 2 2 2 2 2 2 2 2 2 2 2 2 2 2 2 2 2 2 2 2 2 2 2 2 2 2 2 2 2 2 2 2 2 2 2 2
left_child=1 6 -3 26 5 -2 7 14 11 10 -10 -9 21 33 18 16 -16 -17 19 -1 -13 31 -23 -24 29 35 27 -4 -26 -15 -20 -8 -33 34 -14 36 40 -38 -39 41 43 -37 -41 -6
right_child=4 2 3 -5 25 -7 12 8 9 -11 -12 20 13 24 15 17 -18 -19 30 -21 -22 22 23 -25 28 -27 -28 -29 -30 -31 -32 32 -34 -35 -36 39 37 38 -40 42 -42 -43 -44 -45
leaf_value=0.001553548447651977 -0.046838602164219298 -0.12477554993637278 -0.39308315166939106 0.070299516857969535 -0.01295958462806345 0.073220411615587885 0.076881675525200491 0.1316437179594615 -0.014806885507995306 -0.2316350203981575 0.025302234967761687 -0.087060933146349787 -0.091418771528466211 -0.07867233881335442 0.00026396017452174811 0.0086111352493598598 0.074033173757368717 -0.014455138069989196 0.068709916296518639 0.020059522738306287 0.16196454234030871 -1.1750549309117926 -1.0803884938447363 0.080841008315402293 0.070223956939317878 0.06919597178066314 -0.0065865495684960512 -0.081901742315343737 0.0074073137678369143 0.027808951344532113 -0.0067269239102995936 -0.09025447841588001 0.043448714327151895 0.089251436578019649 -0.3575207001301241 -0.024346248229731794 0.099405910790213811 -0.69399501231709337 0.08048824809202236 0.024112958173653342 0.035611329073105019 -0.2884019504113976 -0.018323842314886325 0.0018882618575790616
leaf_weight=1276.1675229282446 3.885760691902763 5.9376911886674888 0.42385005333744796 3.6302436606856636 96.490842179908213 14.532505864613993 20.376708320814949 1.2449964286861348 63.916696999813212 1.1169139845587768 81.183327861133876 57.58909631174356 4.7399336922189823 6.2780495231381774 2052.2915460286131 183.74967054908848 20.021190297218709 791.40946056602206 18.042009144457555 179.42437555258221 0.75153408355254114 0.063701007224152728 0.068855554796755314 0.38411034768796526 12.397357930458385 6.5530444604955838 6.5626322872849414 5.9605117353967216 16.797238347957318 3.9079491686279653 6.1330287814998874 1.7323931756145601 4.2669021438450727 0.51506621442968015 0.7121489961282349 0.59759107188437954 4.8424175507170721 0.10314581787679333 0.10866171468660468 13.295390327984931 19.795395421882858 0.60027719043864636 73.895854361588135 1863.6031845388261
leaf_count=158369 642 47 39 370 6253 961 1894 150 4624 48 5026 2454 362 136 243879 39415 4504 65370 7939 9810 115 48 12 263 1232 12656 260 597 1787 350 1697 92 254 21 39 39 647 27 127 476 10971 39 6758 97937
internal_value=-0.000168168 -0.00096754 -0.0525733 -0.0267116 0.00167104 0.0478912 -0.000725744 -0.00104218 -0.0188489 0.00580641 0.00763413 -0.0793504 0.0200063 -0.000709527 -0.000232707 -0.00257055 0.000976665 -0.0101087 0.00458191 0.0038347 -0.083853 0.0549384 -0.228757 -0.095678 0.0154843 0.00126174 -0.0539129 -0.102561 0.0340821 -0.0378198 0.0495721 0.0604955 0.00483976 -0.107582 -0.126177 0.00104702 0.00170884 0.0828076 -0.296669 -0.0138154 0.00150182 -0.15667 -0.0118529 0.00115734
internal_weight=6926.1 4827.8 22.5149 16.5772 2098.3 18.4183 4805.28 4733.04 205.803 146.217 145.1 59.5856 72.2404 45.3477 4527.24 3047.47 2072.31 975.159 1479.77 1455.59 58.3406 26.8927 0.516667 0.452966 39.3806 2079.89 12.947 6.38436 29.1946 10.186 24.175 26.376 5.9993 5.96715 5.45208 2073.33 1984.94 5.05423 0.211808 88.3891 1979.89 1.19787 87.1912 1960.09
internal_count=688736 551203 1313 1266 137533 1603 549890 543400 12417 9698 9650 2719 6490 3927 530983 353168 248383 104785 177815 168179 2569 2563 323 275 3505 135930 896 636 3019 486 9636 2240 346 422 401 123274 115962 801 154 7312 115161 78 7234 104190
is_linear=0
shrinkage=0.08


Tree=158
num_leaves=45
num_cat=0
split_feature=6 6 1 3 0 10 3 0 3 6 11 6 6 0 7 3 3 3 3 3 4 4 3 3 1 11 0 1 0 1 1 6 0 11 7 6 3 11 11 7 6 4 4 11
split_gain=1.56357 10.9453 17.5098 6.81288 5.72338 15.0129 12.5468 10.6784 9.70267 7.90259 5.71937 5.6436 7.56027 4.50143 4.28696 4.21322 4.04623 4.0248 17.1139 9.62732 6.53119 16.3097 13.2911 12.9154 8.53674 8.005 6.48534 4.7985 19.6388 8.70268 10.5321 15.8125 8.03137 5.06325 4.56894 4.27472 4.19128 3.89542 4.87058 3.34694 3.28558 2.82098 2.81375 2.61571
threshold=0.2522727251052857 0.26598639786243444 0.84273937344551098 0.71346470713615429 0.30860807001590734 0.75000000000000011 0.68801230192184459 0.71010184288024913 0.92718276381492626 0.26726190745830541 0.8535020947456361 0.36700680851936346 0.36899313330650335 0.29818989336490637 0.52449017763137828 0.95040982961654674 0.71834936738014232 0.39173060655593878 0.40312500298023229 0.43792808055877691 0.095454547554254546 0.17424242943525317 0.49205549061298376 0.59516963362693798 0.89377820491790783 0.71458193659782421 0.28778468072414404 0.39369101822376257 0.40238095819950109 0.35926246643066412 0.32811352610588079 0.2336879447102547 0.46841755509376531 0.56600037217140209 0.94925981760025036 0.19803921878337863 0.36515152454376226 0.56118422746658336 0.5409555733203889 0.69104278087615978 1.0000000180025095e-35 0.63068181276321422 0.86190477013587963 0.87135526537895214
decision_type=2 2 2 2 2 2 2 2 2 2 2 2 2 2 2 2 2 2 2 2 2 2 2 2 2 2 2 2 2 2 2 2 2 2 2 2 2 2 2 2 2 2 2 2
left_child=17 3 4 -2 5 -3 11 15 -9 -7 14 -6 -13 -11 41 -8 -5 26 27 -20 22 24 40 -23 -22 -24 36 29 -29 30 33 -32 -30 -19 -28 -36 37 38 39 -1 -21 -4 43 -18
right_child=1 2 10 16 6 9 7 8 -10 13 -12 12 -14 -15 -16 -17 42 18 19 20 21 23 25 -25 -26 -27 34 28 32 -31 31 -33 -34 -35 35 -37 -38 -39 -40 -41 -42 -43 -44 -45
leaf_value=-0.063264174628976072 -0.082826396470547098 0.090190472178470676 -0.037317275392918119 0.16693285236157632 -0.040448430012669942 0.15159031013792421 0.026141592663166124 -0.016512050935558627 0.00016620750752062476 0.00058426477338911493 0.075898388716808263 0.1858828116887096 -0.015067703976574268 0.034759629018648715 -0.098597311787636227 -0.078000750340209868 -0.039683134309807848 0.095499833301928586 -0.061522535671377297 0.089361685646031488 -0.062034735295357545 0.03909383672939 0.026160856199977347 0.0006892075094764215 -0.86494725857317778 0.094917744183233441 -0.071648482370173849 0.88362468728591792 -0.086710210145286376 -0.091506580439127599 0.16737442196662577 0.72232289460905441 0.66223854708552643 -0.091674008632385409 -0.034355865496446529 0.066196598677483162 -0.064378147698034668 0.088263079945402029 -0.067426089747456411 0.017542424663148835 -0.044587808965834377 0.04343335551986989 0.10184909864801352 -0.0088267004222014368
leaf_weight=3.5743093669880173 13.0801469374137 12.27143572171917 3.3327525752611171 0.73292386574121238 71.649780842792097 2.2375748244667184 96.842158662833754 292.65211178053141 941.1939924065191 1522.9309813727741 23.683478744831518 1.2069250093218205 166.24798972396184 25.072398696611344 1.8188336330931623 2.5517280332378496 34.660947607864728 5.2313969181131998 15.640720490370766 1.2590567237011807 23.892814690918389 56.988990480695065 44.477731592074633 3376.3219292136355 0.085050846089869903 14.328020322252994 17.617538252476152 0.2477504299731671 0.52498933240167389 1.5204177728501242 1.956689266196918 0.39493169029447006 0.11101293456067651 1.1236151084303854 12.452772879973052 3.4570076297968617 5.7407030332469722 3.5722796544432631 5.7535154260694972 39.902155893621966 16.939805227613761 16.36178958079654 1.1551218452004821 35.683632179454435
leaf_count=1228 6111 3152 287 244 43319 83 43803 43344 46227 30259 1112 576 51816 1169 48 696 4388 386 3295 211 75916 18541 11717 286633 13 3738 3567 41 138 246 249 27 42 18 144 42 345 25 38 315 3170 810 88 1119
internal_value=-0.000150163 -0.00142223 -0.0006636 -0.0297002 -0.00137638 0.00205263 -0.00478396 -0.00175758 -0.00378966 0.00135495 0.0487752 -0.0216589 -0.0136194 0.00113779 0.018916 0.023468 -0.0200799 0.000986882 0.00141386 0.00110359 0.00138073 0.000867488 0.024424 0.00132668 -0.0648827 0.0429135 -0.0155274 0.100546 0.279392 0.0850911 0.11593 0.260573 0.0440173 0.0624061 -0.043584 -0.012507 0.000540498 0.0075985 0.00174523 0.0108991 -0.0353207 0.0297686 -0.021997 -0.0240306
internal_weight=6918.48 3265.37 3180.05 85.3128 3134.86 1562.51 1572.34 1333.24 1233.85 1550.24 45.1969 239.105 167.455 1548 21.5134 99.3939 72.2326 3653.12 3561.04 3549.93 3534.29 3457.29 77.0046 3433.31 23.9779 58.8058 92.0703 11.1108 0.883753 10.2271 8.70663 2.35162 0.636002 6.35501 33.5273 15.9098 58.543 52.8023 49.23 43.4765 18.1989 19.6945 71.4997 70.3446
internal_count=688736 278651 266701 11950 264444 34663 229781 134070 89571 31511 2257 95711 52392 31428 1145 44499 5839 410085 404381 403234 399939 381103 18836 305174 75929 15455 5704 1147 221 926 680 276 180 404 3753 186 1951 1606 1581 1543 3381 1097 5595 5507
is_linear=0
shrinkage=0.08


Tree=159
num_leaves=45
num_cat=0
split_feature=6 3 2 2 3 7 0 10 3 6 2 3 0 3 6 0 2 0 4 1 6 3 1 1 0 2 4 1 7 3 3 6 2 8 12 3 0 6 12 6 6 2 2 6
split_gain=3.47592 12.3313 15.4252 8.25974 16.0505 7.87092 7.26571 16.4917 9.88138 8.19137 7.30976 10.44 8.62533 8.25061 7.07779 5.65434 24.1396 18.0856 16.0741 12.9923 11.2052 10.9416 13.6078 9.89767 17.2258 7.61723 6.31847 5.34569 5.10686 5.43412 5.07925 6.9852 4.88789 4.61088 4.31622 5.94665 4.20357 4.16019 4.07422 4.07372 7.42923 5.50488 3.49038 3.23727
threshold=0.23861283808946612 0.47856706380844122 0.4654348641633988 0.27518594264984136 0.39173060655593878 0.8975815773010255 0.32495285570621496 0.75000000000000011 0.43792808055877691 0.65571120381355297 0.35767590999603277 0.57932874560356151 0.50263157486915599 0.71346470713615429 0.27346041798591619 0.73746865987777721 0.68457102775573742 0.89512962102890026 0.41428571939468389 0.74464204907417308 0.22886905074119571 0.79469618201255809 0.68614074587821972 0.66323024034500133 0.64565756916999828 0.76239567995071422 0.30384616553783422 0.32811352610588079 0.60894551873207103 0.61435899138450634 0.40312500298023229 0.38138528168201452 0.40862709283828741 0.27130751311779028 1.0000000180025095e-35 0.28869047760963445 0.91545844078063976 0.42146381735801702 1.0000000180025095e-35 0.39504285156726843 0.38935969769954687 0.31851120293140417 0.4403389841318131 0.2522727251052857
decision_type=2 2 2 2 2 2 2 2 2 2 2 2 2 2 2 2 2 2 2 2 2 2 2 2 2 2 2 2 2 2 2 2 2 2 2 2 2 2 2 2 2 2 2 2
left_child=1 3 5 4 34 36 7 -2 9 27 43 -12 14 -14 -13 20 17 18 -17 -19 23 22 -18 24 -4 -23 -25 -8 -22 -30 31 -29 -7 -9 -1 -36 38 39 -3 40 -35 -41 -39 -10
right_child=6 2 15 -5 -6 32 8 33 10 -11 11 12 13 -15 -16 16 21 19 -20 -21 28 25 -24 26 -26 -27 -28 30 29 -31 -32 -33 -34 37 35 -37 -38 42 -40 41 -42 -43 -44 -45
leaf_value=-0.028596786630241341 0.090044027955663783 -0.023769235180174417 0.0013830475756764532 -0.041033700628534453 0.2101304297612086 0.16854963462842121 -0.10654349550537857 -0.035548410813619973 0.24052215558878534 0.163462322308219 -0.038386248134931869 0.13627030523866596 -0.029433481741786317 -0.0035395320863072389 0.021106588818211085 -0.010054777636178716 -0.072047971316801615 0.10391597519437086 0.047254066837205885 -0.02919769336318526 -0.039233959184891767 0.016416988271682018 -0.0089773208708919441 -0.028440060474320798 -0.045170902506599109 0.0010829781477176971 0.02516031940058434 -0.057795303208137583 -0.03710966086479902 0.13840669937914388 -0.063220652640469735 0.025643522723392664 0.068846778017571622 0.014585562440771659 -0.024873973441843635 0.06314296506436598 0.30627807489622705 0.00061415295177939366 0.054636214065825771 0.06845613708561131 -0.10870274234684894 -0.046920723091806317 0.11643090342517506 0.026613625510652487
leaf_weight=27.907403483067355 13.52095591654688 9.8379810700871584 107.07079632508976 70.544681058396691 2.2535644591534938 3.9526798552251448 7.3873851894268219 21.421050864591962 0.45787379384455462 1.2546080005140527 58.180139012471045 3.7234527829587014 83.026190715491794 1530.3025099870015 41.287252194612847 38.324605531136513 24.286435240082938 5.2145247920307147 171.45516175751436 46.891491754926392 1.9328859997185626 227.90560354812806 222.1891141361848 18.355491753333808 96.908533566148435 2296.6909420456723 60.360606866637681 11.213707306375911 1.3803281207510734 6.1990621190634556 20.420919763963866 15.025101605305279 15.43744273969787 77.213468238762289 9.5640431601787004 10.1014183065854 0.31208233854340406 1469.8800528073989 7.4564567073975914 16.641130477830306 3.2601720666280007 3.1471362409647545 1.6672564068867348 40.83245617211378
leaf_count=1385 3235 19756 86588 13573 68 58 572 207 109 46 31502 1426 67687 133732 12657 8579 2728 192 8716 5027 4662 17920 14568 11770 25779 161557 6905 1224 38 247 2184 901 279 3443 90 101 55 29160 432 429 189 197 74 7907
internal_value=-4.15497e-05 0.00173747 0.00263821 -0.0234217 0.00151362 0.0540097 -0.00185318 0.00206391 -0.00532443 -0.0386213 -0.00427689 -0.00507701 -0.00390841 -0.0048721 0.0306334 0.00206664 0.00309061 0.0263067 0.0367843 -0.0158763 -0.00856161 0.000896526 -0.015192 -0.0114353 -0.0207343 0.00246724 0.0126615 -0.0433123 0.0768411 0.106442 -0.0333012 -0.0100158 0.0891712 0.00131726 -0.00836873 0.0203371 0.0152861 0.00181968 0.0100351 0.0175873 0.00959087 0.0501065 0.000745373 0.0289857
internal_weight=6902.4 3482.53 3362.16 120.371 49.8264 36.9966 3419.86 1606.75 1813.11 55.3017 1757.81 1716.52 1658.34 1613.33 45.0107 3325.17 3032.96 261.886 209.78 52.106 292.208 2771.07 246.476 282.695 203.979 2524.6 78.7161 54.0471 9.51228 7.57939 46.6597 26.2388 19.3901 1593.23 47.5729 19.6655 17.6065 1571.81 17.2944 100.262 80.4736 19.7883 1471.55 41.2903
internal_count=687954 391073 375856 15217 1644 20580 296881 36934 259947 4927 255020 247004 215502 201419 14083 355276 219287 22514 17295 5219 135989 196773 17296 131042 112367 179477 18675 4881 4947 285 4309 2125 337 33699 1576 191 20243 33492 20188 4258 3632 626 29234 8016
is_linear=0
shrinkage=0.08


Tree=160
num_leaves=45
num_cat=0
split_feature=6 3 2 2 3 7 0 10 3 6 2 3 0 3 2 1 10 2 4 5 1 1 3 8 7 8 7 10 0 3 6 6 0 2 8 3 6 12 6 2 3 1 12 6
split_gain=2.95227 10.6497 13.105 7.31801 13.2831 6.60933 6.16461 15.1071 8.7082 7.05715 6.13964 9.05667 8.30318 11.2049 6.2944 5.06329 4.97884 7.63277 30.778 14.3584 7.68894 10.6334 7.59083 7.38322 9.02368 5.99943 5.63436 9.51604 6.88998 5.63245 4.61423 8.20284 4.20502 4.09216 3.92446 3.69872 4.37728 4.67893 3.49383 3.97447 7.34513 5.83166 3.44277 3.13569
threshold=0.23861283808946612 0.47856706380844122 0.4654348641633988 0.27518594264984136 0.39173060655593878 0.8975815773010255 0.32495285570621496 0.75000000000000011 0.43792808055877691 0.65571120381355297 0.35767590999603277 0.57932874560356151 0.71010184288024913 0.71010184288024913 0.58885449171066295 0.32811352610588079 0.75000000000000011 0.75123763084411632 0.41428571939468389 1.0000000180025095e-35 0.60640108585357677 0.75513628125190746 0.6832355558872224 0.86976018548011791 0.95090001821517955 0.8657626509666444 0.98192706704139721 1.0000000180025095e-35 0.88998898863792431 0.57735043764114391 0.38138528168201452 0.38935969769954687 0.91545844078063976 0.40862709283828741 0.27130751311779028 0.31698563694953924 0.027402402833104137 1.0000000180025095e-35 0.42146381735801702 0.22401433438062671 0.35388994216918951 0.18350168317556384 1.0000000180025095e-35 0.4252659678459168
decision_type=2 2 2 2 2 2 2 2 2 2 2 2 2 2 2 2 2 2 2 2 2 2 2 2 2 2 2 2 2 2 2 2 2 2 2 2 2 2 2 2 2 2 2 2
left_child=1 3 5 4 35 32 7 -2 9 15 -10 -12 14 -14 -13 -8 23 18 19 -18 -19 -22 -20 24 29 -26 27 -25 -28 -4 -17 -32 42 -7 -9 -1 -37 -38 39 40 -36 -41 -3 -40
right_child=6 2 16 -5 -6 33 8 34 10 -11 11 12 13 -15 -16 30 17 20 22 -21 21 -23 -24 26 25 -27 28 -29 -30 -31 31 -33 -34 -35 38 36 37 -39 43 41 -42 -43 -44 -45
leaf_value=-0.020082544461378089 0.089147918975845328 -0.022153428441269902 -0.054729774277644319 -0.038980244441555859 0.18900327166676817 0.15448647550785283 -0.10478201314366734 -0.032898435810689693 0.026409165826920777 0.15172426960392232 -0.0359900169311934 0.0019909251809569974 -0.048513076950389318 -0.0043483838953213092 0.034949837073221593 -0.064898959881859633 -0.022920058446740849 0.07823360659207218 0.0081928089631125994 0.028132649795414626 -0.040762863401773874 0.0033867997614704737 0.053813474450760887 -0.0072036015824203034 0.060898325286544978 -0.101976352143615 -0.0096751454124293628 -0.046525143610704651 0.053996261850409497 0.0021486490276908334 0.17598990044894947 -0.021720927739316279 0.32717051977664258 0.063384141262336144 0.027087809103535272 0.14604354623343191 -0.04197177467027071 0.072584945874743373 -0.084670517625581226 -0.13817499032758615 0.16404690127498803 0.0082879169172667497 0.050018183210013695 0.00084571806100409595
leaf_weight=36.289869047323464 12.601881263723042 9.7163335024442912 11.202722498538604 68.410348378693016 2.3027507328315542 3.9669676832272698 6.9294080901763655 21.300008912425255 41.658345571442624 1.243961602795024 57.134277131610816 105.60268698016171 37.71628623577999 1458.1690582166921 57.155155083779391 16.685148039256092 109.64897546701104 7.9838398073115959 29.374498557081097 51.967119644672493 38.85217119500885 344.43421422225583 113.67075352267784 428.47231226804433 22.990155868676087 1.5446249478845846 24.030334833849338 43.376572689689056 19.87162766464462 2072.4158624248394 1.4118618455177081 27.544458307693276 0.27047809231589681 15.426979491865493 33.270194444194203 1.8241036978033651 4.9931503278985456 4.2022470163647085 2.7493377583450629 1.7893330473161757 2.7102481966721816 62.939144943062274 7.4917922268577959 1468.66254475405
leaf_count=972 3235 19756 21277 13573 68 58 572 207 8016 46 31502 79173 12583 99851 23895 2454 8426 2024 1958 1461 2277 78652 9542 5355 1536 75 764 2973 3462 215494 114 1741 55 279 477 65 488 51 92 42 26 3713 432 29142
internal_value=-3.83305e-05 0.00160367 0.00243414 -0.0220159 0.00137631 0.0498647 -0.00170794 0.00190047 -0.0049075 -0.0366071 -0.00393682 -0.0046736 -0.00359487 -0.00546192 0.013565 -0.0410635 0.00190734 0.00792305 0.0174177 -0.00650423 0.00053009 -0.00108847 0.0444452 0.000311814 0.00241079 0.0506443 -0.00826785 -0.0108184 0.0191449 0.00184284 -0.0313896 -0.0120809 0.014187 0.0820188 0.00121046 -0.0077563 0.032837 0.01038 0.00167258 0.0160881 0.0374043 0.00423914 0.00926747 0.000685931
internal_weight=6892 3474.73 3356.71 118.022 49.6121 36.8726 3417.27 1606.02 1811.25 53.8148 1757.44 1715.78 1658.64 1495.89 162.758 52.5709 3319.84 695.932 304.661 161.616 391.27 383.286 143.045 2623.9 2108.15 24.5348 515.751 471.849 43.902 2083.62 45.6415 28.9563 17.4786 19.3939 1593.42 47.3094 11.0195 9.1954 1572.12 100.709 35.9804 64.7285 17.2081 1471.41
internal_count=687954 391073 375856 15217 1644 20580 296881 36934 259947 4927 255020 247004 215502 112434 103068 4881 355276 104340 21387 9887 82953 80929 11500 250936 238382 1611 12554 8328 4226 236771 4309 1855 20243 337 33699 1576 604 539 33492 4258 503 3755 20188 29234
is_linear=0
shrinkage=0.08


Tree=161
num_leaves=45
num_cat=0
split_feature=6 3 2 2 3 11 3 0 7 3 7 6 11 6 2 3 0 2 1 2 0 3 5 0 1 2 11 0 11 4 3 1 7 7 11 7 7 0 6 1 6 12 3 11
split_gain=2.51256 9.19153 11.1115 6.46854 11.0789 5.91056 5.39068 7.66256 4.92394 6.21712 7.71599 8.25758 8.11964 5.77426 4.48082 12.7417 11.887 24.7187 22.883 20.0777 21.8612 11.3548 10.5991 8.41699 8.31986 5.47583 4.97135 5.47061 4.04467 3.96163 4.68909 5.0537 4.4067 11.4685 7.37143 3.79024 3.74645 3.66312 5.02366 3.62051 3.79171 3.38276 4.45104 3.33465
threshold=0.23861283808946612 0.47856706380844122 0.4654348641633988 0.27518594264984136 0.39173060655593878 0.56757310032844555 0.37617924809455877 0.17267081141471866 0.96476501226425182 0.39173060655593878 0.98974332213401806 0.76568627357482921 0.52797809243202221 0.46470099687576299 0.61143791675567638 0.65648320317268383 0.78629976511001598 0.73942822217941295 0.73746865987777721 0.73123827576637279 0.72834226489067089 0.70505386590957653 1.0000000180025095e-35 0.6832355558872224 0.57307061553001415 0.53694942593574535 0.35913865268230444 0.81530213356018078 0.38431020081043249 0.86190477013587963 0.95040982961654674 0.84028983116149913 0.72245565056800853 0.25078617036342626 0.4676524698734284 0.94555336236953746 0.95263028144836437 0.32495285570621496 0.60996279120445263 0.32811352610588079 0.38742592930793768 1.0000000180025095e-35 0.28869047760963445 0.57238981127738964
decision_type=2 2 2 2 2 2 2 2 2 2 2 2 2 2 2 2 2 2 2 2 2 2 2 2 2 2 2 2 2 2 2 2 2 2 2 2 2 2 2 2 2 2 2 2
left_child=1 3 5 4 41 -3 28 -8 29 13 12 -12 -11 -10 15 23 19 18 -18 20 -16 -19 -21 25 -25 -4 -17 -28 35 32 -31 -32 33 -9 -34 -2 -37 -30 39 -39 -41 -1 -43 -7
right_child=6 2 14 -5 -6 43 7 8 9 10 11 -13 -14 -15 16 26 17 21 -20 22 -22 -23 -24 24 -26 -27 27 -29 37 30 31 -33 34 -35 -36 36 -38 38 -40 40 -42 42 -44 -45
leaf_value=-0.025499847263300308 0.00019188205445436185 -0.020085307572342798 -0.0086868562289311342 -0.036973094907077536 0.17130592525432434 0.25066365070640406 -0.051314103669742338 -0.00020874571342794742 -0.0091937872990115899 0.11370518244318152 0.0070668676383017397 -0.071197129951800373 -0.024718816053637821 -0.12131959661242185 -0.0095587127439070371 -0.10049241338932748 0.04454246884228083 -0.09808415827470636 0.0021058017558157538 0.053795362331059103 -0.065004899117837051 0.00020266138678561488 -0.0020817657336044404 0.091846366492228756 0.0026193751888022201 -0.060562165190382017 0.043535579870618117 -0.0020219551575437083 0.0079017810517954049 0.091517598296137148 0.032777095945048379 -0.11553251627043298 0.048980069026832017 -0.022105427613413307 0.00020531848901866 -0.037562240333591117 -0.0016765768304292362 -0.12321171767015258 0.17231493741098061 -0.072531810767013469 0.019061405900723163 -0.021118769105338966 0.054659507515394223 0.057740930394825182
leaf_weight=27.233595294418592 645.08595179620988 7.0169486187596695 34.499009749468314 66.43775476432802 2.3358548578507898 0.5848945868083345 21.820850223331945 489.16835603061281 5.4632368013262731 2.7577965677482998 145.24117082794692 9.1728776180098048 163.41295428175363 6.3629941660910845 131.3988003506156 1.7751582317287091 162.93417048483934 7.5456281620099608 162.35715994656857 30.927153080026073 69.625509745193085 2464.3803583156896 73.026050813768961 8.0144777834457255 40.412357099415203 20.919932806392353 85.061084863452379 21.042311970701121 625.26210021034058 6.3082072085198861 6.8633009870209207 1.8713939104927702 20.252055895689409 222.81262807063013 953.50681487799739 35.71324359846767 38.899169242300559 2.8353615547384807 0.73458528144146917 5.2879682000129815 6.3856490926209517 9.6302288587903622 10.231148564955218 29.197643406498173
leaf_count=1385 16937 18652 35008 13573 68 119 487 13043 46 22 12759 587 3351 44 42021 272 8086 519 12425 9801 10334 170348 6867 1211 6757 25168 23972 2487 11259 213 437 124 190 216398 19177 434 496 118 15 485 259 90 101 1809
internal_value=-3.37424e-05 0.0014835 0.00224953 -0.0206688 0.00124506 0.0459673 -0.00157381 -0.00415962 -0.00365354 -0.0125587 -0.0104574 0.00241764 -0.0224215 -0.069522 0.00176407 0.0130243 0.00099556 0.00263073 0.0233618 -0.014002 -0.0287627 -9.73621e-05 0.0145423 -0.00697851 0.0173861 -0.0282691 0.0322793 0.0345007 0.00233287 -0.00191306 0.0389595 0.00100201 -0.00227779 -0.00706126 0.00121973 -0.00178256 -0.0188533 0.00695714 -0.0317902 -0.042124 -0.0224289 -0.00718976 0.0179167 0.0615297
internal_weight=6881.81 3466.59 3350.72 115.869 49.4308 36.7995 3415.22 2055.01 2033.19 332.411 320.585 154.414 166.171 11.8262 3313.92 211.724 3102.19 2797.22 325.291 304.978 201.024 2471.93 103.953 103.846 48.4268 55.4189 107.879 106.103 1360.2 1700.78 15.0429 8.73469 1685.74 711.981 973.759 719.698 74.6124 640.506 15.2436 14.509 11.6736 47.095 19.8614 29.7825
internal_count=687954 391073 375856 15217 1644 20580 296881 266878 266391 16809 16719 13346 3373 90 355276 94875 260401 191378 20511 69023 52355 170867 16668 68144 7968 60176 26731 26459 30003 249582 774 561 248808 229441 19367 17867 930 12136 877 862 744 1576 191 1928
is_linear=0
shrinkage=0.08


Tree=162
num_leaves=45
num_cat=0
split_feature=8 5 3 3 3 6 6 6 6 6 1 6 6 11 6 0 3 3 6 9 0 3 2 6 0 3 3 3 3 4 2 3 2 0 2 1 2 2 8 11 11 10 2 8
split_gain=2.52757 5.56846 7.92387 3.67445 5.01741 13.823 4.05537 4.36211 2.72111 3.52383 3.13278 3.28557 3.1174 4.94934 2.86943 5.30018 2.77013 2.65331 2.63969 2.52848 6.05896 7.24171 7.09417 10.6472 7.9726 7.11067 8.41923 7.58396 5.46309 5.95086 7.76602 8.63188 5.50031 8.08517 10.2332 7.88646 12.5854 6.80704 5.2841 8.82655 6.84453 16.3228 6.45621 5.99569
threshold=0.99829351902008068 1.0000000180025095e-35 0.5646599829196931 0.53694942593574535 0.62593284249305736 0.19098278135061267 0.27622890472412115 0.26726190745830541 0.62622550129890453 0.63211598992347728 0.32305502891540533 0.7245689630508424 0.36285266280174261 0.53947570919990551 0.48181217908859258 0.32495285570621496 0.36515152454376226 0.46841755509376531 0.035098522901535041 1.0000000180025095e-35 0.82097071409225475 0.65648320317268383 0.5912291705608369 0.52679425477981578 0.65733855962753307 0.90070420503616344 0.95040982961654674 0.88047617673873912 0.75905716419219982 0.70714285969734203 0.66323024034500133 0.74133810400962841 0.71209660172462474 0.91024166345596325 0.57932874560356151 0.72046512365341198 0.84028983116149913 0.77581480145454418 0.45259316265583044 0.28814046084880834 0.75074693560600292 0.75000000000000011 0.74210175871849071 0.4719799011945725
decision_type=2 2 2 2 2 2 2 2 2 2 2 2 2 2 2 2 2 2 2 2 2 2 2 2 2 2 2 2 2 2 2 2 2 2 2 2 2 2 2 2 2 2 2 2
left_child=19 3 -3 8 5 -5 7 18 12 -10 11 -11 13 -2 16 -16 -14 -15 -6 38 21 -21 23 24 -23 27 -27 -24 29 30 31 -22 33 34 -30 36 -34 -37 39 -1 41 -41 -42 -40
right_child=1 2 -4 4 6 -7 -8 -9 9 10 -12 -13 14 17 15 -17 -18 -19 -20 20 28 22 25 -25 -26 26 -28 -29 32 -31 -32 -33 35 -35 -36 37 -38 -39 43 40 42 -43 -44 -45
leaf_value=0.0249389335351556 0.059035256573436917 -0.5629301970797187 0.080651611175674334 0.11163467507639911 0.084489197425720142 -0.11780283673355652 0.046925518357530525 -0.25244560972827879 -0.13492556634337224 -0.034582997722223549 0.11774691926042351 0.0093375256947295336 0.085561867871684821 -0.024154716976923247 0.032535886172780006 -0.061595288010607388 0.027383183115408671 0.048292961237518979 -0.030583490693916051 -0.01815070745623491 -0.11433675069523641 0.016359318016246537 0.011738787550040358 -0.047495341240599079 0.10548206380524133 0.10713396684587811 -0.01892130780706942 -0.083585936990942897 0.21633652651243079 0.025721437163605181 -0.016244026022541373 0.11029316810661351 -0.051520588494532671 0.0065529794670412438 0.039198444054547345 0.019381079111745581 0.08225165205256417 -0.001089118316942306 0.020793965149924102 -0.050812354473327367 -0.022200251298869916 -0.0085749746475783321 0.020503668570750623 -0.00087266284916168201
leaf_weight=43.43021887481882 7.6528051714412859 0.12420344073325296 8.6049637938413053 2.1615357498812973 1.4612689227833477 7.5523939825361595 8.1214062777289637 0.52190424161381166 1.241532640531658 14.532763727067502 1.4415790857747186 43.616673877462745 10.350644575664775 22.941977041773502 22.962390857748691 4.5942223891615859 10.603805575519798 3.7664871795568606 10.052852062741293 35.057321661457536 11.140681374454287 9.8648627184156812 119.24883607875381 5.4741316025465485 18.417135830386542 10.21113036572933 5.0770624596625558 5.592003771569579 2.2502683121711042 11.553489238023756 28.308675007661805 1.2141592584084708 36.010710094822571 128.63125898595899 28.804160661005881 114.50482992827892 5.1440275721251956 1129.6683249332709 83.279743951778983 76.665498763498363 34.99025954102035 247.91889165968678 64.287595196432449 4421.8869633740796
leaf_count=5320 48 16 11710 68 811 68 4313 45 10 206 12 1714 77 207 224 29 66 41 1374 5968 286 1390 4542 642 938 124 61 112 59 84 291 30 338 895 378 828 53 8496 18543 375011 6915 23416 15036 196990
internal_value=-0.000146553 0.00914726 0.0714944 0.00601182 -0.0195181 -0.0667486 0.00324242 -0.0262331 0.0113186 -0.00153023 0.00124896 -0.00163913 0.0207503 0.00231433 0.0338089 0.0168424 0.0561211 -0.013938 -0.0159795 -0.000400245 0.00225711 0.0150188 0.0217062 0.054629 0.0743957 0.0137753 0.0652722 0.0074689 0.000476184 -0.0249449 -0.0393405 -0.0922615 0.0013948 0.0153978 0.0520342 -0.000344895 -0.0348001 0.000794813 -0.00131205 -0.00940955 -0.012929 -0.0185513 0.00545277 -0.000472147
internal_weight=6860.94 182.305 8.72917 173.576 29.8714 9.71393 20.1574 12.036 143.705 60.8325 59.591 58.1494 82.8723 34.3613 48.5111 27.5566 20.9545 26.7085 11.5141 6678.63 1706.17 208.942 173.885 33.7561 28.282 140.129 15.2882 124.841 1497.23 52.217 40.6635 12.3548 1445.01 159.686 31.0544 1285.33 41.1547 1244.17 4972.46 467.292 423.862 324.584 99.2779 4505.17
internal_count=687785 21039 11726 9313 6679 136 6543 2230 2634 1942 1932 1920 692 296 396 253 143 248 2185 666746 25515 13777 7809 2970 2328 4839 185 4654 11738 691 607 316 11047 1332 437 9715 391 9324 641231 425698 420378 398427 21951 215533
is_linear=0
shrinkage=0.08


Tree=163
num_leaves=45
num_cat=0
split_feature=7 8 3 5 8 8 8 2 8 8 8 4 4 4 2 2 2 2 3 0 1 4 1 0 3 0 3 1 10 8 1 0 10 10 2 8 7 10 7 8 8 11 0 3
split_gain=2.84798 5.6735 6.06399 4.13726 11.3334 12.4153 5.57718 7.81829 15.6126 5.32838 12.299 5.09608 8.97766 8.04678 4.78257 8.04937 4.77769 9.03186 4.52745 4.42285 4.20385 6.20394 5.06036 4.87702 4.16918 5.69757 4.84201 3.76301 3.31704 3.62993 3.46313 2.87128 2.85186 2.85145 2.8138 2.77288 31.085 5.60982 4.75509 8.95979 37.2498 4.1258 4.34672 7.99367
threshold=0.98974332213401806 0.98639392852783214 0.85028737783432018 1.0000000180025095e-35 0.94257584214210521 0.99829351902008068 0.92337051033973705 0.9261208474636079 0.90952175855636608 0.84384033083915722 0.82385262846946727 0.27922078967094427 0.29285715520381933 0.2264957278966904 0.59675306081771862 0.35043859481811529 0.82413583993911754 0.82870012521743786 0.5646599829196931 0.9529346525669099 0.68614074587821972 0.27922078967094427 0.38327018916606909 0.75162336230278026 0.72850123047828685 0.91715687513351452 0.93957647681236278 0.55036231875419628 0.35000000149011617 0.78142958879470836 0.84660634398460399 0.83752354979515087 0.35000000149011617 0.35000000149011617 0.61311829090118419 0.29283827543258673 0.41799478232860571 0.75000000000000011 0.42482461035251623 0.38477630913257604 0.38364128768444067 0.71458193659782421 0.82097071409225475 0.65648320317268383
decision_type=2 2 2 2 2 2 2 2 2 2 2 2 2 2 2 2 2 2 2 2 2 2 2 2 2 2 2 2 2 2 2 2 2 2 2 2 2 2 2 2 2 2 2 2
left_child=1 35 31 6 33 24 7 20 9 10 -9 13 -13 14 15 -8 32 -18 -7 -10 21 22 -2 -23 -6 26 -26 -27 30 -30 -22 -3 -14 -5 -15 41 37 -37 39 40 -38 42 43 -1
right_child=3 2 -4 4 5 18 11 8 19 -11 -12 12 16 34 -16 -17 17 -19 -20 -21 28 23 -24 -25 25 27 -28 -29 29 -31 -32 -33 -34 -35 -36 36 38 -39 -40 -41 -42 -43 -44 -45
leaf_value=-0.014868258643606684 -0.00650741744029577 -0.061657794496933239 0.023355551991964679 0.024057527708282719 0.083004903641486424 -0.2927528363017145 0.016586666802644805 0.082281992605731005 -1.0152897292114011 0.082153305960166428 -0.7609844318681066 -0.16721375646720252 -0.054823529314024066 0.13760995155427611 0.093526774389678935 -0.028059570726729734 -0.52445615734793072 -0.047038243650126661 0.080603270700329688 -0.40834759279255428 -0.12690348357750261 -0.11314018401116367 0.035796219148392872 0.0005939094511575061 -0.12083643260260245 -0.39805759759354481 0.091005541008083779 -0.01542393463011311 -0.014640282279584329 0.073842058758203308 0.081516545791103567 -0.16904920519216557 0.024347627915633101 0.064092609779166296 0.017909721837038435 -0.071818532660862605 0.21866884559008334 -0.019695740375588636 -0.0009147629937635973 0.020427599792246193 3.539509954935216 0.051455277783532642 0.00022923886772444909 0.020027412062412729
leaf_weight=54.735738027177831 278.31479979871074 3.851213144080246 3.5775859370187391 19.695543867477681 1.5638198907909124 0.21345046046189775 201.74028501019347 0.26637227612081804 0.14540408801985893 0.71213373282807879 0.18939964822493494 2.4340554960363106 3.4774192056211239 4.5223619067983227 4.5681911794090402 29.642184994241688 0.26389902373193663 6.5021753588916908 7.9479536516482767 0.16295516226091422 1.4818322603823628 6.0329849128611368 19.355525468097767 4.0213903788826428 7.9994523535424378 0.16650289646349925 0.75576751335756842 13.631302375764788 4.1274617743911231 10.556914053835497 0.77818313770694647 2.7178196532186121 17.905034087652894 26.986394038773142 1.7405897978751452 45.875960901202234 0.98714466827732283 18.562332758323464 4347.7502514575499 3.4534336067381446 0.022101589034718927 10.778867229448222 1507.7866820162608 180.74725379928714
leaf_count=20644 3554 74 269 1516 176 16 4900 86 12 161 18 47 67 73 1415 510 127 1560 11710 48 41 49 856 132 591 47 122 3801 500 1350 129 44 5354 12861 47 297408 1308 5957 255940 11370 85 1175 19305 22330
internal_value=-0.000136384 -0.000676262 -0.0604483 0.00478601 0.0219988 -0.0144501 0.0025168 -0.00454342 -0.18823 -0.0545493 -0.268144 0.0109578 -0.0198139 0.0148431 0.0124674 0.0108671 -0.007068 -0.0656591 0.0708386 -0.694546 -0.0037082 -0.00584432 -0.00375669 -0.0676506 -0.0433128 -0.0520716 -0.10255 -0.0200413 0.0350855 0.0489716 -0.0551389 -0.106089 0.0114721 0.0472014 0.104343 -0.000577977 -0.00164669 -0.0568038 -0.000830044 0.0817069 0.291392 0.00211302 0.00180793 0.0119163
internal_weight=6858.75 6180.85 10.1466 677.902 78.9602 32.2782 598.942 326.145 1.47626 1.16791 0.455772 272.796 30.5826 242.214 235.951 231.382 28.1485 6.76607 8.1614 0.308359 324.669 307.725 297.67 10.0544 24.1168 22.553 8.75522 13.7978 16.9444 14.6844 2.26002 6.56903 21.3825 46.6819 6.26295 6170.7 4416.65 64.4383 4352.21 4.46268 1.00925 1754.05 1743.27 235.483
internal_count=687785 635909 387 51876 30840 16463 21036 6936 325 265 104 14100 7155 6945 6825 5410 7108 1687 11726 60 6611 4591 4410 181 4737 4561 713 3848 2020 1850 170 118 5421 14377 120 635522 572068 303365 268703 12763 1393 63454 62279 42974
is_linear=0
shrinkage=0.08


Tree=164
num_leaves=45
num_cat=0
split_feature=7 8 3 6 6 3 3 8 6 8 8 11 6 2 11 12 8 8 3 12 2 10 10 8 6 11 1 2 2 1 3 11 3 1 2 2 3 1 6 0 6 6 0 2
split_gain=2.4811 4.67843 4.84145 3.59449 6.50258 4.03598 6.23528 5.85553 5.8918 4.87492 8.24805 7.53422 6.45497 4.8694 5.67847 4.4011 3.6313 5.68554 5.15162 4.38469 4.75561 4.03803 5.35131 3.46476 3.46282 2.98292 2.76261 12.7731 12.3432 22.3945 17.0424 8.15084 8.13734 6.36208 7.18941 7.84227 5.35513 6.50693 4.72602 16.0177 8.83859 4.40763 4.39012 3.33267
threshold=0.98974332213401806 0.98639392852783214 0.85028737783432018 0.4803846031427384 0.44862772524356848 0.37617924809455877 0.39173060655593878 0.62880185246467601 0.76568627357482921 0.74203693866729747 0.8894205391407014 0.57092252373695385 0.56306818127632152 0.31851120293140417 0.59213069081306469 1.0000000180025095e-35 0.76728257536888134 0.32151830196380621 0.33615820109844213 1.0000000180025095e-35 0.27518594264984136 1.0000000180025095e-35 0.35000000149011617 0.80096620321273815 0.38742592930793768 0.57585245370864879 0.6926884949207307 0.86222714185714733 0.6900656819343568 0.48808848857879644 0.73606809973716747 0.49455405771732336 0.54110360145568859 0.71010184288024913 0.81861472129821788 0.65599384903907787 0.78086888790130626 0.70051544904708873 0.09175084158778192 0.74115687608718883 0.097167581319808974 0.4552139043807984 0.76506900787353527 0.45512083172798162
decision_type=2 2 2 2 2 2 2 2 2 2 2 2 2 2 2 2 2 2 2 2 2 2 2 2 2 2 2 2 2 2 2 2 2 2 2 2 2 2 2 2 2 2 2 2
left_child=1 26 -3 4 16 7 -7 8 -5 12 11 -11 -8 14 25 -12 17 -2 -19 21 -21 -18 -23 -6 -20 -9 27 28 38 -30 -31 33 43 36 35 -35 37 -28 39 -1 -40 42 -34 -33
right_child=3 2 -4 5 23 6 9 13 -10 10 15 -13 -14 -15 -16 -17 19 18 24 20 -22 22 -24 -25 -26 -27 31 -29 29 30 -32 32 41 34 -36 -37 -38 -39 40 -41 -42 -43 -44 -45
leaf_value=-0.0038690756670903379 -0.082254830992896016 -0.093601019832938948 0.021825866180137977 0.07260166972254295 -0.035053126404244801 -0.1043399986894349 -0.050692363743693937 0.012947648103014643 -0.010246502719579328 -0.13786986704576434 -0.021872045132966193 -0.0029049199257896109 0.090433545745394625 0.17846284846410726 -0.16328259008440438 0.022691319663653779 0.075328026631902495 0.18177302784900864 0.029543183401681078 0.096534464596017278 0.017713789997135968 -0.031560633412215974 0.0051658915097909279 0.072058088639585571 0.15998624940227249 0.094355832164096293 -0.097699170198261881 0.082957005501573242 0.099032037299907658 -0.10236470721445085 -0.021427833337340486 0.090701417406175877 0.017580950542050385 0.076401668194773439 0.12057973001507445 -0.00012165097582197076 0.13476738942652952 0.095537983639614271 -0.083874466188549324 0.052693962093094626 -0.0022158508765223509 0.029611324501045463 -0.00055542656424268017 0.30323185124780361
leaf_weight=116.42363876865238 2.1415769018058226 6.8376420022686926 3.5243437632634596 5.7014479762874535 2.2091059626545766 4.778236298589035 3.0938945207162742 162.64224659805768 150.74438080826076 6.3433925881981832 39.923844976437977 4.5429278625233565 6.2938436555268709 1.1482709050178517 1.1593201979994763 21.999039164365968 4.5881489282182875 1.8581664152443433 14.697067722117938 6.1909395440598045 23.475450836533128 30.136412204803491 161.24981684182421 15.452143017508206 1.4291197592392553 2.9325572927482417 1.8321544650971171 11.088181698863989 8.9254874018606625 18.95328714864263 137.01623711555203 2.2954579419174475 87.484269768438935 10.032202579983275 4.0594693855382493 58.848606972271227 5.8398167373961769 2.8502315204532351 8.5193053270108958 44.208692933581005 2000.6421842679006 32.173443799263623 3618.6031063760483 0.59450100864069089
leaf_count=57683 184 118 269 33 44 33 62 5648 1099 39 1028 269 78 7 7 2842 110 19 1884 67 6742 1748 29041 802 71 19 103 1494 1253 4245 18452 182 19378 173 42 1163 155 93 3422 2658 314870 1408 208613 135
internal_value=-0.000129041 -0.00063189 -0.0543417 0.00447722 0.0117734 -0.000195755 -0.0154988 0.00390807 -0.00722722 -0.0103343 -0.0173301 -0.0815482 0.043923 0.0142848 0.0131541 -0.00604024 0.00840397 0.0409644 0.0556374 0.00549976 0.0341625 0.00116082 -0.000617208 0.0586604 0.0411032 0.0143895 -0.000541694 -0.00270314 -0.00310996 -0.0242106 -0.0312632 0.000783998 0.000232378 0.02551 0.017121 0.0110237 0.0836633 0.0199269 -0.00150641 0.011698 -0.0025621 0.000128639 -0.000127307 0.134422
internal_weight=6855.48 6180.75 10.362 674.731 263.428 411.303 86.9752 324.328 156.446 82.1969 72.8092 10.8863 9.38774 167.882 166.734 61.9229 245.767 20.1259 17.9844 225.641 29.6664 195.974 191.386 17.6612 16.1262 165.575 6170.39 2345.78 2334.69 164.895 155.97 3824.61 3741.15 83.4625 72.9403 68.8808 10.5222 4.68239 2169.79 160.632 2009.16 3738.26 3706.09 2.88996
internal_count=687785 635909 387 51876 40712 11164 4351 6813 1132 4318 4178 308 140 5681 5674 3870 39866 2158 1974 37708 6809 30899 30789 846 1955 5667 635522 404077 402583 23950 22697 231445 229716 1729 1378 1336 351 196 378633 60341 318292 229399 227991 317
is_linear=0
shrinkage=0.08


Tree=165
num_leaves=45
num_cat=0
split_feature=11 8 8 8 8 7 8 11 4 6 3 6 8 8 12 7 8 11 4 0 3 0 6 1 0 3 7 8 4 8 4 5 3 9 7 12 8 3 3 4 6 5 0 1
split_gain=2.80677 3.41665 3.83095 5.63276 4.77302 4.82924 3.01446 2.70191 4.04448 4.81012 4.674 4.6428 2.58569 5.97073 2.58418 5.57327 3.02072 2.57559 16.3403 11.7618 10.517 10.4447 7.11333 8.68542 8.31226 5.14829 3.86779 3.7937 15.0866 9.20972 7.70282 9.14774 7.74269 6.58906 10.6379 11.5508 7.8171 6.48306 4.96957 4.68191 3.42126 3.08521 6.25914 3.97179
threshold=0.18387948721647265 0.38243331015110021 0.36930006742477423 0.37277607619762426 0.38046129047870642 0.43085423111915594 0.35731539130210882 0.99925094842910778 0.58571431040763866 0.55217784643173229 0.85880398750305187 0.38935969769954687 0.93362700939178478 0.93592900037765514 1.0000000180025095e-35 0.43765547871589666 0.28647416830062872 0.79175817966461193 0.27922078967094427 0.73623713850975048 0.65648320317268383 0.72834226489067089 0.52679425477981578 0.50862327218055736 0.88047617673873912 0.62115561962127697 0.92009389400482189 0.45259316265583044 0.47727273404598242 0.69710868597030651 0.34848485887050634 1.0000000180025095e-35 0.90070420503616344 1.0000000180025095e-35 0.48022346198558813 1.0000000180025095e-35 0.33267457783222204 0.82952776551246654 0.97332859039306652 0.16025641560554507 0.78319624066352855 1.0000000180025095e-35 0.73746865987777721 0.60922586917877208
decision_type=2 2 2 2 2 2 2 2 2 2 2 2 2 2 2 2 2 2 2 2 2 2 2 2 2 2 2 2 2 2 2 2 2 2 2 2 2 2 2 2 2 2 2 2
left_child=1 2 6 -4 5 -5 14 17 -9 10 11 -10 -12 -14 15 16 -1 27 25 20 26 -22 23 -21 -24 -19 -20 33 30 38 31 -29 -32 34 35 -2 -36 -31 -30 -35 -41 43 -43 -27
right_child=7 -3 3 4 -6 -7 -8 8 9 -11 12 -13 13 -15 -16 -17 -18 18 19 22 21 -23 24 -25 -26 41 -28 28 29 37 32 -33 -34 39 36 -37 -38 -39 -40 40 -42 42 -44 -45
leaf_value=0.21656305379138627 -0.062276904385431563 -0.010094002508239623 0.55257331605359261 -0.0819725321716685 0.58278311179210507 0.42157178921684479 -0.084567285526804245 0.085964903880717022 -0.015116156944045204 -0.2402484868422414 0.072158859682423901 -0.22244499113078198 -0.27874459224640386 0.024182359670668105 0.1581719086936034 0.505024857588808 -0.080841650577636981 0.14541565522859742 -0.071362015496703096 0.091442851198874811 -0.036657718789669766 -0.13396046746152876 -0.18756803353575746 -0.0022055899029330287 -0.022397211855473907 0.0020691545864186646 0.071689818336670014 0.00058998981763472747 0.038284575903602701 0.0073722009161229845 -0.056088182089455908 0.022358939923993373 0.038826205360461288 -0.089852260746856275 -0.026196191536907443 -0.010045735110889435 0.0049916460376152258 -0.10123403202700351 0.10679163016081775 0.00042430367616639052 0.088129460505756541 -0.086381365991981485 0.029655897568517841 0.06057332881082423
leaf_weight=0.26527710445406949 46.875484745981339 4.2057460345095024 0.2526771626435218 0.51778745360206813 0.12062480137683451 0.15942509705200791 0.82436044525820751 5.3439051688037571 8.5327474288060365 0.48286612061201495 7.9361317562943468 0.75219517247751433 0.43416526139480893 10.188385956647833 1.6246592169627547 0.13668643729761254 1.2414555591531096 2.7471182486042371 1.4892811183817674 6.3546357485465697 37.768997028935701 8.6836503027006966 2.0023016978520891 2459.1868944467678 74.638397354166955 9.8988599507138115 6.4421369840856642 1803.3641433880866 79.388855016812158 24.003979479428384 26.70282287945156 132.62922477165739 6.9276002123115168 3.6726410538103655 68.440114086675749 64.225131355982739 207.00207406519985 4.1216314746998242 7.4093328181043026 1706.8635516333597 2.8512877263128749 3.7177392981248003 14.893351637554586 29.736540036145016
leaf_count=33 393868 1669 59 106 42 57 182 4754 1862 88 8244 15 282 12555 9 45 318 31 15 159 585 95 16 116543 1736 158 224 67265 4326 611 2923 13073 474 3504 964 11934 13185 34 1056 22014 25 58 354 2773
internal_value=-0.000417925 0.043387 0.0871221 0.223401 0.119151 0.0365687 0.0521399 -0.000477485 0.0221291 0.0100862 0.0144276 -0.0319124 0.0376115 0.0118011 0.0866238 0.0158924 -0.0284802 -0.000588735 -0.0025364 -0.00349784 -0.0403102 -0.0548471 -0.00271032 -0.00196422 -0.0267124 0.038393 0.044829 0.000648226 0.0030659 0.031241 0.00142193 0.00208132 -0.0365366 -0.00175174 -0.0111864 -0.0320831 -0.00275771 -0.00854336 0.0441325 0.000376748 0.000570569 0.0333455 0.00647637 0.045962
internal_weight=6885.06 9.3487 5.14295 1.05051 0.797837 0.677213 4.09244 6875.71 33.6704 28.3265 27.8436 9.28494 18.5587 10.6226 3.26808 1.64342 1.50673 6842.04 2657.56 2596.57 54.3841 46.4526 2542.18 2465.54 76.6407 60.9936 7.93142 4184.48 2084.55 114.924 1969.62 1935.99 33.6304 2099.93 386.543 111.101 275.442 28.1256 86.7982 1713.39 1709.71 58.2465 18.6111 39.6354
internal_count=688323 2520 851 264 205 163 587 685803 27800 23046 22958 1877 21081 12837 405 396 351 658003 122747 119373 919 680 118454 116702 1752 3374 239 535256 89762 6027 83735 80338 3397 445494 419951 405802 14149 645 5382 25543 22039 3343 412 2931
is_linear=0
shrinkage=0.08


Tree=166
num_leaves=45
num_cat=0
split_feature=11 4 8 8 2 3 6 1 6 4 4 11 2 6 4 3 2 0 2 7 10 3 7 4 3 1 2 2 1 0 4 0 7 7 8 3 11 8 3 8 8 1 8 10
split_gain=2.36571 3.80801 3.53964 7.25345 4.81506 4.48864 4.1947 3.78385 21.8972 2.50165 18.6727 18.4943 9.40597 7.17838 9.93754 7.40798 7.15839 11.7453 6.01876 11.5976 5.7772 15.8421 5.22359 5.03255 4.70396 4.35565 11.5903 17.0072 9.9756 9.89477 9.3756 5.84385 4.09695 4.98243 4.64417 2.79897 2.45871 3.10244 2.16471 5.55238 2.44839 2.03243 1.98456 2.43254
threshold=0.99925094842910778 0.58571431040763866 0.96788921952247631 0.95090001821517955 0.61620295047760021 0.85880398750305187 0.56711712479591381 0.87206766009330761 0.2149859964847565 1.0000000180025095e-35 0.16025641560554507 0.693914294242859 0.45923791825771337 0.45049019157886511 0.19090909510850909 0.73606809973716747 0.68870675563812267 0.69282051920890819 0.45748709142208105 0.88473191857337963 0.75000000000000011 0.54669988155365001 0.64624765515327465 0.2264957278966904 0.79469618201255809 0.64326766133308422 0.75716626644134533 0.64899963140487682 0.63944444060325634 0.67041200399398815 0.30384616553783422 0.6832355558872224 0.39192584156990057 0.39036004245281225 0.33267457783222204 0.48331478238105779 0.6632291078567506 0.5219806730747224 0.8521554470062257 0.85773810744285595 0.92337051033973705 0.48528139293193823 0.62880185246467601 1.0000000180025095e-35
decision_type=2 2 2 2 2 2 2 2 2 2 2 2 2 2 2 2 2 2 2 2 2 2 2 2 2 2 2 2 2 2 2 2 2 2 2 2 2 2 2 2 2 2 2 2
left_child=9 -2 3 5 -5 38 -7 -6 -9 11 24 16 13 14 -12 -16 20 -18 23 -20 21 -1 -23 -15 -11 26 27 -14 -28 30 -27 -31 33 -22 -34 -13 37 -19 40 -40 -3 -37 43 -43
right_child=1 2 -4 4 7 6 -8 8 -10 10 12 35 25 18 15 -17 17 36 19 -21 32 22 -24 -25 -26 29 28 -29 -30 31 -32 -33 34 -35 -36 41 -38 -39 39 -41 -42 42 -44 -45
leaf_value=0.086777167078697842 0.085702592149283885 0.019119159932133718 0.071909373723957185 -0.30880368762814542 -0.02566821137155216 0.060797345327513068 -0.30138940581282236 -0.12536911617364982 -2.1314950759937119 -0.081875077166546809 -0.090480475964035897 -0.099692948201032763 -0.004037306006145892 -0.058076133770615844 0.060301753499861402 0.3937142617912216 0.11394445345611796 -0.083341719541509512 -0.080317578543213738 1.4803956904994815 0.071048257843966456 -0.047112770486837048 0.033494193457223161 0.016892091447476519 0.058805916693559848 -0.014240585774356865 0.053687202047211516 -0.040915671322882083 -0.12305229926805632 -0.085171469664998889 0.088787021244756834 -0.00083575166357573844 -0.021278936942031982 0.6030207005652265 0.00060335024527338125 -0.14600219927530464 0.051170452648617748 -0.3490574528475458 -0.72064413095510094 0.085156936868177727 -0.084390511725206341 -0.095023969720363741 0.084604968076155987 0.052946731186581428
leaf_weight=17.817982936872795 4.9475401267845873 3.6924573194992343 4.8241711846712851 0.53482085625000664 4.4104697621660307 10.709317546272358 0.20863892161287445 0.9323937040317104 0.036172841500956565 22.125606849343971 2.8703337226770591 0.62960373610258358 430.62975560513132 7.7729344986046334 33.423233242250717 0.43200978745699004 7.9753350666996976 1.4393278849929632 0.075444569353748103 0.051119327545166016 3.0778168264769188 13.002199044083683 8.5146233558771183 21.812732756851801 1.6334540850848487 9.0121840402907782 27.430716502090039 98.302620583610405 2.2084106516404054 5.2649946282735973 15.165485320289006 4219.0208802472225 64.278899284516228 0.11696086712618115 1808.8161985938677 0.27355351112783211 0.60617453722807102 0.34951055934652675 0.099317735744989366 0.12189579193363898 2.42170179313689 0.83199154907197481 20.900213891094609 4.8906060323206475
leaf_count=6497 4754 643 10699 25 325 10022 22 908 28 89799 8391 5 146170 10517 14777 110 2387 591 349 1 866 12003 460 4420 1754 6449 2123 20759 154 1936 1408 267175 928 63 54329 5 39 4 26 60 288 29 5746 279
internal_value=-0.000385319 0.0210029 0.0095671 -0.00341462 -0.0798733 0.0227928 0.0538761 -0.0571114 -0.200291 -0.000488155 -0.00145369 0.00193232 -0.00110877 0.0287866 0.0524392 0.0645563 0.00100176 0.0672888 -0.000449041 0.550057 0.000642914 0.0309857 -0.015215 -0.00280404 -0.0722031 -0.00152196 -0.00816328 -0.0108912 0.0405183 -0.000648781 0.0503837 -0.000940865 6.80407e-06 0.0905238 -0.000147583 0.0670435 -0.0880735 -0.135258 -0.030774 -0.276622 -0.021879 0.0709466 0.0731758 0.0314337
internal_weight=6883.69 32.9389 27.9914 23.1672 5.91386 17.2533 10.918 5.37904 0.968567 6850.75 4897.23 1953.52 4873.47 66.4378 36.7256 33.8552 1926 10.3703 29.7122 0.126564 1915.62 39.3348 21.5168 29.5857 23.7591 4807.04 558.572 528.932 29.6391 4248.46 24.1777 4224.29 1876.29 3.19478 1873.1 27.526 2.39501 1.78884 6.33537 0.221214 6.11416 26.8964 26.6228 5.7226
internal_count=688323 27800 23046 12347 1286 11061 10044 1261 936 660523 576292 84231 484739 38565 23278 14887 78167 3021 15287 350 75146 18960 12463 14937 91553 446174 169206 166929 2277 276968 7857 269111 56186 929 55257 6064 634 595 1017 86 931 6059 6054 308
is_linear=0
shrinkage=0.08


Tree=167
num_leaves=45
num_cat=0
split_feature=12 0 3 2 1 2 7 3 6 0 3 0 0 2 2 7 7 3 0 1 3 1 3 11 0 0 0 6 6 11 2 6 11 7 3 0 11 2 10 7 7 1 2 11
split_gain=2.80573 3.77362 11.0823 8.72878 5.75488 5.10936 7.42663 9.54419 7.53233 6.60743 8.28761 6.07633 6.31466 4.79662 5.19949 6.70693 6.43303 5.67231 5.41476 5.12028 3.93528 3.82161 5.37165 5.04654 4.73105 5.94672 6.15789 5.80507 4.77094 4.63991 4.42171 3.8018 3.64754 3.9505 3.3976 3.04993 2.68373 7.83365 7.68987 11.8999 6.24058 7.12957 33.1668 5.83517
threshold=1.0000000180025095e-35 0.63453349471092235 0.71834936738014232 0.24525599926710132 0.64326766133308422 0.64747309684753429 0.45341086387634283 0.74133810400962841 0.32305502891540533 0.65030118823051464 0.7320508360862733 0.67041200399398815 0.91331186890602123 0.75716626644134533 0.60640108585357677 0.93369963765144359 0.92352676391601574 0.74322345852851879 0.65485891699790966 0.62115561962127697 0.7320508360862733 0.51316702365875255 0.71010184288024913 0.34111164510250097 0.35388994216918951 0.61311829090118419 0.57284301519393932 0.027402402833104137 0.064866758882999434 0.50435090065002453 0.68457102775573742 0.3551971316337586 0.3507265597581864 0.50658008456230175 0.71346470713615429 0.61143791675567638 0.79175817966461193 0.45512083172798162 1.0000000180025095e-35 0.46437034010887152 0.46683587133884435 0.89377820491790783 0.90054944157600414 0.67497169971466076
decision_type=2 2 2 2 2 2 2 2 2 2 2 2 2 2 2 2 2 2 2 2 2 2 2 2 2 2 2 2 2 2 2 2 2 2 2 2 2 2 2 2 2 2 2 2
left_child=36 2 21 -4 13 6 7 20 -8 10 -7 31 -13 14 15 16 -3 19 -19 -16 -6 24 23 -23 27 26 -26 29 -29 -2 -25 -11 -5 35 -10 -34 38 -38 39 -1 41 -41 -43 -40
right_child=1 4 3 32 5 9 8 -9 34 11 -12 12 -14 -15 17 -17 -18 18 -20 -21 -22 22 -24 30 25 -27 -28 28 -30 -31 -32 -33 33 -35 -36 -37 37 -39 43 40 -42 42 -44 -45
leaf_value=-0.081067750009334333 0.1650177910962401 -0.0075981762625702397 -0.13091199456189348 0.21203381676939001 -0.071979272494023055 -0.67087390633052746 0.056008206388860365 0.059315424992837741 -0.11588750922562806 0.10026658900360964 0.034137645630017505 -0.0075676177519684732 0.0049702701876024212 0.042088799846760158 -0.097673973894335311 0.054131837622967957 -0.15851430630275537 0.099532564674660734 -0.024121365653037224 -0.006625500758804438 -0.33540876909966016 0.27909940383938076 -0.13722922285847336 0.045336075714325866 -0.012947889334740129 0.10732497398988279 -0.11756015933248209 -0.094152641286420022 0.0074289136971184538 0.013039053614855719 -0.21929187209379969 -0.071771831710269102 0.047531798080249425 0.090196985275817015 0.001162106532238379 -0.10030029742673963 0.064531039978501514 -0.0042762192957725908 -7.4592984973674285e-05 -0.080031591820720685 -0.010749845275266422 1.9087168761570619 -0.080273114998732173 0.014815057625823249
leaf_weight=17.440080799654424 2.6806635977700344 62.319596469547832 1.3563408935442591 1.2349974287208194 7.3770227621498616 0.21069839416304503 37.344309176573006 4.721678292764409 1.9221531619550649 5.8760619648601269 0.21622442327497993 398.4684491619555 724.57704550672861 9.3047322316051559 12.895404737508217 11.596737409738124 1.8616940800566215 2.3523765968275248 62.035637227498228 5.700453902645676 0.38171225547557686 0.58125222031959012 1.068044843726965 20.520655221836936 68.172603543531295 2.4880686100950689 3.8020336739355107 2.9827650027873451 372.42088802967919 2.4705225504003465 0.41222759830270561 0.95580895099556062 2.8714469338592634 14.106267896248026 9.1058842572674603 1.2964177108151487 10.654201453042331 1743.8323815005497 2970.148260796961 0.18302631529331748 99.344103184767846 0.080434700241312385 0.16116581302776467 178.57515217768378
leaf_count=321930 47 2652 27 13 666 14 2209 179 21 345 64 14691 65836 416 456 1998 73 117 1814 234 23 14 62 1545 2737 113 205 75 7886 20 31 94 318 3068 190 124 358 74051 134602 1343 30174 29 66 17393
internal_value=-0.000351933 0.00230427 0.0082583 0.0653279 0.000120766 0.00207609 0.0246573 -0.0303639 0.0388531 0.000860378 -0.313805 0.000979274 0.000521695 -0.0137374 -0.0170093 -0.00185895 -0.0119758 -0.0308441 -0.0196037 -0.0697636 -0.0849394 0.00576503 0.0378878 0.0465812 0.00417081 -0.0142706 -0.018474 0.00777921 0.0066218 0.0921284 0.0401248 0.0761977 0.0789711 0.0699785 -0.0192393 0.0015485 -0.0013348 -0.00385838 2.08911e-05 -0.0200993 -0.00944175 0.296594 0.58191 0.000769851
internal_weight=6878.11 1857.69 498.465 20.8655 1359.22 1191.16 60.8528 12.4804 48.3723 1130.3 0.426923 1129.88 1123.05 168.067 158.762 75.778 64.1813 82.9839 64.388 18.5959 7.75874 477.6 22.5822 21.5141 455.018 74.4627 71.9746 380.555 375.404 5.15119 20.9329 6.83187 19.5091 18.2741 11.028 4.16786 5020.42 1754.49 3265.93 117.209 99.7687 0.424627 0.241601 3148.72
internal_count=688323 108377 16285 3550 92092 84332 3288 868 2420 81044 78 80966 80527 7760 7344 4723 2725 2621 1931 690 689 12735 1652 1590 11083 3055 2942 8028 7961 67 1576 439 3523 3510 211 442 579946 74409 505537 353542 31612 1438 95 151995
is_linear=0
shrinkage=0.08


Tree=168
num_leaves=45
num_cat=0
split_feature=12 0 3 4 2 0 0 8 4 10 3 4 4 2 3 4 4 10 0 2 2 7 6 6 2 6 7 6 4 3 2 7 2 3 0 3 1 4 6 2 6 0 7 1
split_gain=1.95742 3.7956 11.172 15.0228 14.9972 11.6475 12.8449 10.3872 9.21077 8.22336 7.92024 10.6801 7.41201 23.4382 11.2655 10.4793 16.5255 8.1296 6.97289 8.50341 6.21133 7.66218 6.06614 5.93855 8.69101 16.8925 8.81651 9.89398 7.70643 5.75858 5.6941 5.40062 6.14669 5.33046 5.04297 4.68662 5.76839 8.7629 5.40586 4.26898 3.84887 3.64322 3.80752 6.77867
threshold=1.0000000180025095e-35 0.91331186890602123 0.908033847808838 0.58571431040763866 0.87585616111755382 0.90054944157600414 0.87841832637786876 0.83589988946914684 0.55050507187843334 1.0000000180025095e-35 0.93063354492187511 0.30384616553783422 0.61250001192092907 0.83424907922744762 0.78086888790130626 0.58571431040763866 0.5634920895099641 0.35000000149011617 0.90054944157600414 0.75123763084411632 0.59675306081771862 0.83680707216262828 0.059411764144897468 0.42997199296951299 0.84028983116149913 0.24037037044763568 0.88473191857337963 0.27178031206130987 0.78888890147209179 0.92031747102737438 0.59317129850387584 0.47084967792034155 0.88273492455482494 0.79469618201255809 0.76506900787353527 0.87585616111755382 0.70299971103668224 0.61250001192092907 0.47114317119121557 0.86526826024055492 0.1123737394809723 0.91945946216583263 0.43259048461914068 0.9495762586593629
decision_type=2 2 2 2 2 2 2 2 2 2 2 2 2 2 2 2 2 2 2 2 2 2 2 2 2 2 2 2 2 2 2 2 2 2 2 2 2 2 2 2 2 2 2 2
left_child=-1 2 4 7 12 6 -5 18 20 -8 11 -9 15 14 -14 16 -2 -15 39 -20 21 -3 -12 24 25 33 27 -26 -28 -7 -23 32 -6 -10 -17 -25 38 -38 -37 -4 -31 -22 43 -43
right_child=1 8 3 5 31 29 9 10 23 -11 22 -13 13 17 -16 34 -18 -19 19 -21 41 30 -24 35 26 -27 28 -29 -30 40 -32 -33 -34 -35 -36 36 37 -39 -40 -41 -42 42 -44 -45
leaf_value=-0.0012967283398116799 -0.00068007557251755695 -0.044008206220080698 0.010394586132820025 -0.00084368154565982005 -0.21034904416601227 0.047632639838902265 -0.11919370038502035 0.068413046581880382 0.015760842725739185 -0.26778679122808063 -0.15455379566437061 -0.12186608531058628 -0.063208878491426063 -0.1227367948422495 0.042259944948916071 -0.073426050186518627 -0.17296490436812584 -0.33305377215751003 -0.25529724520875829 -0.02107329032158806 0.095908603635095194 0.065059738491337338 0.011677429462932733 -0.11530334294290195 -0.0065136096013735838 0.0060880023510005675 0.043097125845477854 -0.15786542753856822 -0.010039435369746464 -0.099427588571408376 -0.418155183487886 0.085513383279872013 0.034006027295332801 0.076460487799126287 0.032797054350885299 0.061975596514498826 -0.18039194056609412 -0.020774405565084444 -0.017887392976068197 0.064207588968090951 -0.0098594938468764409 0.010828643577317923 0.043060824057401172 -0.22140208542130041
leaf_weight=5008.2184742066656 811.40484001128425 14.169750594635845 31.210173269741063 3.8737812464823973 0.83687917445786597 4.7264125172514495 6.7881945785193221 2.2634122031668111 12.698156037931765 3.6734965895302594 1.5709476694319153 11.378122136986347 12.092058201975311 3.7199186404832281 13.9695062933024 2.9703774516819967 3.578923449436842 1.7201784299686549 1.1219387167948287 8.565125139342852 6.6196654713567105 7.5545340455137184 13.297896007796224 3.3956222823908311 333.22618168421468 179.28641698860156 45.611600953518064 2.7873614571726639 28.310276833359239 6.371483801311113 0.15936427266569797 17.963360576613923 3.0968423327431083 34.188713369905599 77.265731609601062 6.8191482051624908 3.1826322461856744 7.1385234273911919 26.521267966512823 13.522551367765116 5.9265434974513482 13.431109151031702 57.559376965480624 0.85567225067643526
leaf_count=580598 26013 514 1531 69 31 177 83 402 1879 136 102 377 419 67 515 153 134 29 23 303 406 1674 1228 47 22651 6774 8578 58 14845 84 31 1790 115 4443 3025 290 229 307 896 729 244 486 6359 63
internal_value=-0.000475879 0.00175058 -0.00136358 -0.0249927 0.00148328 -0.0721588 -0.12529 -0.00715695 0.00597521 -0.17137 -0.0462734 -0.0902948 -6.29284e-05 -0.038203 -0.00667553 0.00127917 -0.00143665 -0.18924 0.013336 -0.0482007 0.028607 -0.00908113 -0.00588551 0.00265085 0.00467953 0.0172687 -0.00226627 -0.00776913 0.0227471 -0.0274196 0.0550768 0.0669214 -0.0179793 0.0600215 0.0288646 -0.0247724 -0.0177317 -0.0699941 -0.00155294 0.0266621 -0.0562638 0.0391181 0.0338856 -0.00308025
internal_weight=6854.64 1846.42 1062.91 114.29 948.619 31.3599 14.3355 82.9302 783.515 10.4617 28.5104 13.6415 926.722 31.5017 26.0616 895.22 814.984 5.4401 54.4198 9.68706 100.349 21.8836 14.8688 683.166 636.109 226.173 409.935 336.014 73.9219 17.0244 7.7139 21.8971 3.93372 46.8869 80.2361 47.0572 43.6616 10.3212 33.3404 44.7327 12.298 78.4658 71.8462 14.2868
internal_count=688907 108309 37779 5488 32291 793 288 4695 70530 219 2109 779 30355 1030 934 29325 26147 96 2586 326 9533 2219 1330 60997 59228 13096 46132 22709 23423 505 1705 1936 146 6322 3178 1769 1722 536 1186 2260 328 7314 6908 549
is_linear=0
shrinkage=0.08


Tree=169
num_leaves=45
num_cat=0
split_feature=11 8 1 4 5 4 0 0 4 6 2 1 0 5 6 3 0 7 11 4 10 2 4 10 8 2 2 7 7 8 2 3 11 4 1 3 6 2 2 10 7 1 6 3
split_gain=1.63812 13.4289 8.55726 7.76092 11.2691 11.7193 11.2001 9.93939 8.71104 10.2929 10.0164 8.44425 12.0685 11.4151 7.87295 7.67556 7.04087 5.12682 7.19695 11.2916 6.51193 6.51157 5.70149 6.58221 8.24172 4.6153 4.4074 5.98812 4.20702 5.64161 4.91683 3.56196 3.48839 9.91836 7.16494 12.4364 7.21227 8.68329 5.10263 5.79383 4.62445 8.94509 6.85144 5.39807
threshold=0.87885946035385143 0.76728257536888134 0.98147514462471019 0.5634920895099641 1.0000000180025095e-35 0.58571431040763866 0.908033847808838 0.93643954396247875 0.76388889551162731 0.26726190745830541 0.63453349471092235 0.83424907922744762 0.87428161501884472 1.0000000180025095e-35 0.45889639854431158 0.93201079964637767 0.99504950642585765 0.87112742662429821 0.95835033059120189 0.73030304908752453 0.35000000149011617 0.78910306096076976 0.86190477013587963 1.0000000180025095e-35 0.31045190989971166 0.85565477609634411 0.65240275859832775 0.86712586879730236 0.94349297881126415 0.6683848798274995 0.4246212244033814 0.79469618201255809 0.86260303854942333 0.38750000298023229 0.81302964687347423 0.93683511018753063 0.12613636255264285 0.94609123468399059 0.88273492455482494 0.75000000000000011 0.92352676391601574 0.80982521176338207 0.44246532022953039 0.69804355502128612
decision_type=2 2 2 2 2 2 2 2 2 2 2 2 2 2 2 2 2 2 2 2 2 2 2 2 2 2 2 2 2 2 2 2 2 2 2 2 2 2 2 2 2 2 2 2
left_child=32 16 3 7 8 6 -6 11 9 -5 -10 13 -13 -3 25 -7 26 22 19 20 -19 -21 -18 31 -25 -9 27 -2 30 -30 -20 -24 -1 -34 40 38 37 -37 39 -36 41 42 -35 -42
right_child=1 2 -4 4 5 15 -8 14 10 -11 -12 12 -14 -15 -16 -17 17 18 28 21 -22 -23 23 24 -26 -27 -28 -29 29 -31 -32 -33 33 34 35 36 -38 -39 -40 -41 43 -43 -44 -45
leaf_value=-0.00074535264814806464 -0.17426427472177292 0.020095430807237726 0.056056357463724525 -0.023385072756562836 -0.13326643882133138 0.010385476686396763 -0.0059669678235384676 0.059969597702787168 0.18797450205228733 -0.081278248555076121 -0.0011884897795727198 0.056975379120737295 -0.0037448718085955636 -0.031189965242232547 0.0072957940886849131 -0.0052988821945690427 0.021752674812842723 0.084654720666473809 -0.23013419202598168 -0.32211730644486286 -0.089402978506384179 -0.10034136344684937 0.089478296668256463 -0.68778233625728324 0.028654138417536456 0.0053604517825071273 0.052088604956025034 0.021368165649329349 0.027220234922626901 -0.1039293865954429 0.030760152239852307 -0.10991181464856695 0.039595689933640307 0.0018978936832115927 -0.0040713416651032321 -0.12443280227672597 -0.00077977382723107465 -0.014397187058771908 0.086415870036915268 0.067513081641468853 -0.11765580512906108 -0.17283767472545286 -0.088831412258200779 -0.0401032838067494
leaf_weight=4854.7179893776338 1.2824836114887137 40.827546753687784 16.458847287965909 81.572139321579016 8.4477024300140346 275.01111290311383 9.2851891618483915 45.883173272974091 1.9020288584288199 25.893583291050163 30.832059269712772 31.70042864739662 61.769173962486093 86.889087161340285 62.167178979434539 729.10425092113292 166.51154786976986 3.6458386762533319 0.4719293115194948 0.98530349681095675 2.2092026554746553 6.0494156700297026 0.63562629569787343 0.10417371580842871 7.5957476071780547 12.63170808360155 47.304365343137761 4.5681182282278314 4.0577197202328517 4.3490811651645345 22.687031136752921 5.8577412816812284 21.561593817314133 42.179087426629849 26.55461953044869 9.3385477890260535 19.838561946060508 9.026139190013053 7.8813957371748975 9.9466424912097846 6.8566175717860451 2.2473659617826334 6.0967631191015235 35.403977010864764
leaf_count=553360 35 1122 42498 4203 83 8680 321 3046 41 2092 1381 1553 5017 1793 4453 33397 4038 48 18 77 139 510 33 66 4548 2452 3499 170 1216 944 2342 720 735 589 287 153 501 839 379 576 223 17 74 639
internal_value=-0.000430573 0.00164264 -0.00131486 -0.00194273 -0.00505984 -0.00214172 -0.0666107 0.00865267 -0.0263286 -0.0373343 0.00980291 -0.00142321 0.0168485 -0.0147954 0.0271197 -0.00100319 0.0177989 0.0116164 -0.0127219 -0.0630936 0.0189799 -0.131404 0.0176039 -0.0310682 0.0189613 0.048181 0.0439872 -0.0215155 0.00784724 -0.0406273 0.0254437 -0.0903938 -0.00116876 -0.0116066 -0.0179019 -0.000762225 -0.0342233 -0.0703509 0.0280401 0.0154355 -0.0331577 -0.0168232 -0.00956032 -0.0526859
internal_weight=6850.34 1798.69 1520.38 1503.92 1162.05 1021.85 17.7329 341.868 140.2 107.466 32.7341 221.186 93.4696 127.717 120.682 1004.12 278.315 225.16 44.4555 12.8898 5.85504 7.03472 180.705 14.1933 7.69992 58.5149 53.155 5.8506 31.5658 8.4068 23.159 6.49337 5051.65 196.931 175.37 82.5859 38.2032 18.3647 44.3827 36.5013 92.7838 50.5232 48.2759 42.2606
internal_count=688907 130535 112132 69634 50198 42481 404 19436 7717 6295 1422 9485 6570 2915 9951 42077 18403 14699 5294 774 187 587 9405 5367 4614 5498 3704 205 4520 2160 2360 753 558372 5012 4277 2735 1493 992 1242 863 1542 680 663 862
is_linear=0
shrinkage=0.08


Tree=170
num_leaves=45
num_cat=0
split_feature=8 8 12 6 11 6 1 6 0 2 2 2 0 1 1 7 7 6 0 1 7 10 2 8 7 5 0 6 10 10 8 5 11 2 6 11 5 2 8 2 0 0 7 10
split_gain=1.62906 6.14996 9.28511 10.0725 6.28544 10.6297 8.64775 7.17021 6.35833 5.99301 5.73608 11.8918 8.64165 5.55873 5.48183 13.7113 5.49321 5.516 5.3336 9.12233 9.08662 5.01127 4.90662 10.6624 4.8349 4.70372 4.83663 4.48506 5.94688 13.2321 8.50344 5.56811 8.21774 5.18021 4.43748 4.33338 4.30139 7.12973 4.24493 4.2015 4.13108 10.2121 8.28243 14.5354
threshold=0.89672946929931652 0.87885582447052013 1.0000000180025095e-35 0.34514106810092932 0.87885946035385143 0.32037734985351568 0.73375529050827037 0.32305502891540533 0.90521115064620983 0.73375529050827037 0.90815371274948131 0.8521554470062257 0.908033847808838 0.80982521176338207 0.87585616111755382 0.95672976970672619 0.96186840534210216 0.094044812023639693 0.86240702867507946 0.75716626644134533 0.91388580203056347 1.0000000180025095e-35 0.88047617673873912 0.96015870571136486 0.8015151619911195 1.0000000180025095e-35 0.91945946216583263 0.74322345852851879 0.75000000000000011 1.0000000180025095e-35 0.90336728096008312 1.0000000180025095e-35 0.52797809243202221 0.63453349471092235 0.46737588942050939 0.99347805976867687 1.0000000180025095e-35 0.81530213356018078 0.43765547871589666 0.96808147430419933 0.91024166345596325 0.88493064045906078 0.9388999640941621 1.0000000180025095e-35
decision_type=2 2 2 2 2 2 2 2 2 2 2 2 2 2 2 2 2 2 2 2 2 2 2 2 2 2 2 2 2 2 2 2 2 2 2 2 2 2 2 2 2 2 2 2
left_child=1 4 3 10 -1 6 8 -7 9 -6 11 13 -13 -3 15 27 22 -18 19 -8 -20 34 23 36 -9 -12 -27 28 29 33 -31 32 -30 -2 -5 -19 37 -16 -26 -24 41 -4 43 -43
right_child=14 2 40 21 5 7 18 24 -10 -11 25 12 -14 -15 16 -17 17 35 20 -21 -22 -23 39 -25 38 26 -28 -29 31 30 -32 -33 -34 -35 -36 -37 -38 -39 -40 -41 -42 42 -44 -45
leaf_value=-0.0016833979269436003 0.050314014785923095 -0.042369650023070853 0.005240815670905963 -0.0058623505003618107 0.06386818067832617 -0.11577186866338599 -0.19575290791555119 0.015017976615092634 0.11582212628039822 -0.027098148025227611 0.11572698628597351 -0.027119646805357858 -0.1230301918198342 0.0023030109588716412 -0.024265732907261622 -0.0025338835613758588 -0.02015105062718477 0.034429889509060001 0.0049948969737619552 -0.013784933171278465 0.028151243001853732 0.017927313114359463 -0.016730501614665386 -0.60862205354070587 -0.09577253020150156 0.1098019095438388 -0.025061969714615193 -0.019994718201956616 0.050694330222249395 0.059934818136479349 -0.06886955431482468 0.042934141536843773 3.5681539073302625e-05 0.010710388501301875 -0.10352090641027312 -0.028509168750195383 -0.011757737041228532 -0.18883560138848515 -0.010736708452256697 0.066829431433793343 0.028455024978142465 -0.040507166460237547 0.089506282885660232 -0.34539581664893282
leaf_weight=4257.4177582912798 23.643820669909474 54.05093633470824 49.174980547060841 9.1078736400231701 12.743554144399246 3.9125968459993592 1.9653020913247043 52.14252121001482 7.8254496500012456 7.2848105747252694 2.1722686476277913 9.2487686335225607 17.181531488298788 26.599651751952479 3.631166019404187 741.28969538606907 29.361065672446784 40.86397451585799 462.17127990661538 17.143668023636565 141.70598081280696 43.663075016753282 121.87128978071996 0.22616572776314647 3.8324324965942642 1.9247135558398447 14.700567193511233 22.114342668530298 29.049857971025631 3.9246885182801661 19.978831179643748 84.549462629540358 69.58279028031393 199.42168156665866 4.4243215383030465 8.4485594543220923 7.1810183365669218 3.1432383249193663 190.99091874042642 3.9767964552302137 37.591633457672287 2.4899220997467628 1.0383244690601712 1.6732611835468558
leaf_count=539823 210 750 1614 50 363 62 57 963 312 130 125 249 510 784 734 30317 18782 3760 29971 633 19276 796 5904 39 133 92 1885 495 182 84 365 4439 1937 1308 57 3491 994 237 4453 7567 4698 23 117 136
internal_value=-0.000390618 -0.00101971 -0.0126757 -0.0230938 -0.000398314 0.00566915 0.0110619 -0.00832096 0.0546734 0.0307815 -0.0357426 -0.0428978 -0.0894682 -0.027636 0.00203005 0.0041636 -0.0096136 0.00730136 0.00911201 -0.0324998 0.0104288 0.00474442 -0.019117 -0.063727 -0.00661865 0.00501673 -0.00944874 0.0151412 0.0169475 0.00884642 -0.0477213 0.0278696 0.014956 0.0149082 -0.0377916 0.0236467 -0.0548963 -0.100624 -0.0124095 -0.01409 0.00806287 -0.00603466 -0.112633 -0.163048
internal_weight=6846.44 5434.18 275.042 183.074 5159.14 901.719 650.84 250.878 27.8538 20.0284 125.878 107.081 26.4303 80.6506 1412.26 1193.56 218.703 78.6736 622.986 19.109 603.877 57.1953 140.03 14.1816 246.966 18.7975 16.6253 452.265 430.151 246.969 23.9035 183.182 98.6326 223.066 13.5322 49.3125 13.9554 6.7744 194.823 125.848 91.9681 54.3765 5.20151 4.16318
internal_count=688907 608062 11886 5298 596176 56353 50742 5611 805 493 4395 2293 759 1534 80845 39337 41508 26033 49937 690 49247 903 15475 2004 5549 2102 1977 9020 8525 1967 449 6558 2119 1518 107 7251 1965 971 4586 13471 6588 1890 276 159
is_linear=0
shrinkage=0.08


Tree=171
num_leaves=45
num_cat=0
split_feature=11 4 5 4 3 3 0 7 7 8 4 4 7 1 4 8 1 11 8 1 1 7 1 7 11 11 8 3 7 3 0 8 7 7 1 3 11 5 1 11 4 5 11 8
split_gain=1.79348 7.68783 6.80562 7.68991 6.91602 6.8446 9.60009 6.65526 7.31169 10.6534 10.4825 5.2946 5.25558 5.10994 4.45793 7.81831 4.98642 4.10114 3.94283 6.99329 3.60991 4.21293 3.41045 2.7773 10.2067 2.51754 9.75438 12.2208 10.2823 11.0803 10.3043 8.02234 8.5815 7.72167 5.61938 11.1808 7.91793 13.5163 5.91145 5.5519 6.98989 4.21354 4.18881 6.0334
threshold=0.93687388300895702 0.41428571939468389 1.0000000180025095e-35 0.70714285969734203 0.69804355502128612 0.9529346525669099 0.92718276381492626 0.86287939548492443 0.94925981760025036 0.90021643042564403 0.5634920895099641 0.90873014926910411 0.8975815773010255 0.77003204822540294 0.80909091234207164 0.92870518565177929 0.79095324873924266 0.94001403450965892 0.95090001821517955 0.92907443642616283 0.90366768836975109 0.84791302680969249 0.71834936738014232 0.85258609056472789 0.94001403450965892 0.86260303854942333 0.76728257536888134 0.91331186890602123 0.90957191586494457 0.89512962102890026 0.87585616111755382 0.89672946929931652 0.97311750054359447 0.97735819220542919 0.91545844078063976 0.93419912457466137 0.92001473903656017 1.0000000180025095e-35 0.68108487129211437 0.87885946035385143 0.83974358439445507 1.0000000180025095e-35 0.92001473903656017 0.44215816259384161
decision_type=2 2 2 2 2 2 2 2 2 2 2 2 2 2 2 2 2 2 2 2 2 2 2 2 2 2 2 2 2 2 2 2 2 2 2 2 2 2 2 2 2 2 2 2
left_child=25 -2 7 4 -4 6 -6 17 9 12 -11 14 -9 -7 16 -16 -5 20 22 -20 -3 -22 -10 24 -13 -1 39 28 29 41 -31 33 -33 -30 36 -36 37 -29 -38 -27 42 -28 -41 -44
right_child=1 2 3 11 5 13 -8 8 18 10 -12 23 -14 -15 15 -17 -18 -19 19 -21 21 -23 -24 -25 -26 26 27 34 31 30 -32 32 -34 -35 35 -37 38 -39 -40 40 -42 -43 43 -45
leaf_value=0.00098557395761779041 0.055729265492294122 0.073579779049922092 -0.2600843509745131 -0.021498558891775901 -0.017198706417312106 -0.0006003922793900991 0.059254206201983121 -0.050253490730657567 -0.044267383743619007 -0.31664870537274986 -0.074439740128916507 0.080755928184696332 0.012469009483290586 0.019711273879323084 -0.041958281964237544 0.026175791194751708 0.0040115569396913207 0.10418530356952795 -0.043864581473770689 0.072005908672170216 -0.019287312275038347 -0.36144013928337515 0.029990489294993688 0.053156991202537744 -0.4963750617823795 -0.010400151888975971 0.0028915149487943699 0.028398187716463897 -0.032873789887077398 -0.11339667333069126 0.008328606036554876 0.015462707976744757 -0.018053644122026261 0.026713972114099458 0.068036870484663836 -0.013627470061093994 -0.066985151392479361 -0.042629797650586346 -0.0013820285306669628 0.026490174337008475 -0.035886091604631437 0.048235577091399591 -0.10585281857478077 0.0067437076030894931
leaf_weight=4847.5001109907462 18.022388446937839 1.0264117019250982 0.58844289748230849 58.569007182508358 14.011811035379649 154.21327507241949 42.078616218102979 15.303367711079771 4.6470892122015384 1.2257262379280316 17.061307685107749 0.66959095622587383 19.373325275890238 163.11303958526696 41.720625786430901 14.533379972912369 301.39230394372862 4.6111920471885242 19.694335853913802 4.0128688355107434 0.6560612848261369 0.35491001821355894 26.704751632998523 14.402561074866751 0.27735242347989697 66.84493448768626 16.80106226040516 19.310731879595551 89.513097921066219 6.2177701182663467 15.661924763349814 135.28116356325336 76.560240839113249 16.480488385161152 13.041184798901666 60.537532705522608 9.6393828853615542 153.00338480502251 99.848536360397702 150.0849252097687 15.311774495785356 59.789565994287841 3.3120028932316918 37.88509664585581
leaf_count=552333 2724 22 25 1048 1698 5803 3569 817 147 68 812 769 1498 13414 817 463 13811 276 4412 1649 68 23 3702 38608 338 2272 749 979 2135 57 613 3093 3535 834 862 5620 193 2863 2745 4529 4652 1755 181 1386
internal_value=0.000735031 0.00398359 0.00297018 0.00556585 0.0139621 0.0143939 0.0401557 -0.0152645 -0.0200458 -0.0412668 -0.0906743 -0.00171052 -0.0152114 0.00984027 -0.00341218 -0.0243557 -0.000139173 0.0624208 0.000367615 -0.0242514 -0.0321045 -0.139403 0.0189837 0.0444314 -0.0882813 0.000217773 -0.00334344 -0.00794405 0.00135761 0.0239456 -0.0262633 -0.00564052 0.00334978 -0.0236087 -0.0188403 0.000846821 -0.0239807 -0.0346699 -0.00715777 0.00964018 0.0161244 0.0382888 0.0202877 -0.00230839
internal_weight=6830.89 938.264 920.241 805.57 374.005 373.417 56.0904 114.671 108.023 52.9637 18.287 431.565 34.6767 317.326 416.215 56.254 359.961 6.64858 55.059 23.7072 2.03738 1.01097 31.3518 15.3495 0.946943 5892.62 1045.12 771.686 416.305 98.4703 21.8797 317.835 211.841 105.994 355.381 73.5787 281.802 172.314 109.488 273.439 206.594 76.5906 191.282 41.1971
internal_count=687967 96581 93857 80363 24509 24484 5267 13494 13105 3195 880 55854 2315 19217 16139 1280 14859 389 9910 6061 113 91 3849 39715 1107 591386 39053 26033 12771 3174 670 9597 6628 2969 13262 6482 6780 3842 2938 13020 10748 2504 6096 1567
is_linear=0
shrinkage=0.08


Tree=172
num_leaves=45
num_cat=0
split_feature=11 4 5 6 4 6 1 3 7 1 1 6 6 6 3 4 7 11 7 6 3 4 7 7 8 8 7 11 11 4 4 11 8 3 3 4 5 0 4 6 1 3 1 7
split_gain=1.54454 6.83772 5.72018 7.11986 6.5764 6.9387 10.8412 6.5336 8.31724 6.17603 9.11756 5.97927 9.52668 7.51591 11.5739 7.00472 5.76529 6.48857 6.97553 4.43238 4.3168 4.09612 3.8127 3.18186 2.52874 2.37534 5.24853 2.59507 3.48602 3.87257 2.16369 2.1157 8.33444 8.84962 8.3068 13.8865 12.3913 8.11624 6.35991 6.05296 9.45422 10.203 9.7669 8.91358
threshold=0.93687388300895702 0.41428571939468389 1.0000000180025095e-35 0.15450928360223773 0.70714285969734203 0.34330357611179357 0.79784947633743297 0.84028983116149913 0.86287939548492443 0.84273937344551098 0.85565477609634411 0.37394067645072943 0.37617924809455877 0.086335405707359328 0.7320508360862733 0.58571431040763866 0.86287939548492443 0.94001403450965892 0.96636754274368297 0.058257918804883964 0.9740215837955476 0.76388889551162731 0.9388999640941621 0.94349297881126415 0.84384033083915722 0.86976018548011791 0.87540850043296825 0.9652337133884431 0.95556902885437023 0.38750000298023229 0.19090909510850909 0.86260303854942333 0.7881000041961671 0.91331186890602123 0.82952776551246654 0.58571431040763866 1.0000000180025095e-35 0.86391696333885204 0.27922078967094427 0.072077922523021712 0.90999102592468273 0.93419912457466137 0.89377820491790783 0.79262280464172374
decision_type=2 2 2 2 2 2 2 2 2 2 2 2 2 2 2 2 2 2 2 2 2 2 2 2 2 2 2 2 2 2 2 2 2 2 2 2 2 2 2 2 2 2 2 2
left_child=31 25 3 9 11 6 23 22 -9 -3 -11 13 -13 14 -4 -14 24 -18 -19 -8 -15 -12 -7 -6 -5 -2 -27 28 30 -30 -28 -1 -33 34 38 37 -37 -36 -34 40 42 -42 -35 -41
right_child=1 2 4 16 5 7 19 8 -10 10 21 12 15 20 -16 -17 17 18 -20 -21 -22 -23 -24 -25 -26 26 27 -29 29 -31 -32 32 33 39 35 36 -38 -39 -40 43 41 -43 -44 -45
leaf_value=0.00090677867556263449 0.097472539853127885 0.082602163762487552 -0.5568955230241851 0.11536602373560211 0.13918591432846453 -0.025725432591558382 0.041016557127910913 0.066159079256182127 -0.047647972799776755 -0.27312912464508554 -0.021891620281390401 -0.096797224064621171 0.025679142648673749 0.052630438195213784 -0.010259325561551137 -0.0086772827228344378 -0.28922949991933383 -0.050514226961255772 0.0058411461205044122 -0.0014529475098919904 0.021882845699043998 0.031290155278823034 0.083148090333325264 0.037990010087948563 -0.0079374039054125496 -0.42587677885369779 -0.15945995199779409 0.07570570399403917 -0.13753160565102118 0.093767283497565426 0.073594169151095359 0.0074944937707562788 0.1053169060412651 -0.038976534454473279 -0.029485101822992559 -0.034685715417576604 0.044042350387149716 0.012621558044532882 -0.014429693322187059 -0.11653541244447882 0.054356623755956311 -0.031038659069460073 -0.12195330799367757 -0.0077603970671576063
leaf_weight=4847.240209567326 5.4130121934576918 6.5972715990210409 0.24994602889637718 2.372449191985651 4.482893090345895 3.5095121273770911 16.474854055066317 4.5060857784701502 46.732129999349127 0.77343570103403081 18.752742743003182 6.0728198389697345 64.085265563662688 36.923009571823059 30.169696767872665 93.236375030159252 0.63888844993198191 45.347157088515814 20.371663853962673 346.7526118628557 140.1226221345496 18.327658435810008 4.9792847251519561 3.5738564897910692 1.9307702425867317 0.15705194976180692 0.27875308622605954 6.1171865345313563 1.6959076648345219 0.63738008200016327 2.9861206795612816 328.24728382372996 2.8838029077160163 48.00357206130866 57.945419302035589 15.038035819801733 85.77764359372668 59.260118529724423 181.10437104766606 4.9358420830685636 12.841877052589551 29.581173354643397 11.196179719176142 207.95694565937447
leaf_count=552333 392 445 33 52 74 23 38769 73 1007 31 2450 122 3034 3287 6024 2651 39 964 4513 15736 9358 4967 46 126 33 8 30 1690 137 65 402 15568 103 790 1501 434 3107 2491 4568 90 735 3473 186 6007
internal_value=0.000682162 0.00370415 0.0027645 -0.0139121 0.00515849 -0.00156187 0.00250928 -0.0268696 -0.0376393 0.0111729 -0.00127597 0.0129689 0.0015226 0.0219836 -0.0147508 0.00531787 -0.0296924 -0.0355116 -0.0330451 0.000473335 0.0282953 0.00439443 0.0381367 0.0942969 0.0600422 0.0535525 0.0335279 0.0396865 0.000327895 -0.0743481 0.0536961 0.000202979 -0.00306231 -0.00789849 -3.45636e-05 0.0105296 0.032299 -0.00819562 -0.0125528 -0.0179501 -0.0340135 -0.00518866 -0.0546696 -0.0102823
internal_weight=6826.28 934.268 916.983 115.112 801.871 431.011 371.284 59.727 51.2382 44.4511 37.8538 370.86 163.394 207.465 30.4196 157.322 70.6609 66.3577 65.7188 363.227 177.046 37.0804 8.4888 8.05675 4.30322 17.2854 11.8724 11.7153 5.59816 2.33329 3.26487 5892.01 1044.77 716.525 402.009 218.021 100.816 117.206 183.988 314.516 101.623 42.4231 59.1998 212.893
internal_count=687967 96581 93857 13494 80363 55854 54705 1149 1080 7893 7448 24509 5807 18702 6057 5685 5601 5516 5477 54505 12645 7417 69 200 85 2724 2332 2324 634 202 432 591386 39053 23485 12204 7533 3541 3992 4671 11281 5184 4208 976 6097
is_linear=0
shrinkage=0.08


Tree=173
num_leaves=45
num_cat=0
split_feature=2 4 1 2 1 0 4 6 1 2 3 11 6 8 1 3 1 2 3 6 0 2 8 10 4 3 3 1 2 3 0 0 3 3 6 2 0 6 3 6 2 10 3 3
split_gain=1.70679 11.5012 9.78652 15.126 17.9598 9.34931 8.25739 14.5076 7.29659 10.5102 9.0656 8.03723 7.87062 7.26801 7.20885 7.01276 6.68192 6.54131 6.29353 6.28662 6.197 5.5494 5.4529 5.78453 5.4229 4.77201 6.57067 4.76395 14.0107 25.3467 8.48588 7.49521 9.80588 8.26926 4.62618 4.5841 4.29524 4.18919 6.9456 4.25713 4.04907 8.63457 7.25928 5.80487
threshold=0.61143791675567638 0.080128207802772536 0.61311829090118419 0.71834936738014232 0.46234817802906042 0.64565756916999828 0.30384616553783422 0.45260557532310491 0.54261502623558056 0.5388936996459962 0.69804355502128612 0.41083151102066046 0.24037037044763568 1.0000000180025095e-35 0.68870675563812267 0.90366768836975109 0.55612829327583324 0.68020617961883556 0.7243877947330476 0.27622890472412115 0.97646731138229381 0.64051282405853283 0.61577314138412487 0.75000000000000011 0.36931818723678594 0.71346470713615429 0.74133810400962841 0.78086888790130626 0.78086888790130626 0.82952776551246654 0.81892696022987377 0.81530213356018078 0.75905716419219982 0.75582656264305126 0.035098522901535041 0.75513628125190746 0.68599441647529613 0.094044812023639693 0.89927536249160778 0.17445652186870578 0.28759399056434637 0.75000000000000011 0.43792808055877691 0.40312500298023229
decision_type=2 2 2 2 2 2 2 2 2 2 2 2 2 2 2 2 2 2 2 2 2 2 2 2 2 2 2 2 2 2 2 2 2 2 2 2 2 2 2 2 2 2 2 2
left_child=6 22 3 4 17 24 14 8 9 11 12 -8 34 -13 40 37 -12 -3 21 -20 -18 -6 23 35 -4 36 -27 28 30 -30 -7 33 -33 -29 -10 -2 -11 38 -5 -39 41 -1 43 -42
right_child=1 2 5 15 18 27 7 -9 10 25 16 13 -14 -15 -16 -17 20 -19 19 -21 -22 -23 -24 -25 -26 26 -28 31 29 -31 -32 32 -34 -35 -36 -37 -38 39 -40 -41 42 -43 -44 -45
leaf_value=0.074022275685756062 -0.072292157263384005 0.017398747564197025 0.067933328922463065 -0.014593781982890283 -0.042658297982926897 -0.012111228892896153 -0.014917763668374762 -0.011508621335406895 -0.031196321478980504 -0.071124220224676155 -0.055140739776351824 0.19610992900557705 -0.043257948624536545 0.07576667260464548 0.085583048386214264 0.10133403993007833 0.053716021577769273 0.14694304467824162 -0.020406903656672807 -0.072571331721175858 -0.0073424151018215769 -0.12185331650478461 0.081924885013453949 0.083648765482071855 -0.095479441940626214 0.11544770811785625 -0.017320624311962653 0.078158267503844622 -0.092047856739837591 -0.0091912973185791658 0.0029322752178649499 -0.02564167298168938 0.0016834551602481432 0.013344832658653058 0.02046226012029562 0.05354890606748014 0.051451195958098717 0.073378120111426109 -0.36424486354825114 -0.01839365324401528 -0.0095646558668533894 0.0016402527236002826 8.6175843212715804e-05 -0.043768722099556019
leaf_weight=10.619790535746231 5.3515872116813643 8.9194310264938377 17.681904885589578 12.990910834557326 10.480503431865602 339.68414812879746 5.5609651979393666 101.03507721959522 13.210130720603955 6.9992720634818415 4.7121964213292804 3.6145994334947309 20.444259472913473 28.823936526629041 6.3443886079921858 6.2793257977118619 61.219643207017725 3.4632719956671272 46.732333405045665 21.629377782991469 12.875668561140627 12.31886482992604 15.718360926064632 4.5673321929862132 1.402800040643341 4.2401625210659386 5.4543731564608606 15.230750812720542 31.219639112632649 97.185411341914005 817.61578452934646 86.657463463782733 2794.2985975736874 72.895498826832409 69.284695627884503 2.833567578203656 2.4771495025906916 8.5200604435458427 0.37406652704157828 5.2152415911828021 89.504276217639017 1554.6126583015284 332.50661817939908 49.217201828601446
leaf_count=4025 2527 2439 7068 1393 7147 58168 273 10663 2416 1635 504 72 4816 4695 1954 337 5539 315 9469 5060 1185 6190 7716 448 109 452 863 934 2615 6105 43319 5392 183518 5383 10309 282 679 1073 22 1033 8171 31779 233556 6319
internal_value=0.000633304 -0.000293756 -0.000620907 -0.0216741 -0.0367711 5.35801e-05 0.00236049 0.013905 0.0246521 0.0495793 0.016811 0.073943 0.00117776 0.0891764 0.000439314 0.025157 0.0372313 0.0536305 -0.0490506 -0.0369115 0.0431058 -0.0854486 0.0503896 0.01152 0.0559219 0.00128728 0.0407491 -0.000197015 -0.00426496 -0.0293365 -0.00148321 0.00156453 0.000861531 0.0245465 0.01219 -0.028728 -0.0390828 0.00750621 -0.02438 0.0385327 0.000174057 0.00213135 -0.00632729 -0.0217
internal_weight=6822.02 4439.27 4410.8 136.923 103.544 4273.87 2382.76 339.952 238.917 57.1705 181.747 37.9995 102.939 32.4385 2042.8 33.3796 78.8075 12.3827 91.1611 68.3617 74.0953 22.7994 28.4708 12.7525 19.0847 19.171 9.69454 4254.79 1285.7 128.405 1157.3 2969.08 2880.96 88.1262 82.4948 8.18515 9.47642 27.1003 13.365 13.7353 2036.46 1565.23 471.228 138.721
internal_count=687967 358062 347089 34478 30620 312611 329905 44101 33438 8669 24769 5040 17541 4767 285804 3858 7228 2754 27866 14529 6724 13337 10973 3257 7177 3629 1315 305434 110207 8720 101487 195227 188910 6317 12725 2809 2314 3521 1415 2106 283850 35804 248046 14490
is_linear=0
shrinkage=0.08


Tree=174
num_leaves=45
num_cat=0
split_feature=11 6 6 2 2 3 8 8 11 11 6 6 3 3 10 1 10 2 6 2 1 8 3 7 8 2 6 6 3 3 5 3 8 2 3 2 7 2 8 11 10 7 1 7
split_gain=2.32532 3.47749 8.49514 10.2169 12.9863 20.7299 12.4508 6.34087 10.2309 6.19804 8.62616 5.54682 5.53041 14.9998 28.3866 8.89739 14.8908 4.25626 3.52996 13.2784 12.8036 9.71096 9.2275 6.6519 4.5964 4.55035 10.3325 8.31702 4.16498 5.47363 3.62242 2.92284 7.69208 6.56579 7.79056 3.3649 3.64624 2.67004 2.28678 2.22749 6.95513 7.24646 6.8774 7.55059
threshold=0.92749181389808666 1.0000000180025095e-35 0.086335405707359328 0.85565477609634411 0.88774341344833385 0.93063354492187511 0.92113238573074352 0.91683137416839611 0.94001403450965892 0.94286683201789867 0.058257918804883964 0.028991596773266796 0.77459675073623668 0.77032968401908886 0.35000000149011617 0.9569842815399171 0.35000000149011617 0.77003204822540294 0.32037734985351568 0.80735492706298839 0.80982521176338207 0.87531095743179332 0.70064935088157665 0.97735819220542919 0.9631328582763673 0.83424907922744762 0.29198718070983892 0.28035087883472448 0.82952776551246654 0.91010102629661571 1.0000000180025095e-35 0.93419912457466137 0.64226880669593822 0.94494947791099559 0.94494947791099559 0.75513628125190746 0.92009389400482189 0.93127068877220165 0.92870518565177929 0.80284366011619579 1.0000000180025095e-35 0.45341086387634283 0.72627374529838573 0.45536506175994879
decision_type=2 2 2 2 2 2 2 2 2 2 2 2 2 2 2 2 2 2 2 2 2 2 2 2 2 2 2 2 2 2 2 2 2 2 2 2 2 2 2 2 2 2 2 2
left_child=39 12 3 7 5 6 -5 -3 17 11 -11 -6 13 15 -15 16 -2 -9 20 28 22 -21 -4 -24 -23 26 -22 -27 30 -30 -20 32 35 34 37 36 -14 -33 -36 40 41 -1 -43 -44
right_child=1 2 18 4 9 -7 -8 8 -10 10 -12 -13 31 14 -16 -17 -18 -19 19 21 25 24 23 -25 -26 27 -28 -29 29 -31 -32 33 -34 -35 38 -37 -38 -39 -40 -41 -42 42 43 -45
leaf_value=-0.052329538563497549 -0.71504245017432744 0.072948329023678565 -0.14848591754417154 -0.11214992910162554 -0.14189188486571117 -0.032588124962837202 -0.51666897585621918 -0.24599683297531294 0.053604073689918402 -0.021261242978671723 -0.12617230396814158 0.015421525763588753 -0.2634616841060361 -3.7316060492086245 0.080215033425528659 0.081014573658442793 0.080509160207103025 -0.062253420538104141 -0.019809462079409722 -0.29120381999551936 0.040965014640869483 -0.011012226209851974 0.083999369533938342 0.010170370562645088 -0.19681512628183928 0.0022607512938132798 -0.0048177839397128275 -0.11207818365771685 -0.042732989587057332 0.00014318273913118497 0.046522600866182019 -0.031415141997623713 0.077127816402842775 0.043195688068303151 -0.19460975278972445 0.082053092584880347 0.083534458926513386 0.070283065148667959 -0.073625388253490923 -0.0033588358201932745 0.0010223454001144735 -0.019738943420874976 0.39216904021496574 0.00836349254856039
leaf_weight=26.71642549572789 0.30002691317349561 8.6844926243211393 1.3989969299873326 0.78624782670522053 1.5669711162918272 2.965522283280734 1.27931810246082 0.96388694318011214 6.4268651785387192 13.189234078017764 8.094291422996319 16.964706541853957 0.85808583539619465 0.020985607581678667 0.030934403464925708 0.90532717988025979 0.30229340039659292 4.9518332403968088 7.0544682734180268 1.5670176037237968 64.048012297069363 3.2695291630225256 24.954125683172606 11.368627015312084 1.152458252632641 441.31964260581663 62.173811868233315 4.1094596314651417 20.281866495672148 315.18094510620722 20.818767832010053 3.2615223145912768 13.73600708376034 19.402131451888636 1.5854304319800574 0.41465328785852751 0.25035631904029287 3.3485528741584858 2.7072249466218636 1489.6953109653114 4013.2697985646682 127.57138775792009 0.32936273551786044 82.232059046444192
leaf_count=323188 15 562 32 55 98 83 71 96 426 2421 1213 1431 84 11 67 1510 95 153 67 31 2532 79 531 677 34 27558 2286 106 240 14274 226 221 7684 38704 102 252 132 475 101 43393 174782 33920 330 8114
internal_value=-5.31934e-05 0.00333113 0.00237212 -0.0254363 -0.0470098 -0.168115 -0.362691 0.0205755 -0.016275 -0.0317068 -0.0611597 0.00211968 0.0245891 -0.123546 -1.46049 -0.0775048 -0.31577 -0.0921919 0.00424382 -0.00192764 0.00798418 -0.120078 0.0531264 0.0608917 -0.0594362 0.00500536 0.0184135 0.00120588 1.98761e-05 -0.00244908 0.0297345 0.0296595 0.0582139 0.0152818 -0.0343928 -0.112361 -0.185088 0.0201035 -0.118309 -0.00069688 0.000236153 -0.0130854 -0.00809589 0.00989461
internal_weight=6831.51 1091.69 1044.57 65.8734 44.8463 5.03109 2.06557 21.0271 12.3426 39.8152 21.2835 18.5317 47.1235 1.55957 0.05192 1.50765 0.60232 5.91572 978.698 369.325 609.373 5.98901 37.7217 36.3228 4.42199 571.651 126.222 445.429 363.336 335.463 27.8732 45.564 15.2591 30.3049 10.9027 1.5231 1.10844 6.61008 4.29266 5739.81 4250.12 236.849 210.133 82.5614
internal_count=688462 104735 55282 6609 5372 209 126 1237 675 5163 3634 1529 49453 1698 78 1620 110 249 48673 14951 33722 144 1240 1208 113 32482 4818 27664 14807 14514 293 47755 8152 39603 899 468 216 696 203 583727 540334 365552 42364 8444
is_linear=0
shrinkage=0.08


Tree=175
num_leaves=45
num_cat=0
split_feature=8 4 7 3 6 1 3 6 7 10 7 1 6 0 3 1 6 3 7 3 4 2 3 8 3 2 1 2 8 8 6 6 7 1 3 2 6 3 8 6 6 8 8 8
split_gain=1.26924 3.56093 8.20788 3.62496 4.82383 3.21738 5.16091 4.75644 2.444 2.43518 2.12443 2.10164 2.01241 4.63191 6.00121 4.38315 5.63904 4.40452 4.92566 4.37019 6.52247 3.99184 3.97975 2.96255 4.58377 2.78204 2.48673 7.08762 2.70443 2.07866 2.06789 2.01134 1.42665 10.1541 10.7399 15.2925 10.6352 10.9137 6.23163 17.7402 12.0621 9.03305 6.59037 6.24106
threshold=0.93833011388778698 0.80909091234207164 0.95842933654785167 0.89699381589889537 0.19399641454219821 0.87007671594619762 0.87026646733284008 0.25866188108921057 0.9388999640941621 1.0000000180025095e-35 0.97570812702178966 0.92907443642616283 0.048003071919083602 0.9634092152118684 0.9529346525669099 0.94494947791099559 0.11834733933210374 0.95040982961654674 0.94555336236953746 0.51639783382415783 0.41428571939468389 0.94494947791099559 0.96590468287467968 0.957820624113083 0.91010102629661571 0.92907443642616283 0.92380261421203624 0.90501254796981823 0.957820624113083 0.95531892776489269 0.077677227556705489 0.037749288603663451 0.94151845574378978 0.86240702867507946 0.92403846979141246 0.88493064045906078 0.059411764144897468 0.8521554470062257 0.69710868597030651 0.82891985774040233 0.97619047760963451 0.65586885809898388 0.6683848798274995 0.31608681380748754
decision_type=2 2 2 2 2 2 2 2 2 2 2 2 2 2 2 2 2 2 2 2 2 2 2 2 2 2 2 2 2 2 2 2 2 2 2 2 2 2 2 2 2 2 2 2
left_child=32 12 3 4 -3 7 11 -4 -5 10 -8 -7 13 14 23 16 19 -17 -19 30 -21 31 -23 24 -2 -25 27 -18 -28 -20 -14 -16 -1 38 35 -35 -37 -38 39 42 -40 -41 43 -34
right_child=1 2 5 8 -6 6 9 -9 -10 -11 -12 -13 15 -15 21 17 26 18 29 20 -22 22 -24 25 -26 -27 28 -29 -30 -31 -32 -33 33 34 -36 36 37 -39 40 41 -42 -43 -44 -45
leaf_value=0.00011638434716504425 0.032006314753078857 0.091317539442369297 0.20953849276702977 -0.13302870051556723 0.46088121362598372 -0.14935054464208711 -0.038875120501907875 -0.027363505229450136 0.10174822409297463 0.092383421213900696 0.087088813627485648 0.080162621601270981 -0.074553127034363675 0.091910705146027616 -0.089277930159373714 0.083021255375492015 0.0020856131245389773 -0.42213129374910696 0.087685103761518127 0.067246664281577079 0.014826483831931832 0.091258361816435318 -0.11740418615164025 -0.024398746189880943 -0.045409437995818765 0.065960355101675749 0.094185184183279827 -0.057946307133695391 0.0031527449968994886 -0.11430292859043073 0.0034716351776503981 -0.20015413596613241 -0.04682554700118801 0.029485006525150247 0.04955197703198589 0.031893481009297148 -0.041410574589646969 -0.21223954211522425 -0.015717037163599522 -0.0095886257687449131 0.01254264310608374 0.053809044652855777 -0.041169365310577424 0.06463298038154465
leaf_weight=5091.7521686108275 21.361190416137109 0.49173068672826303 1.0528077709750499 0.30140799898072135 0.41836138698272407 2.1193725627235822 4.3077624920406379 1.1188245070079572 4.8500097583601018 1.8596753165693369 1.0696798168064559 0.29032063291742805 3.7253654245287162 2.767952809954294 3.7821408687304929 0.85613135715539002 551.41596924120677 0.313868454890326 0.3731443943397611 21.500851117525599 51.766982957837172 1.4069059670509889 1.0013420163231783 39.68701627595874 6.3499972074932876 2.3075090554193585 3.826851330464704 12.880846972038851 4.5983488330311957 2.5846982387738535 5.2200364265590906 1.4479848401388151 3.4774955060420316 25.096654042175942 45.738511853378441 4.1273427711057584 5.0958527299517282 4.5133382344793063 496.25120863243501 213.73695915464486 120.04904505968443 15.421395955258047 4.9208930454478823 42.631742052399204
leaf_count=591334 802 328 58 97 10 50 240 132 2310 9042 399 1372 51 753 80 361 22967 14 83 1343 2781 287 85 1895 390 601 383 1637 766 246 59 31 78 4179 19928 995 173 554 14825 1579 3655 217 148 1144
internal_value=-3.67905e-05 0.00305199 0.0383295 0.114015 0.261203 -0.000488411 -0.0202928 0.0874866 0.0880115 0.0134716 -0.0138184 -0.121699 0.00219865 -0.00977398 -0.013413 0.00365398 0.00417192 -0.0785243 -0.120797 0.0237646 0.0302095 -0.0807308 0.00449712 -0.00603632 0.0142666 -0.0194337 0.00135943 0.000715302 0.044501 -0.0888213 -0.0290222 -0.119975 -0.000421847 -0.00321529 0.0232834 -0.00765636 -0.0755136 -0.121647 -0.00571508 0.00417704 -0.0102123 -0.00532223 0.0468349 0.0562269
internal_weight=6829.87 757.055 17.88 6.06151 0.910092 11.8184 9.64681 2.17163 5.15142 7.23712 5.37744 2.40969 739.175 80.112 77.3441 659.063 654.935 4.12784 3.27171 82.2132 73.2678 7.63837 2.40825 69.7057 27.7112 41.9945 572.722 564.297 8.4252 2.95784 8.9454 5.23013 6072.81 981.06 84.5717 38.8332 13.7365 9.60919 896.489 280.188 616.3 229.158 51.0301 46.1092
internal_count=688462 49653 14038 2745 338 11293 11103 190 2407 9681 639 1422 35615 4924 4171 30691 29987 704 343 4234 4124 483 372 3688 1192 2496 25753 24604 1149 329 110 111 638809 47475 25829 5901 1722 727 21646 3166 18480 1796 1370 1222
is_linear=0
shrinkage=0.08


Tree=176
num_leaves=45
num_cat=0
split_feature=11 4 5 0 8 1 7 2 2 4 6 1 8 6 0 0 11 6 2 4 8 1 6 6 1 1 10 7 8 6 7 4 10 11 5 2 5 7 2 7 0 4 11 11
split_gain=2.07503 5.16282 7.04428 6.74589 9.09297 7.16215 6.80863 6.66142 5.90093 6.95705 8.23582 6.65095 12.0281 6.2706 6.87136 5.83065 5.7991 4.75582 8.42663 5.2074 7.89814 4.77419 4.71471 4.49675 4.4655 4.27085 3.94928 3.67744 4.37487 3.67116 3.65896 3.50982 3.49012 2.9397 3.17813 4.26443 2.90636 2.77491 2.45975 2.33858 2.33179 1.96161 4.01348 1.8596
threshold=0.92749181389808666 0.70714285969734203 1.0000000180025095e-35 0.95488464832305919 0.92113238573074352 0.61311829090118419 0.94349297881126415 0.63211598992347728 0.77003204822540294 0.58571431040763866 0.62115561962127697 0.8263767957687379 0.89672946929931652 0.086335405707359328 0.96590468287467968 0.91715687513351452 0.93045547604560863 0.059411764144897468 0.96051946282386791 0.73030304908752453 0.9631328582763673 0.74210175871849071 1.0000000180025095e-35 0.032795699313282974 0.7933771312236787 0.91922956705093395 0.35000000149011617 0.90957191586494457 0.90952175855636608 0.027402402833104137 0.99814125895500194 0.76388889551162731 0.75000000000000011 0.97016161680221569 1.0000000180025095e-35 0.75513628125190746 1.0000000180025095e-35 0.98636335134506237 0.61143791675567638 0.95263028144836437 0.94804319739341747 0.47727273404598242 0.9652337133884431 0.80284366011619579
decision_type=2 2 2 2 2 2 2 2 2 2 2 2 2 2 2 2 2 2 2 2 2 2 2 2 2 2 2 2 2 2 2 2 2 2 2 2 2 2 2 2 2 2 2 2
left_child=43 2 3 4 30 41 22 31 9 10 15 24 -13 14 16 -4 -10 33 19 20 -19 -21 -6 -8 -11 26 -15 29 -29 -7 -2 36 -12 34 35 -9 -3 39 -32 -33 -36 -5 -43 -1
right_child=1 7 8 5 6 27 23 17 13 11 32 12 -14 25 -16 -17 -18 18 -20 21 -22 -23 -24 -25 -26 -27 -28 28 -30 -31 38 37 -34 -35 40 -37 -38 -39 -40 -41 -42 42 -44 -45
leaf_value=0.0002155783612585384 0.083591177841798495 -0.031884677588789809 -0.10613146398988567 0.094290402520562214 -0.018995180877973267 0.084191042290908055 0.087713275260203546 -0.15895064268450856 0.04872314154686231 -0.0099107586169543838 -0.085195544133525522 0.04094260319031328 -0.37960197680243951 0.017776061707648564 0.087511929724913035 0.032094775378536639 -0.026141037353901664 -0.091315634952656405 -0.15195666718185785 0.041314118967813097 0.15156260073928252 -0.0047960121201437575 -0.21630715006001658 -0.021562117448403365 0.13388274772258515 0.077661215597775085 0.044136525692355523 0.007341406837710565 -0.052700111769981184 -0.093707128772703513 -0.24738767171698389 0.098698409516969204 0.01476526843110223 0.069608406954137877 -0.036421530699974426 0.037091546203733755 0.072562687237120491 -0.020161036087967502 0.013558801289659486 0.23393673317200073 0.044227993439357044 0.1537038687910354 -0.077968073241732536 -0.0030678901881376593
leaf_weight=4247.1238157628395 11.263216693245342 3.4272122781258059 2.005808286194223 3.2550088225834761 1.3738566240645043 0.79798347695032035 2.9397511945280739 1.4934190300409729 7.9827652872190802 110.88667062914465 6.2809007594914856 0.88598274285322876 0.85560625468497165 142.65141169575509 4.759315942945249 74.269372948911041 38.848833297633973 7.9497125654888787 2.4928094321949166 14.807268291740909 0.96041825733846042 487.75086404788817 1.7782022887840865 13.37670370750129 1.3996498461347062 10.18529728805879 48.823280675453134 12.987453704874495 19.321424934765673 10.658915242645888 0.24342115994659153 2.9269743042641494 3.4706671516541974 8.2586464434516511 2.9114222408097694 1.3539601400334502 3.3931207165587693 0.88029519701376546 4.6009873233706458 1.1359230414964256 10.82581268017384 0.7049864471482582 1.4901979690766891 1491.6062682321353
leaf_count=540334 639 50 71 566 39 88 448 399 442 3101 152 47 86 1923 1617 3324 5693 189 92 289 252 19776 36 968 27 2772 9463 831 4225 266 33 443 999 29614 117 815 43 316 553 200 13516 12 203 43393
internal_value=-3.04034e-05 0.0031717 0.00874434 -0.0124196 0.0141207 -0.0316044 -0.0226679 -0.00227472 0.0127031 0.00243345 0.0196093 -0.0105246 -0.165662 0.0208156 -0.00407255 0.0284598 -0.0133799 -0.00357495 -0.0052274 -0.00451226 -0.0651359 -0.00343743 -0.130307 -0.00187387 -0.00811837 0.0271827 0.0244976 -0.0423739 -0.0285648 -0.0813164 0.0585853 0.0572798 -0.0496186 0.030611 0.0111915 -0.0657304 0.020078 0.108609 0.000446799 0.136509 0.0271354 0.0548765 -0.00356632 -0.000637858
internal_weight=6827.4 1088.67 538.098 84.7921 35.5761 49.216 19.4685 550.568 453.306 200.055 86.0267 114.028 1.74159 253.251 51.5909 76.2752 46.8316 538.804 513.961 511.468 8.91013 502.558 3.15206 16.3165 112.286 201.66 191.475 43.7658 32.3089 11.4569 16.1076 11.7635 9.75157 24.8433 16.5846 2.84738 6.82033 4.94319 4.84441 4.0629 13.7372 5.45019 2.19518 5738.73
internal_count=688462 104735 38624 8907 2716 6191 1491 66111 29717 7807 4546 3261 133 21910 7752 3395 6135 65059 20598 20506 441 20065 75 1416 3128 14158 11386 5410 5056 354 1225 1052 1151 44461 14847 1214 93 959 586 643 13633 781 215 583727
is_linear=0
shrinkage=0.08


Tree=177
num_leaves=45
num_cat=0
split_feature=3 0 3 0 6 4 4 6 3 2 4 0 5 7 6 3 6 2 0 2 2 0 2 11 6 7 4 6 2 2 2 10 0 7 7 11 11 11 7 2 6 6 11 2
split_gain=1.95033 9.6536 8.0832 7.1569 6.86327 5.15748 5.08605 12.7938 14.5199 12.9968 8.69124 7.90373 11.3251 10.543 9.54954 8.76077 50.8502 13.4939 12.8951 23.6578 13.2211 7.25999 7.13327 6.58199 6.54922 6.19228 7.7689 5.49319 5.77865 4.92263 4.7146 4.54811 3.95809 3.92966 5.65189 3.68371 3.63569 3.48967 7.33929 3.38377 4.68195 4.35701 7.11279 14.8106
threshold=0.98571136593818676 0.93957647681236278 0.97332859039306652 0.97801932692527782 0.12158167362213136 0.30384616553783422 0.72077924013137828 0.11583184450864793 0.88047617673873912 0.84660634398460399 0.86190477013587963 0.95488464832305919 1.0000000180025095e-35 0.22660961002111438 1.0000000180025095e-35 0.95040982961654674 0.045983087271451957 0.91545844078063976 0.92718276381492626 0.85857143998146068 0.88998898863792431 0.97332859039306652 0.89512962102890026 0.95835033059120189 0.38138528168201452 0.60894551873207103 0.88194444775581371 0.060915276408195503 0.87841832637786876 0.96590468287467968 0.54261502623558056 0.35000000149011617 0.96178188920021068 0.30816714465618139 0.95842933654785167 0.58305576443672191 0.98100250959396373 0.91113868355751049 0.91388580203056347 0.92031747102737438 0.14854215830564502 0.13100686669349673 0.99347805976867687 0.92380261421203624
decision_type=2 2 2 2 2 2 2 2 2 2 2 2 2 2 2 2 2 2 2 2 2 2 2 2 2 2 2 2 2 2 2 2 2 2 2 2 2 2 2 2 2 2 2 2
left_child=2 5 6 4 -3 30 11 8 27 10 23 15 14 21 -13 18 31 -18 20 -20 -1 -14 -16 -9 -15 -11 -27 28 -8 32 -2 -17 37 -10 -35 -31 -29 38 -4 40 -5 -41 -43 -44
right_child=1 3 29 39 -6 -7 7 9 33 25 -12 12 13 24 22 16 17 -19 19 -21 -22 -23 -24 -25 -26 26 -28 36 -30 35 -32 -33 -34 34 -36 -37 -38 -39 -40 41 -42 42 43 -45
leaf_value=-0.0014237169732368429 0.072787625055955318 -0.17616326740316357 -0.058722351559735805 0.044072371444061183 0.08306778719039043 0.067976042034371784 -0.015676293892869203 -0.034651661906580346 0.024597052015576142 -0.09523085213977607 0.07591582212659749 0.049868106698326427 0.045898711784471871 0.06945858919599901 -0.018958485275636022 -0.074414869086981056 -0.016426874894947763 0.032433894777855049 0.063792953538317487 -0.00074951482811329946 0.021239616348975858 -0.016434396421252013 -0.11138399087555233 0.0055578208810545026 0.0027912662863874373 -0.045149952573256213 0.11116156830044256 0.087915483735336461 -0.24751757055623461 -0.14677920140961889 -0.11368472570314049 -0.14128777007112103 -0.15967449924215874 0.10039345950891607 -0.045397661553393497 0.066346167819069754 -0.064664035001109885 0.0012743465234930657 -0.33127000431216203 -0.00045562636957194216 0.0035591643770461396 -0.018489881633236935 -0.67792452396777902 0.080787003015778722
leaf_weight=3782.4781236854201 1.4854123269760777 2.6509406134664455 11.905088831586006 18.494508545027202 0.86754781861964136 20.610911606578156 48.244864117241377 49.098160341596667 11.947642238310438 16.339377896318183 7.4861258719756725 9.2218725004349817 18.497585595119745 44.724881922598797 19.287687855189692 45.113908222503596 73.236868632552614 71.480905364493083 57.494623353025418 98.813951036406252 172.24177941253811 33.828276549531438 7.3925527186829632 55.512467246793676 11.950604437153741 43.83418541320134 2.1340379157991256 5.298302353876351 0.69801260991152858 0.61055463179945846 2.0868631127441404 7.6063845968601518 2.3449275603379638 15.377314598943487 1.9135893771654071 3.4625569197560253 1.2318611249211242 5.9242787930998011 0.66780866184854026 541.54277075418941 1417.5196421037581 76.843112023845606 0.31575930774124472 0.34411767611163668
leaf_count=487541 201 129 673 1104 79 1457 8295 2657 196 1728 358 817 209 5747 2274 1813 4978 5406 3052 6368 9800 233 399 687 1077 546 336 155 24 5 464 680 111 2661 1197 361 90 296 34 62159 68287 3048 200 334
internal_value=0.000304387 0.0023447 -0.000592621 0.00175438 -0.112245 0.0525954 -0.000352341 -0.011248 0.0142585 -0.023637 -0.00735516 0.000281614 0.018659 0.0314946 -0.0203108 -0.000336459 -0.0167976 0.00770708 0.00045411 0.022991 -0.00043665 0.00560083 -0.0445677 -0.0133142 0.0554011 -0.0529294 -0.0378933 -0.00978719 -0.0189828 -0.0460395 -0.0361464 -0.0840632 -0.0617594 0.0598794 0.0842587 0.0343989 0.0591326 -0.0493465 -0.0731987 0.00194956 0.00408094 -0.00299464 -0.0207357 -0.282266
internal_weight=6820.16 2082.76 4737.4 2058.58 3.51849 24.1832 4712.49 259.116 84.7116 174.404 112.097 4453.37 144.903 109.001 35.9021 4308.47 197.438 144.718 4111.03 156.309 3954.72 52.3259 26.6802 104.611 56.6755 62.3076 45.9682 55.473 48.9429 24.9152 3.57228 52.7203 20.8421 29.2385 17.2909 4.07311 6.53016 18.4972 12.5729 2055.06 1436.01 619.046 77.503 0.659877
internal_count=688266 137462 550804 135340 208 2122 549324 18930 12618 6312 3702 530394 10756 7266 3490 519638 12877 10384 506761 9420 497341 442 2673 3344 6824 2610 882 8564 8319 1480 665 2493 1114 4054 3858 366 245 1003 707 135132 69391 65741 3582 534
is_linear=0
shrinkage=0.08


Tree=178
num_leaves=45
num_cat=0
split_feature=3 0 3 0 4 4 4 6 1 6 4 3 8 0 6 1 0 4 3 6 1 2 0 5 1 6 3 2 5 3 3 2 7 3 1 2 7 0 3 0 2 1 6 6
split_gain=1.65418 8.57203 6.78453 5.83316 5.72139 4.8549 4.3181 10.9848 12.1837 13.7778 11.957 11.5366 10.9017 6.81633 10.4078 13.8132 11.5915 8.51017 7.43155 43.0067 13.3154 11.1393 14.7982 10.4708 7.72058 6.77247 5.6113 5.31939 4.88014 4.61958 4.41525 4.15071 5.04852 4.31447 3.52021 3.46718 4.0668 3.94187 3.43578 3.05237 2.95599 2.8571 4.0726 3.59846
threshold=0.98571136593818676 0.93957647681236278 0.97332859039306652 0.97801932692527782 0.61250001192092907 0.36931818723678594 0.72077924013137828 0.11483516544103624 0.81530213356018078 0.31643131375312811 0.88194444775581371 0.88047617673873912 0.5397799313068391 0.95488464832305919 0.37965516746044164 0.8263767957687379 0.98076212406158458 0.58571431040763866 0.95040982961654674 0.045983087271451957 0.88273492455482494 0.88998898863792431 0.92637759447097789 1.0000000180025095e-35 0.79784947633743297 0.077677227556705489 0.81530213356018078 0.93582704663276683 1.0000000180025095e-35 0.71010184288024913 0.81892696022987377 0.9495762586593629 0.37053000926971441 0.97700846195220958 0.77459675073623668 0.87841832637786876 0.30816714465618139 0.94804319739341747 0.98213717341423046 0.87428161501884472 0.77303028106689464 0.92031747102737438 0.14854215830564502 0.13100686669349673
decision_type=2 2 2 2 2 2 2 2 2 2 2 2 2 2 2 2 2 2 2 2 2 2 2 2 2 2 2 2 2 2 2 2 2 2 2 2 2 2 2 2 2 2 2 2
left_child=2 5 6 4 -3 39 13 11 9 34 12 25 -10 18 15 40 -17 28 21 24 -21 22 -1 -23 -20 29 -11 -12 -16 -8 -19 33 38 -4 -9 36 -13 -37 -33 -2 -15 42 -5 -43
right_child=1 3 31 41 -6 -7 7 8 10 26 27 35 -14 14 17 16 -18 30 19 20 -22 23 -24 -25 -26 -27 -28 -29 -30 -31 -32 32 -34 -35 -36 37 -38 -39 -40 -41 -42 43 -44 -45
leaf_value=-0.0013474884975214982 0.01317481127332633 -0.15666305766606883 -0.10740074245340343 0.041468010215032151 0.077254790762562461 0.073544807636758303 -0.078436965344880219 0.168343473996384 -0.086223966851705441 0.032102335785761341 0.056667941445972189 0.034914784387672981 -0.028854845164933585 0.096048523678476258 -0.072031193076685915 0.031531615823495181 -0.031134782728044985 -0.029751394279668237 0.13828234888370713 -0.020128252574583675 0.028852792037951533 -0.02699394491970537 0.034956809132861436 0.022531415417585 -0.081684329756861851 0.092529257434455572 -0.031480494899853675 -0.16340137792428322 0.054047056412980118 -0.0064867721781002577 -0.1191784657180297 -0.020561417341638841 0.048120991315787467 -0.022190149669662644 0.063822659604769502 -0.0661884132850422 0.11452046499007308 0.046108043759488744 -0.18014614711255866 -0.15021819473125209 0.048696018772264357 -0.0004190771085411225 0.0032787522495707957 -0.018751081014980086
leaf_weight=3778.9018735390773 5.732977493601541 2.7470155402133964 8.2367242619334338 18.100332849211554 0.88472569631448994 16.620575194203411 6.554905341103221 2.7243519818130144 28.523542019711385 13.117518370627293 10.712205947322214 7.4974063864865519 82.557093316114333 15.615739383876642 2.5762309355304742 54.927181787217705 28.793671633476151 7.8826455700818769 1.041808844427577 63.811217115866384 80.117682592688652 31.079220403310501 73.250523391650859 225.96611308955835 51.653907994571455 3.9863871644447491 27.518246936479045 0.75231480558432018 8.2796586994536483 44.36435819802864 6.4041246568649512 2.8646491206327465 5.6108485251097591 7.0648086150026748 8.4857068488126952 2.5542363250442568 9.0829744822040066 9.2289241201906389 1.2359419207823519 0.83878913503849606 18.353598364064965 541.6628592847992 1415.72922869785 78.455175235154456
leaf_count=487408 793 120 360 1104 88 1278 858 70 3434 422 689 141 1109 750 934 5131 1694 554 146 4696 5688 2514 3633 13206 2347 177 471 7 562 7511 390 74 660 355 134 69 3094 744 31 51 741 62159 68287 3582
internal_value=0.000284829 0.00216466 -0.000541896 0.00161952 -0.0996785 0.050529 -0.000321044 -0.01039 -0.0218042 0.0107052 -0.0355581 0.0135146 -0.0435862 0.000262139 0.0174557 0.0274371 0.00997909 -0.0292662 -0.000308205 -0.0155018 0.00713693 0.000418808 -0.000657145 0.0165433 -0.0773355 -0.00788755 -0.0109555 0.0422267 0.0241272 -0.015749 -0.0698376 -0.0420962 -0.00118951 -0.0680585 0.0892241 0.0549446 0.0785239 0.0217655 -0.0686612 -0.0076799 0.070464 0.00179863 0.00376084 -0.00273838
internal_weight=6812.1 2080.77 4731.33 2057.58 3.63174 23.1923 4706.32 257.66 174.391 51.8458 122.545 83.2692 111.081 4448.66 142.833 117.69 83.7209 25.1427 4305.82 196.625 143.929 4109.2 3852.15 257.045 52.6957 54.9057 40.6358 11.4645 10.8559 50.9193 14.2868 25.013 9.71144 15.3015 11.2101 28.3635 16.5804 11.7832 4.10059 6.57177 33.9693 2053.95 1433.83 620.118
internal_count=688266 137462 550804 135340 208 2122 549324 18930 6336 1097 5239 12594 4543 530394 10756 8316 6825 2440 519638 12877 10384 506761 491041 15720 2493 8546 893 696 1496 8369 944 1480 765 715 204 4048 3235 813 105 844 1491 135132 69391 65741
is_linear=0
shrinkage=0.08


Tree=179
num_leaves=45
num_cat=0
split_feature=11 4 6 4 4 10 8 6 6 8 5 8 11 8 6 4 6 4 6 3 7 11 7 6 11 11 4 6 3 3 3 4 11 4 3 8 8 6 3 3 7 10 7 8
split_gain=1.5056 6.25747 8.24152 11.5429 21.33 5.78153 9.37612 4.41134 6.61986 4.13542 4.12453 8.65555 5.60358 8.48813 6.42801 5.50946 5.07636 4.59837 4.1552 7.04259 2.53723 5.66919 2.46888 2.43525 2.05497 6.1801 5.41399 5.3079 8.40927 4.62613 13.2012 6.36698 14.127 13.7796 10.4389 6.09791 9.28363 6.11039 5.75895 4.04209 6.56246 11.9416 6.49684 5.91024
threshold=0.9652337133884431 0.41428571939468389 0.54631218314170849 0.61250001192092907 0.58571431040763866 1.0000000180025095e-35 0.90952175855636608 0.56306818127632152 0.59491634368896495 0.94715359807014476 1.0000000180025095e-35 0.8657626509666444 0.98671081662178051 0.88249102234840404 0.14160401374101642 0.58571431040763866 0.058257918804883964 0.76388889551162731 0.38529014587402349 0.99397590756416332 0.97035562992095958 0.98100250959396373 0.97881317138671886 0.53907206654548656 0.5293216109275819 0.53067356348037731 0.63068181276321422 0.10990338027477266 0.88047617673873912 0.39173060655593878 0.38529014587402349 0.064583335071802153 0.71458193659782421 0.16025641560554507 0.5604878067970277 0.92337051033973705 0.69710868597030651 0.24780701845884326 0.49205549061298376 0.68457102775573742 0.55585265159606945 0.75000000000000011 0.50872123241424572 0.39258070290088659
decision_type=2 2 2 2 2 2 2 2 2 2 2 2 2 2 2 2 2 2 2 2 2 2 2 2 2 2 2 2 2 2 2 2 2 2 2 2 2 2 2 2 2 2 2 2
left_child=24 -2 10 4 7 -6 -7 9 -9 -4 11 20 14 -14 -13 18 -17 -18 19 -12 21 -3 -22 -20 39 26 27 -26 -29 30 35 32 38 -33 -35 36 -27 -37 -31 40 43 -42 -41 -1
right_child=1 2 3 -5 5 6 -8 8 -10 -11 15 12 13 -15 -16 16 17 -19 23 -21 22 -23 -24 -25 25 29 -28 28 -30 31 -32 33 -34 34 -36 37 -38 -39 -40 42 41 -43 -44 -45
leaf_value=-0.0057115216850660488 0.072606661139472395 0.025833085741214318 -0.078361064445157572 0.07944587077055866 -0.15197269208706254 -0.68527001991082725 -0.23719577548010495 0.066719859072077017 -0.060945633160170418 -0.30471063381928376 0.10611778195812932 0.0078921781611339722 -0.20799789115856115 0.017421952931436776 -0.075362004172652541 0.062531684285136752 0.0094577469755126372 -0.011101622812283588 0.064469042330991586 -0.052332512765783115 -0.10399963616784634 0.1604235706814649 0.042564684763594991 -0.062223494420153583 -0.11130269949455668 0.045037377156154176 0.16783690023803768 -0.075168976108365579 0.060203795821889797 -0.0046396987697907132 -0.12912967393884262 -0.069643622682375173 0.081178266152150264 0.045224501702351046 -0.0012155260466259082 -0.035371012833062258 -0.039492584947147205 0.019845478593468649 0.018572100987813124 0.0086383137782258482 0.085851968915012955 0.0011774058118607632 0.097092398159551202 -0.046325396147604073
leaf_weight=70.218715431176861 8.4853262715696456 7.0182308188086591 3.4855664002243492 3.8797698150156057 0.82962866872549001 0.51532819936983265 0.71160946419695392 4.0639876188361068 7.2133154417824699 0.60646439540141717 2.5308755321093503 8.3139202230922837 1.1361499501326786 18.1082070186294 20.745708464179188 9.8136355237929802 273.83575879031559 93.363108014829777 21.579694877262231 6.1765147533878917 1.2789652703359016 2.8028895434035803 1.7312676882138476 1.0167552485363547 6.6779036807147412 9.7388412490990941 0.73236216977238555 7.5934451237462763 4.7889667726230982 140.60847338743542 6.2002906325360518 18.72217435363018 17.307772997031861 31.224229374564857 3921.8827211298626 16.864419275894761 56.885769820655696 53.571695845283102 133.22183690986458 334.33450189972154 10.739966659377385 1423.053303352106 5.4001436487014862 34.052383952443961
leaf_count=118461 1887 720 102 119 4 13 58 299 473 130 506 1618 150 5834 505 30800 16935 4800 1541 574 64 212 610 31 621 165 4 1851 80 1859 119 16184 5084 5909 328611 160 566 393 7952 44233 3460 24115 266 60188
internal_value=0.000264259 0.00449326 0.00331556 -0.0453485 -0.0731331 -0.315093 -0.425392 -0.0407565 -0.014939 -0.111907 0.00552414 -0.013855 -0.0293694 0.0041136 -0.0515431 0.00842569 0.00574795 0.00423037 0.0406753 -0.00627761 0.0445496 0.0642444 -0.0197065 0.0587684 -7.06644e-05 -0.00101149 -0.0456143 -0.0538158 -0.0228128 -0.000811133 -0.0149514 -0.000335937 0.0110835 -0.00117299 -0.000848712 -0.00978625 -0.0271364 0.00662507 0.00665313 0.00214688 0.000402462 0.00181167 0.0100443 -0.018975
internal_weight=6803.06 499.243 490.757 21.3057 17.4259 2.05657 1.22694 15.3693 11.2773 4.09203 469.452 61.1353 48.304 19.2444 29.0596 408.316 377.013 367.199 31.3038 8.70739 12.8314 9.82112 3.01023 22.5965 6303.82 4426.02 19.7927 19.0603 12.3824 4406.23 143.261 4262.97 291.138 3971.83 3953.11 137.061 66.6246 70.4361 273.83 1877.8 1538.06 1433.79 339.735 104.271
internal_count=688266 67985 66098 1198 1079 75 71 1004 772 232 64900 9713 8107 5984 2123 55187 52535 21735 2652 1080 1606 932 674 1572 620281 369558 2556 2552 1931 367002 1403 365599 14895 350704 334520 1284 731 553 9811 250723 206224 27575 44499 178649
is_linear=0
shrinkage=0.08


end of trees

feature_importances:
name_token_jaccard=1111
name_partial_ratio=933
name_levenshtein_ratio=812
addr_token_set_ratio=805
name_len_diff_ratio=734
name_token_sort_ratio=670
addr_token_sort_ratio=595
addr_num_overlap=584
name_token_set_ratio=535
combined_score=528
source_is_s3=386
name_first_tok_match=224
addr_is_empty=3

parameters:
[boosting: gbdt]
[objective: binary]
[metric: binary_logloss]
[tree_learner: serial]
[device_type: cpu]
[data_sample_strategy: bagging]
[data: ]
[valid: ]
[num_iterations: 180]
[learning_rate: 0.08]
[num_leaves: 45]
[num_threads: -1]
[seed: 42]
[deterministic: 0]
[force_col_wise: 0]
[force_row_wise: 0]
[histogram_pool_size: -1]
[max_depth: 7]
[min_data_in_leaf: 30]
[min_sum_hessian_in_leaf: 0.001]
[bagging_fraction: 0.85]
[pos_bagging_fraction: 1]
[neg_bagging_fraction: 1]
[bagging_freq: 3]
[bagging_seed: 400]
[bagging_by_query: 0]
[feature_fraction: 0.85]
[feature_fraction_bynode: 1]
[feature_fraction_seed: 30056]
[extra_trees: 0]
[extra_seed: 12879]
[early_stopping_round: 0]
[early_stopping_min_delta: 0]
[first_metric_only: 0]
[max_delta_step: 0]
[lambda_l1: 0]
[lambda_l2: 0]
[linear_lambda: 0]
[min_gain_to_split: 0]
[drop_rate: 0.1]
[max_drop: 50]
[skip_drop: 0.5]
[xgboost_dart_mode: 0]
[uniform_drop: 0]
[drop_seed: 17869]
[top_rate: 0.2]
[other_rate: 0.1]
[min_data_per_group: 100]
[max_cat_threshold: 32]
[cat_l2: 10]
[cat_smooth: 10]
[max_cat_to_onehot: 4]
[top_k: 20]
[monotone_constraints: ]
[monotone_constraints_method: basic]
[monotone_penalty: 0]
[feature_contri: ]
[forcedsplits_filename: ]
[refit_decay_rate: 0.9]
[cegb_tradeoff: 1]
[cegb_penalty_split: 0]
[cegb_penalty_feature_lazy: ]
[cegb_penalty_feature_coupled: ]
[path_smooth: 0]
[interaction_constraints: ]
[verbosity: -1]
[saved_feature_importance_type: 0]
[use_quantized_grad: 0]
[num_grad_quant_bins: 4]
[quant_train_renew_leaf: 0]
[stochastic_rounding: 1]
[linear_tree: 0]
[max_bin: 255]
[max_bin_by_feature: ]
[min_data_in_bin: 3]
[bin_construct_sample_cnt: 200000]
[data_random_seed: 175]
[is_enable_sparse: 1]
[enable_bundle: 1]
[use_missing: 1]
[zero_as_missing: 0]
[feature_pre_filter: 1]
[pre_partition: 0]
[two_round: 0]
[header: 0]
[label_column: ]
[weight_column: ]
[group_column: ]
[ignore_column: ]
[categorical_feature: ]
[forcedbins_filename: ]
[precise_float_parser: 0]
[parser_config_file: ]
[objective_seed: 16083]
[num_class: 1]
[is_unbalance: 0]
[scale_pos_weight: 1]
[sigmoid: 1]
[boost_from_average: 1]
[reg_sqrt: 0]
[alpha: 0.9]
[fair_c: 1]
[poisson_max_delta_step: 0.7]
[tweedie_variance_power: 1.5]
[lambdarank_truncation_level: 30]
[lambdarank_norm: 1]
[label_gain: ]
[lambdarank_position_bias_regularization: 0]
[eval_at: ]
[multi_error_top_k: 1]
[auc_mu_weights: ]
[num_machines: 1]
[local_listen_port: 12400]
[time_out: 120]
[machine_list_filename: ]
[machines: ]
[gpu_platform_id: -1]
[gpu_device_id: -1]
[gpu_device_id_list: ]
[gpu_use_dp: 0]
[num_gpu: 1]

end of parameters

pandas_categorical:null
